source,target
1,2
1,16
1,49
1,71
1,5
1,29
2,3
2,25
2,86
2,100
2,60
3,4
3,34
3,127
3,17
3,86
3,133
3,156
3,160
3,161
4,125
4,28
4,127
4,181
4,217
5,8
5,71
5,131
5,32
5,120
5,170
5,191
5,215
5,220
6,127
6,44
6,75
6,138
6,193
6,232
6,200
6,223
6,236
7,16
7,76
7,140
7,35
7,89
7,126
7,177
7,201
7,224
7,191
7,230
8,79
8,43
8,94
8,139
8,151
8,188
8,242
8,249
8,170
8,207
9,21
9,33
9,87
9,166
9,203
9,220
9,230
9,252
9,254
10,104
10,86
10,152
10,221
10,232
10,253
10,255
10,256
10,165
11,19
11,53
11,83
11,60
11,161
11,236
11,244
11,261
11,265
11,267
11,172
12,47
12,51
12,101
12,157
12,227
12,269
13,23
13,127
13,100
13,45
13,178
13,253
13,187
13,257
13,283
13,285
14,18
14,49
14,109
14,64
14,198
14,249
14,220
14,258
14,290
14,297
15,273
15,302
15,311
15,211
16,125
16,71
16,260
16,149
16,201
16,242
16,280
16,319
17,28
17,74
17,110
17,156
17,206
17,283
17,316
17,324
17,219
17,287
18,27
18,73
18,208
18,249
18,284
18,319
18,326
18,154
19,123
19,86
19,134
19,217
19,293
19,301
19,334
19,335
19,236
20,30
20,129
20,153
20,247
20,303
20,341
21,147
21,29
21,82
21,306
21,319
21,344
21,352
21,174
21,230
22,71
22,154
22,252
22,297
22,328
22,354
22,357
22,274
22,318
23,36
23,70
23,181
23,322
23,156
23,253
23,330
23,355
23,360
23,363
24,167
24,310
24,343
24,378
25,34
25,44
25,155
25,335
25,267
25,348
25,376
26,45
26,199
26,255
26,339
26,169
26,270
26,350
26,377
27,85
27,180
27,284
27,332
27,305
27,354
27,403
28,104
28,84
28,355
28,404
28,405
28,283
29,120
29,201
29,306
29,358
29,437
29,289
30,93
30,51
30,303
30,395
30,381
30,430
30,438
30,440
30,182
31,123
31,136
31,291
31,382
31,439
31,441
31,200
31,304
32,43
32,220
32,412
32,421
32,468
33,58
33,135
33,423
33,463
33,469
33,252
33,310
34,69
34,110
34,418
34,476
34,480
34,161
34,226
34,335
34,436
35,71
35,112
35,230
35,337
35,437
35,470
35,477
35,325
35,421
36,148
36,262
36,330
36,342
36,482
36,486
37,64
37,239
37,446
37,478
37,263
37,375
37,434
38,76
38,122
38,352
38,483
38,378
38,437
38,493
39,332
39,379
39,494
39,150
40,75
40,119
40,152
40,218
40,333
40,439
40,496
40,240
40,350
40,482
41,155
41,221
41,334
41,441
41,496
41,169
41,244
41,353
41,453
41,486
41,499
42,273
42,335
42,443
42,246
42,456
42,499
42,172
43,52
43,249
43,462
43,492
43,501
43,274
44,69
44,164
44,236
44,348
44,456
44,508
44,510
44,364
45,70
45,165
45,238
45,283
45,350
45,459
45,510
46,71
46,471
46,505
46,512
46,166
46,284
46,352
46,400
46,463
47,65
47,153
47,340
47,386
47,454
47,487
47,519
47,520
47,269
48,85
48,140
48,259
48,379
48,446
48,483
48,357
48,470
48,521
48,528
48,289
49,260
49,447
49,358
49,529
49,170
49,290
50,84
50,138
50,291
50,360
50,473
50,523
50,530
50,531
50,257
50,377
50,482
51,141
51,381
51,475
51,534
52,77
52,478
52,494
52,529
52,535
52,297
53,88
53,481
53,496
53,531
53,195
53,265
54,147
54,391
54,483
54,497
54,533
54,176
54,422
55,151
55,276
55,400
55,469
55,504
55,539
55,305
55,378
55,434
55,492
55,546
56,204
56,279
56,402
56,507
56,541
56,554
56,381
56,498
56,553
57,101
57,173
57,294
57,371
57,487
57,551
57,292
57,415
57,485
57,524
57,550
58,67
58,159
58,284
58,478
58,503
58,521
58,558
58,318
58,389
59,322
59,393
59,523
59,560
59,211
59,283
59,408
60,86
60,195
60,267
60,324
60,399
60,510
60,412
60,557
61,97
61,166
61,286
61,528
61,558
61,568
61,325
61,511
62,199
62,273
62,330
62,404
62,523
62,419
62,532
62,563
62,571
62,287
63,89
63,423
63,494
63,533
63,564
63,573
63,197
63,328
63,403
63,462
63,521
64,73
64,170
64,297
64,434
64,501
64,538
64,572
64,468
64,583
65,186
65,320
65,394
65,454
65,517
65,449
65,513
65,577
65,578
65,313
66,115
66,520
66,551
66,579
66,580
66,183
66,315
66,452
66,516
67,94
67,447
67,512
67,478
67,539
67,587
67,592
67,213
67,343
67,422
68,303
68,444
68,540
68,553
68,588
68,593
68,595
68,345
68,424
69,218
69,293
69,436
69,549
69,600
69,601
69,244
69,312
69,456
69,561
70,221
70,296
70,355
70,439
70,601
70,246
70,316
70,459
70,563
70,597
70,604
71,79
71,319
71,463
71,529
71,564
71,601
71,220
71,354
71,437
71,492
72,98
72,247
72,464
72,554
72,565
72,598
72,603
72,606
72,222
72,299
72,440
73,122
73,188
73,326
73,469
73,535
73,573
73,601
73,357
73,445
73,501
73,558
74,104
74,119
74,360
74,448
74,560
74,601
74,610
74,187
74,324
74,467
74,571
75,107
75,232
75,302
75,563
75,612
75,616
76,125
76,471
76,504
76,564
76,614
76,230
77,87
77,198
77,332
77,478
77,546
77,572
77,586
77,613
77,618
77,511
78,114
78,205
78,341
78,490
78,596
78,621
78,628
78,381
78,472
78,588
79,113
79,559
79,623
79,627
79,249
79,380
79,529
79,587
80,102
80,235
80,520
80,581
80,634
80,635
80,227
80,366
80,514
80,578
81,136
81,476
81,590
81,600
81,643
81,646
81,211
81,265
81,348
81,499
82,140
82,120
82,214
82,352
82,502
82,601
82,477
82,591
82,626
82,645
82,389
83,123
83,138
83,393
83,480
83,594
83,601
83,629
83,646
83,648
83,212
83,267
83,350
84,253
84,482
84,597
84,649
84,653
85,124
85,505
85,574
85,483
85,539
85,638
85,651
85,252
86,127
86,144
86,255
86,335
86,404
86,601
86,510
86,612
86,649
86,656
86,219
87,147
87,126
87,512
87,584
87,601
87,614
87,651
87,254
87,403
87,493
87,546
88,128
88,256
88,339
88,405
88,496
88,604
88,616
88,653
88,656
88,661
89,149
89,224
89,521
89,586
89,658
90,130
90,406
90,499
90,661
90,662
90,364
90,617
91,526
91,655
91,611
91,668
92,103
92,231
92,373
92,529
92,592
92,659
92,263
92,410
92,558
92,613
92,666
93,141
93,537
93,636
93,522
93,621
93,670
93,678
93,277
93,356
93,430
94,109
94,242
94,380
94,539
94,601
94,572
94,622
94,672
94,680
94,274
95,148
95,282
95,439
95,530
95,629
95,545
95,649
95,679
95,684
95,248
95,388
96,167
96,249
96,390
96,546
96,680
96,583
96,625
97,145
97,391
97,547
97,651
97,681
97,685
97,281
97,437
97,528
97,626
98,303
98,397
98,554
98,644
98,654
98,692
98,698
98,374
98,534
99,152
99,448
99,646
99,169
99,399
99,684
100,156
100,285
100,376
100,649
100,557
100,686
101,269
101,427
101,524
101,577
101,631
101,694
101,420
101,624
102,137
102,271
102,428
102,525
102,578
102,632
102,694
102,695
103,559
103,688
103,286
103,592
103,651
103,705
103,154
104,652
104,690
104,175
104,253
104,404
104,560
104,660
105,158
105,377
105,453
105,653
106,585
106,640
106,428
106,579
106,635
106,671
106,701
106,702
106,269
107,291
107,543
107,710
107,312
107,563
108,293
108,382
108,544
108,710
108,316
108,566
108,713
109,260
109,574
109,627
109,601
109,659
109,709
109,717
109,162
109,297
109,465
110,556
110,721
110,723
110,414
110,677
110,713
111,168
111,473
111,560
111,723
111,419
111,679
112,423
112,681
112,716
112,470
112,558
112,722
113,587
113,651
113,729
113,305
113,613
113,672
114,184
114,266
114,430
114,588
114,683
114,720
114,733
114,737
114,475
114,673
115,157
115,288
115,460
115,551
115,664
115,694
115,727
115,731
115,455
116,188
116,435
116,685
116,477
116,568
116,675
116,722
117,480
117,676
117,723
117,187
117,270
117,433
117,684
118,665
118,699
118,735
118,457
119,175
119,311
119,406
119,482
119,571
119,679
119,726
119,739
119,686
120,139
120,191
120,275
120,437
120,591
120,687
120,728
120,740
121,276
121,592
121,729
121,618
121,680
121,309
122,688
122,730
122,483
122,573
122,619
122,681
122,741
122,174
122,310
123,690
123,193
123,278
123,335
123,439
123,594
124,280
124,659
124,622
124,742
124,318
125,623
125,743
125,319
126,146
126,201
126,284
126,601
126,666
126,687
126,708
126,742
126,748
126,325
126,625
127,181
127,327
127,418
127,690
127,601
127,744
127,750
127,751
127,200
127,283
127,348
128,425
128,589
128,693
128,710
128,751
128,753
128,202
128,350
128,453
128,604
129,204
129,606
129,712
129,746
129,429
129,698
129,182
130,590
130,753
130,353
130,456
130,713
131,151
131,463
131,716
131,503
131,591
132,205
132,458
132,608
132,714
132,747
132,506
132,593
132,706
133,333
133,436
133,612
133,766
133,287
134,334
134,439
134,710
134,616
134,766
134,769
135,214
135,469
135,711
135,722
135,511
136,190
136,335
136,441
136,600
136,713
136,724
136,769
136,772
136,617
137,637
137,701
137,767
137,314
137,489
137,632
137,697
138,193
138,339
138,443
138,523
138,601
138,726
138,757
138,772
138,774
138,364
139,298
139,619
139,685
139,729
139,715
139,760
140,471
140,730
140,601
140,716
140,761
140,773
140,191
140,337
140,521
141,300
141,621
141,720
141,777
141,779
141,345
142,199
142,530
142,610
142,723
142,739
142,772
142,219
143,479
143,741
143,773
143,197
143,528
143,722
144,200
144,350
144,456
144,532
144,612
144,726
144,781
144,787
145,167
145,224
145,306
145,483
145,626
145,704
145,742
145,775
145,782
145,728
146,627
146,705
146,729
146,776
146,351
146,666
147,730
147,743
147,785
147,201
147,352
147,533
147,614
147,667
148,629
148,744
148,778
148,786
148,789
148,223
148,304
148,376
148,482
149,638
149,709
149,354
149,672
150,171
150,231
150,494
150,749
150,783
150,538
150,618
150,675
151,539
151,619
151,207
151,795
152,232
152,311
152,646
152,750
152,786
153,758
153,186
153,520
153,794
154,319
154,497
154,651
154,717
154,357
154,680
154,742
155,496
155,648
155,751
155,789
155,236
156,360
156,543
156,744
156,316
156,649
156,790
156,803
156,805
157,340
157,609
157,524
157,664
157,732
157,799
158,363
158,473
158,544
158,653
158,323
158,388
158,805
158,806
159,505
159,761
159,215
159,626
159,809
160,476
160,750
160,240
160,324
160,803
161,217
161,480
161,751
161,244
161,399
161,656
161,766
161,814
161,805
162,180
162,329
162,659
162,729
162,687
162,811
163,401
163,507
163,657
163,752
163,374
163,642
163,812
163,815
164,218
164,481
164,556
164,643
164,753
164,246
164,508
164,661
164,769
164,814
164,806
165,221
165,560
165,646
165,510
165,662
165,772
165,248
165,808
166,512
166,773
166,220
166,375
166,558
166,645
166,809
167,667
167,741
167,776
167,378
167,704
167,760
168,652
168,406
168,523
168,778
168,822
168,813
169,232
169,499
169,571
169,772
169,781
169,831
169,817
170,188
170,529
170,745
170,783
170,572
170,711
170,819
170,833
171,785
171,384
171,573
171,773
171,230
171,820
172,236
172,656
172,774
172,412
172,787
173,641
173,758
173,551
173,691
173,269
173,361
173,799
173,828
173,830
174,344
174,533
174,681
174,749
174,658
174,715
174,775
174,389
174,825
174,837
175,393
175,660
175,778
175,342
175,414
175,532
175,679
175,790
175,839
175,840
176,259
176,352
176,685
176,782
176,837
177,260
177,783
177,241
177,586
177,666
177,722
177,838
178,786
178,257
178,350
178,684
178,803
178,839
179,245
179,515
179,589
179,789
179,261
179,353
179,433
179,840
179,805
180,688
180,729
180,403
180,841
181,690
181,792
181,262
181,355
181,436
181,543
181,845
182,264
182,356
182,440
182,548
182,698
182,810
182,856
182,801
182,849
183,233
183,387
183,579
183,665
183,823
183,848
183,851
184,707
184,411
184,599
184,683
184,861
184,864
185,235
185,582
185,725
185,791
185,576
185,854
185,826
186,585
186,228
186,578
186,827
186,855
186,857
187,253
187,413
187,601
187,684
187,557
187,808
187,850
187,865
187,817
188,559
188,601
188,685
188,745
188,252
188,820
188,809
188,853
188,866
189,735
189,292
189,392
189,731
189,799
189,863
189,862
190,418
190,453
190,561
190,713
190,867
190,870
191,280
191,564
191,716
191,783
191,687
191,421
191,825
191,868
192,279
192,372
192,562
192,714
192,536
192,689
192,424
192,861
192,812
192,871
193,425
193,690
193,456
193,563
193,813
193,870
193,872
194,458
194,565
194,719
194,429
194,540
194,692
194,829
194,864
194,873
194,815
194,871
195,255
195,610
195,831
195,865
196,464
196,569
196,611
196,698
196,834
196,873
196,816
197,284
197,379
197,573
197,722
197,703
197,837
197,868
197,874
197,818
198,574
198,258
198,434
198,613
198,704
198,795
198,838
198,869
198,875
198,819
199,723
199,283
199,377
199,571
199,822
199,839
199,870
199,876
200,262
200,439
200,549
200,726
200,877
200,879
201,730
201,437
201,708
201,760
201,825
201,841
201,878
202,441
202,710
202,734
202,879
202,882
203,584
203,263
203,618
203,875
203,833
204,738
204,442
204,554
204,712
204,264
204,885
204,834
204,881
205,266
205,444
205,555
205,621
205,714
205,885
205,836
206,448
206,556
206,739
206,287
206,388
206,839
206,877
207,231
207,587
207,622
207,715
207,809
207,889
208,391
208,741
208,445
208,878
208,837
209,417
209,697
209,754
209,887
210,609
210,702
210,314
210,415
210,607
210,754
210,828
210,890
210,891
210,826
210,862
211,273
211,721
211,846
211,882
211,896
212,278
212,629
212,723
212,850
212,886
212,896
213,239
213,298
213,400
213,592
213,745
213,274
213,625
213,843
213,852
213,889
213,897
214,275
214,626
214,722
214,853
214,898
215,242
215,728
215,819
215,900
216,300
216,402
216,596
216,747
216,733
216,642
216,861
216,844
216,894
216,902
216,904
217,301
217,405
217,751
217,845
217,906
218,302
218,406
218,496
218,600
218,753
218,906
218,867
218,910
219,283
219,467
219,649
219,739
219,850
219,899
219,907
220,249
220,306
220,601
220,468
220,650
220,740
220,833
220,868
220,900
220,908
221,652
221,601
221,304
221,408
221,499
221,870
221,903
221,910
221,911
222,307
222,500
222,603
222,860
222,871
222,904
223,473
223,744
223,757
223,912
224,761
224,470
224,742
224,838
224,913
225,269
225,452
225,632
225,731
225,788
225,848
225,916
225,883
225,915
226,476
226,589
226,312
226,414
226,769
226,867
226,931
227,454
227,634
227,732
227,624
227,917
227,847
228,272
228,635
228,854
228,887
228,917
228,918
229,637
229,735
229,791
229,449
229,630
229,788
229,855
229,920
229,851
229,888
229,919
230,319
230,423
230,614
230,773
230,477
230,658
230,748
230,289
230,878
230,913
230,868
230,929
231,478
231,659
231,749
231,290
231,914
231,809
231,869
231,930
232,291
232,480
232,590
232,660
232,750
232,316
232,419
232,508
232,612
232,772
232,870
232,931
232,933
232,877
232,912
233,640
233,736
233,268
233,450
233,632
233,854
233,858
233,890
233,922
234,641
234,336
234,452
234,633
234,859
234,891
234,922
234,923
235,271
235,454
235,635
235,791
235,794
235,924
235,925
235,857
235,893
236,293
236,481
236,594
236,751
236,510
236,616
236,774
236,323
236,872
236,933
236,879
236,934
237,461
237,455
237,798
237,862
237,895
237,928
237,793
238,296
238,753
238,617
238,882
238,934
239,297
239,666
239,875
239,930
240,600
240,781
240,877
240,941
241,259
241,329
241,783
241,491
241,759
241,852
241,937
241,818
242,260
242,623
242,492
242,672
242,760
242,853
242,938
242,819
243,526
243,621
243,784
243,673
243,764
243,894
243,939
244,301
244,496
244,601
244,766
244,787
244,879
244,941
244,943
245,441
245,530
245,789
246,302
246,499
246,604
246,677
246,769
246,882
246,943
246,945
247,792
247,303
247,500
247,606
247,678
247,771
247,885
247,936
248,304
248,679
248,772
248,886
248,899
248,945
249,447
249,627
249,305
249,501
249,680
249,795
249,866
249,938
249,946
249,833
249,889
250,636
250,506
250,611
250,683
250,777
250,802
250,905
250,942
250,950
250,894
251,294
251,488
251,671
251,767
251,827
251,890
251,823
251,887
251,928
251,954
251,955
252,276
252,344
252,463
252,651
252,687
252,782
252,318
252,511
252,809
252,875
252,913
252,843
252,900
252,951
252,957
253,322
253,515
253,690
253,786
253,342
253,459
253,649
253,903
253,952
253,958
253,808
253,912
254,352
254,469
254,325
254,703
254,908
254,929
254,957
254,962
255,327
255,350
255,467
255,910
255,931
255,958
256,353
256,656
256,911
256,933
257,330
257,530
257,803
257,912
257,959
257,964
257,969
257,817
258,284
258,659
258,819
258,889
258,965
259,471
259,328
259,528
259,708
259,820
259,913
259,960
259,966
259,852
260,329
260,529
260,709
260,914
260,967
260,853
261,531
261,629
261,710
261,557
261,805
261,969
262,561
262,971
262,972
263,286
263,358
263,478
263,666
263,833
263,897
263,937
263,965
264,565
264,669
264,536
264,644
264,834
264,940
264,981
264,810
264,932
264,974
265,334
265,646
265,933
265,941
265,969
266,569
266,670
266,540
266,647
266,720
266,836
266,942
266,970
266,981
266,986
266,812
267,335
267,648
267,721
267,364
267,814
267,934
267,943
267,988
268,320
268,518
268,699
268,798
268,854
268,916
268,919
268,978
268,979
268,847
269,520
269,701
269,694
269,313
269,799
269,855
269,981
269,848
269,917
269,954
270,339
270,723
270,988
270,945
271,702
271,392
271,513
271,695
271,800
271,857
271,922
271,981
271,851
271,918
271,955
272,315
272,514
272,697
272,859
272,924
272,854
272,920
272,956
272,982
272,983
273,677
273,975
273,989
273,994
274,297
274,492
274,680
274,843
274,908
274,990
275,298
275,681
275,728
275,951
275,991
275,818
276,729
276,343
276,546
276,909
276,875
276,938
276,980
276,992
277,372
277,490
277,678
277,733
277,345
277,842
277,950
277,981
277,821
277,939
277,993
278,679
278,822
278,952
278,994
279,655
279,347
279,553
279,942
279,996
279,999
280,914
280,825
280,998
281,379
281,502
281,685
281,740
281,957
281,991
282,377
282,684
282,948
282,958
282,994
283,355
283,560
283,744
283,686
283,839
283,952
283,850
283,959
283,997
283,1001
284,505
284,688
284,354
284,558
284,742
284,853
284,930
284,960
284,998
284,1002
284,837
284,889
284,951
285,360
285,750
285,510
285,388
285,958
285,865
285,964
285,1001
286,391
286,512
286,705
286,357
286,568
286,748
286,866
286,966
286,1002
286,897
286,957
287,571
287,677
287,959
288,340
288,736
288,415
288,542
288,731
288,830
288,953
288,981
288,1004
288,1005
288,880
289,521
289,708
289,868
289,937
290,319
290,709
290,572
290,869
290,938
290,900
290,1007
291,523
291,600
291,1009
291,1011
291,870
291,971
292,551
292,420
292,888
292,954
292,1006
292,883
293,601
293,710
293,398
293,845
293,1011
293,872
293,972
293,1014
294,427
294,550
294,890
294,956
294,1010
295,401
295,526
295,603
295,712
295,873
295,963
295,974
295,1013
295,1017
295,849
296,604
296,713
296,975
296,1014
296,1018
297,326
297,529
297,717
297,583
297,759
297,875
297,946
297,908
297,965
297,1007
297,1015
298,718
298,760
298,947
298,980
298,1016
298,852
299,402
299,527
299,606
299,714
299,374
299,764
299,981
299,856
299,968
299,1008
299,1017
299,1019
300,588
300,861
300,970
300,1020
300,1023
301,589
301,690
301,612
301,972
301,1024
301,1025
301,879
302,590
302,693
302,616
302,724
302,867
302,975
302,1025
302,882
302,995
302,1026
303,409
303,537
303,381
303,593
303,698
303,777
303,885
303,981
303,996
303,1020
303,1029
304,382
304,594
304,778
304,726
304,617
304,870
304,886
304,997
304,1026
304,1030
305,332
305,539
305,729
305,889
305,957
305,1021
305,1027
306,730
306,591
306,775
306,998
306,1028
306,868
307,383
307,595
307,706
307,779
307,986
307,999
307,1023
307,1029
307,1033
307,871
308,738
308,385
308,780
308,1000
308,873
308,1033
308,1038
309,422
309,546
309,897
309,962
309,1027
309,990
310,423
310,547
310,741
310,782
310,389
310,898
310,1002
310,1028
310,874
310,991
310,1040
311,393
311,786
311,419
311,545
311,739
311,876
311,994
311,1042
311,896
311,1001
311,1026
312,600
312,710
312,995
312,1047
313,367
313,578
313,763
313,917
313,978
313,1035
313,973
313,1034
314,369
314,579
314,862
314,919
314,1036
314,1037
314,915
314,976
315,371
315,580
315,767
315,455
315,863
315,920
315,981
315,916
315,977
315,1006
315,1037
316,601
316,713
316,790
316,877
316,997
316,1047
316,1050
316,899
317,582
317,768
317,365
317,575
317,762
317,922
317,982
317,1041
317,917
317,979
317,1039
318,343
318,742
318,900
318,965
319,743
319,601
319,901
319,967
319,878
319,938
319,998
319,1048
320,585
320,366
320,577
320,763
320,924
320,981
320,984
320,1043
320,1044
320,919
321,457
321,578
321,765
321,925
321,985
321,920
321,1044
322,792
322,744
322,1049
322,903
323,398
323,604
323,879
323,1050
323,1051
324,404
324,610
324,721
324,557
324,803
324,1001
324,1047
324,907
325,351
325,437
325,558
325,748
325,908
326,559
326,403
326,909
326,946
326,1002
326,1048
326,1052
327,439
327,560
327,643
327,750
327,1009
327,1049
327,910
328,564
328,913
328,1056
329,613
329,914
329,980
329,1057
329,951
330,563
330,1058
330,1059
330,912
331,570
331,756
331,411
331,620
331,927
331,1020
331,1055
331,1063
331,812
331,902
331,1008
332,574
332,410
332,618
332,930
332,992
332,1057
332,1062
332,811
332,957
332,1007
333,571
333,1009
333,931
333,1058
334,453
334,766
334,1011
334,933
334,1024
334,1059
334,1074
335,418
335,456
335,656
335,769
335,906
335,1014
335,1025
335,1074
335,1078
335,934
336,396
336,605
336,799
336,891
336,1004
336,949
336,1037
336,1067
336,1068
336,793
337,463
337,773
337,421
337,1028
337,908
337,1061
337,1077
337,818
338,458
338,771
338,424
338,1063
338,821
338,1017
339,425
339,459
339,661
339,772
339,822
339,910
339,1018
339,1064
339,1078
339,1026
340,394
340,487
340,602
340,1045
340,1073
340,1075
340,799
340,953
341,628
341,746
341,430
341,936
341,1066
341,1020
342,629
342,912
342,1080
343,373
343,587
343,776
343,625
343,938
343,1002
343,965
343,1021
343,1069
343,1081
344,626
344,825
344,913
344,1082
345,466
345,588
345,777
345,939
345,1032
345,1072
345,1022
346,432
346,747
346,829
346,1023
347,669
347,642
347,942
347,921
347,1084
348,436
348,643
348,751
348,1025
348,943
348,1085
349,670
349,644
349,752
349,944
349,1087
349,926
349,1084
350,439
350,646
350,753
350,781
350,839
350,931
350,1026
350,1047
350,1080
350,1085
350,1088
350,945
351,592
351,946
351,1027
351,1081
352,471
352,785
352,437
352,645
352,947
352,1028
352,1048
352,1082
352,1086
352,837
352,929
353,441
353,648
353,787
353,840
353,933
353,1030
353,1050
353,1088
354,380
354,650
354,951
354,1007
354,1089
355,652
355,597
355,677
355,790
355,952
355,1083
355,1090
356,797
356,1054
356,1087
356,935
356,1091
356,1094
357,390
357,483
357,601
357,957
357,1015
357,1056
357,1089
357,990
358,391
358,1016
358,1057
358,937
358,991
359,451
359,802
359,1055
359,844
359,939
359,1094
360,601
360,482
360,1049
360,803
360,958
360,1058
360,1090
361,828
361,922
361,1093
361,823
361,1067
361,1092
362,513
362,830
362,923
362,1031
362,1093
362,824
362,1068
363,486
363,604
363,684
363,845
363,1059
363,805
364,456
364,661
364,774
364,846
364,943
364,1051
364,1106
365,428
365,633
365,979
365,1037
365,1097
365,973
365,1096
366,431
366,635
366,624
366,835
366,981
366,1035
366,1039
366,1098
366,1100
366,976
367,637
367,982
367,1043
367,1101
367,978
367,1037
368,639
368,630
368,983
368,1044
368,1101
368,979
369,640
369,631
369,984
369,1102
369,1039
370,490
370,608
370,807
370,1063
370,856
370,1053
370,1094
371,641
371,426
371,524
371,632
371,985
371,1045
371,981
371,1041
371,1079
371,1102
371,1104
372,466
372,668
372,780
372,1066
372,1099
372,861
372,950
372,1055
372,1109
373,465
373,666
373,967
373,1002
373,1057
374,498
374,615
374,698
374,812
374,968
374,1072
375,502
375,468
375,1077
375,1107
376,789
376,617
376,867
376,1108
376,1114
377,473
377,676
377,870
377,958
377,1064
377,1080
377,1110
377,1114
377,817
378,504
378,619
378,1040
378,1081
378,1111
379,505
379,470
379,675
379,820
379,1082
379,1112
379,1115
379,868
379,957
379,1061
380,623
380,680
380,980
380,1048
380,1118
380,1007
380,1069
381,507
381,621
381,712
381,475
381,682
381,981
381,1072
381,1113
381,1119
381,1122
381,801
382,713
382,1083
382,1120
383,509
383,714
383,829
383,986
383,1076
383,1084
383,1122
383,1125
383,804
383,961
384,512
384,477
384,1086
384,1115
384,874
384,962
384,1077
385,719
385,834
385,1087
385,963
385,1125
386,449
386,858
386,953
386,848
386,1092
387,542
387,859
387,1060
387,1093
387,851
388,482
388,684
388,806
388,877
388,964
388,1080
388,1128
389,422
389,521
389,626
389,837
389,991
389,1089
389,1117
390,627
390,992
390,1052
390,1118
390,1015
390,1081
391,483
391,685
391,878
391,966
391,1016
391,1082
392,460
392,665
392,862
392,955
392,1003
392,1067
392,1124
392,1126
392,1096
393,523
393,629
393,721
393,839
393,994
393,1090
393,1120
394,663
394,1071
394,1101
394,1129
394,1003
394,1068
395,636
395,689
395,996
395,1136
395,810
396,457
396,550
396,664
396,1073
396,1004
396,1070
396,1102
396,1131
396,1132
396,862
397,692
397,999
397,1136
397,1139
397,812
397,1084
398,693
398,726
398,813
398,972
398,1137
398,1140
399,814
399,1085
399,1128
400,492
400,1138
400,889
401,495
401,698
401,1000
401,1087
401,1095
401,1139
401,1141
401,815
401,974
402,738
402,498
402,706
402,1099
402,981
402,1133
402,1141
402,1144
402,816
402,894
403,533
403,651
403,703
403,1002
403,1062
403,1027
403,1089
403,1134
403,1143
404,532
404,649
404,1090
404,1135
404,1001
405,653
405,739
405,822
405,1137
405,1146
406,989
406,1146
406,846
406,1108
406,1140
406,1147
407,537
407,506
407,1109
407,1141
407,902
407,993
407,1094
408,903
408,994
408,850
408,1110
408,1142
408,1147
409,507
409,714
409,1099
409,1150
409,1155
409,834
409,905
409,996
410,659
410,1007
410,1081
410,1152
411,541
411,657
411,746
411,861
411,1008
411,1113
411,1145
411,1154
411,1159
412,510
412,907
412,1106
412,1164
413,515
413,545
413,662
413,910
413,865
413,1114
413,1147
414,721
414,840
414,1108
414,1148
414,1166
414,1012
415,487
415,691
415,890
415,981
415,1092
415,1124
415,1156
415,1157
415,883
416,488
416,891
416,1093
416,1126
416,1157
416,884
417,484
417,575
417,893
417,983
417,1031
417,887
417,1127
417,1158
418,549
418,751
418,1116
418,1171
418,867
418,1014
419,523
419,723
419,912
419,1001
419,1110
419,1166
419,1151
420,694
420,1034
420,1162
420,1164
421,462
421,868
421,1117
421,1167
422,667
422,1016
422,1086
422,1118
422,1153
422,1111
423,521
423,722
423,913
423,1002
423,1112
423,1169
424,553
424,668
424,1017
424,1119
424,1154
425,753
425,1171
425,870
425,1018
425,1120
426,700
426,1041
426,1101
426,1035
426,1097
426,1165
427,701
427,1043
427,1036
427,1098
428,702
428,694
428,1044
428,1102
428,895
428,1037
428,1100
429,554
429,871
429,1019
429,1122
429,1159
430,670
430,733
430,1020
430,1160
430,1175
430,921
430,1113
430,1173
431,489
431,696
431,1045
431,1101
431,1170
431,1039
432,674
432,756
432,737
432,1023
432,1175
432,1176
432,844
432,926
433,530
433,557
433,931
433,1114
433,1128
433,1166
434,469
434,875
434,1130
434,1168
435,559
435,528
435,1115
435,1169
435,929
436,561
436,677
436,766
436,845
436,1116
436,1025
436,1180
437,564
437,681
437,740
437,878
437,1028
437,1117
437,1134
437,1172
437,1178
438,562
438,678
438,1119
438,1173
438,849
439,563
439,679
439,769
439,1009
439,1120
439,1135
439,1174
439,1180
439,1181
439,877
439,1026
440,565
440,771
440,534
440,1029
440,1136
440,1175
440,856
440,1122
440,1184
441,566
441,772
441,1011
441,1137
441,1181
441,1185
441,879
441,1030
442,569
442,536
442,881
442,1033
442,1139
442,1176
442,860
442,935
442,1013
442,1125
442,1184
443,774
443,1014
443,1185
443,1186
443,882
443,1140
444,570
444,540
444,885
444,1038
444,1141
444,1177
444,939
444,1017
445,573
445,685
445,1040
445,1143
445,1178
446,479
446,574
446,538
446,1179
446,937
446,1015
446,1077
446,1130
447,539
447,745
447,938
447,1016
448,571
448,684
448,1042
448,1180
449,517
449,919
449,1003
449,1187
450,519
450,1004
450,1156
450,1188
450,915
451,780
451,894
451,1145
451,1183
451,1022
451,1195
452,520
452,725
452,922
452,1005
452,916
452,1157
452,1188
453,544
453,751
453,781
453,870
453,1024
453,1137
453,1050
453,1196
453,1199
454,513
454,924
454,1060
454,1189
454,1191
454,917
454,1121
454,1158
455,524
455,731
455,928
455,1006
455,1065
455,1124
455,1162
455,1194
456,549
456,753
456,787
456,872
456,1025
456,1140
456,1148
456,1199
456,1201
456,1051
457,735
457,1070
457,1129
457,1065
457,1126
457,1165
458,553
458,1150
458,1190
458,873
458,950
458,1141
458,1200
459,952
459,1026
459,1142
459,1201
459,899
459,1151
460,736
460,727
460,1010
460,1071
460,1131
460,1197
460,1198
460,928
460,1067
460,1127
461,607
461,731
461,1132
461,1198
461,1068
462,494
462,587
462,1115
462,1153
462,1027
463,901
463,1028
463,1202
463,951
464,792
464,554
464,1155
464,1029
464,1144
465,497
465,709
465,759
465,1057
465,1118
465,1089
466,707
466,764
466,797
466,905
466,1055
466,1160
466,1032
466,1145
466,1203
466,1204
467,560
467,958
467,1042
467,1147
467,1166
467,1201
467,907
468,501
468,591
468,711
468,908
468,1167
468,1205
469,558
469,909
469,1149
469,1169
469,1202
469,1206
469,957
469,1040
470,504
470,716
470,913
470,1061
470,1130
470,1172
470,1208
471,564
471,773
471,1210
471,960
471,1048
472,596
472,714
472,1063
472,1154
472,1173
472,1203
473,597
473,1049
473,1064
473,1174
473,1211
473,806
473,912
474,598
474,719
474,567
474,807
474,1175
474,1159
474,1204
474,892
474,961
475,599
475,720
475,810
475,921
475,1072
475,1164
475,1215
476,600
476,721
476,1074
477,601
477,722
477,929
477,1077
477,1178
477,1208
477,1167
478,512
478,572
478,930
478,1138
478,1179
478,1209
478,965
478,1107
478,1168
478,1214
479,573
479,1210
479,966
479,1052
479,1169
480,601
480,723
480,1171
480,814
480,931
480,1078
480,1180
480,1211
481,604
481,933
481,1181
482,786
482,726
482,971
482,1058
482,1174
482,1223
482,1080
482,1212
482,1225
483,730
483,782
483,1082
483,1182
483,1213
483,1056
483,1111
483,1172
483,1222
484,551
484,755
484,955
484,1157
484,1194
484,1217
485,552
485,624
485,956
485,1041
485,1093
485,1158
485,1218
486,789
486,734
486,903
486,972
486,1059
486,1225
486,817
487,758
487,631
487,1045
487,1197
487,1221
487,954
487,1092
487,1158
488,632
488,754
488,1046
488,1163
488,1093
488,1198
488,1221
488,1224
488,955
489,767
489,1101
489,1226
489,1096
490,588
490,936
490,1190
490,981
490,1063
490,1177
490,1219
490,1227
490,796
491,528
491,613
491,937
492,529
492,938
492,1149
492,1228
493,614
493,741
493,1086
493,1192
493,1178
493,1222
494,586
494,1062
494,1115
494,1179
495,829
495,940
495,1087
495,1229
495,1230
495,801
496,589
496,616
496,910
496,1181
496,1231
496,831
496,941
496,1088
496,1196
496,1225
497,743
497,1118
497,1182
498,834
498,942
498,1072
498,1183
498,1230
498,1232
498,804
499,590
499,617
499,911
499,989
499,1074
499,1185
499,1231
499,943
499,1199
499,1233
500,593
500,1200
500,1227
500,993
501,535
501,619
501,745
501,946
501,1161
501,1228
501,990
502,591
502,947
502,1202
502,991
502,1077
503,539
503,951
503,1168
503,1236
504,623
504,1169
504,1081
504,1130
505,809
505,998
505,1082
506,621
506,747
506,950
506,1094
506,1203
506,1230
506,1237
506,1195
507,599
507,1099
507,1239
507,1245
507,812
507,932
508,600
508,814
508,933
508,1199
509,1103
509,1245
509,1250
509,815
509,1084
510,601
510,934
510,1001
510,1085
510,1201
510,1106
510,1207
510,1235
511,546
511,626
511,957
511,1107
511,1208
511,1236
512,601
512,1210
512,1002
512,1086
512,1138
512,1202
513,579
513,981
513,1068
513,1121
513,1188
513,1241
513,1242
513,973
513,1217
514,581
514,791
514,982
514,1070
514,1189
514,1187
514,1218
514,1243
514,1244
514,976
515,629
515,958
515,1211
515,1238
516,582
516,983
516,1191
516,977
516,1244
517,575
517,984
517,1071
517,1246
517,978
517,1188
518,585
518,576
518,663
518,788
518,985
518,1193
518,1220
518,1246
518,1247
518,979
518,1121
519,577
519,1073
519,1189
519,1248
520,578
520,664
520,794
520,987
520,1075
520,981
520,1191
520,1221
520,1248
520,1249
521,638
521,761
521,960
521,1112
521,1179
521,1213
521,1089
521,1253
521,818
522,636
522,756
522,1109
522,1239
522,821
522,935
522,1203
523,757
523,822
523,1090
523,1255
523,846
523,959
523,1110
523,1212
523,1240
524,799
524,1079
524,1129
524,1197
524,1124
524,1226
524,1251
525,800
525,1198
525,1126
525,1251
525,793
526,611
526,1216
526,1250
526,1256
526,1091
527,615
527,1219
527,1252
527,1256
527,1008
527,1094
528,651
528,773
528,966
528,1115
528,1208
528,1222
528,1253
529,559
529,613
529,967
529,1149
529,1209
529,1254
529,1257
529,833
529,1007
530,649
530,772
530,1009
530,1211
530,1223
530,1255
530,964
530,1114
531,653
531,774
531,948
531,1011
531,865
531,969
531,1225
532,839
532,1212
533,1153
533,1213
533,837
534,654
534,779
534,1122
534,1215
534,1260
535,618
535,1257
535,1015
535,1161
535,1214
536,655
536,780
536,871
536,974
536,1125
536,1229
536,1264
536,1260
537,621
537,1258
537,1261
537,842
537,1020
537,1109
537,1219
538,573
538,659
538,783
538,1130
538,1167
539,574
539,622
539,980
539,1202
539,1262
539,843
539,1021
539,1111
539,1168
540,657
540,784
540,873
540,981
540,1230
540,1259
540,1264
540,1265
540,1022
541,1133
541,1266
541,844
541,1113
542,602
542,1004
542,1093
542,1241
542,1263
543,790
543,1135
543,1269
544,845
544,1137
544,1269
544,1272
544,877
545,629
545,1026
545,1114
545,1235
546,584
546,667
546,625
546,795
546,992
546,1138
546,1206
546,1262
546,1027
546,1228
547,626
547,1028
547,1115
547,1271
548,669
548,797
548,1139
548,1229
548,1274
548,849
548,961
549,1116
549,1272
549,1275
549,879
549,995
549,1140
550,828
550,1102
550,1156
550,1218
550,1267
551,609
551,694
551,830
551,1010
551,1104
551,1221
551,1268
551,823
551,1006
551,1157
551,1251
551,1267
552,607
552,696
552,832
552,1105
552,1163
552,1220
552,1270
552,1158
553,670
553,642
553,802
553,881
553,996
553,1141
553,1239
553,1266
553,1276
553,856
553,963
553,1032
553,1119
553,1230
553,1274
554,674
554,644
554,885
554,999
554,1144
554,1245
554,1276
554,1277
554,860
554,968
554,1122
554,1232
555,647
555,1000
555,1250
555,1277
555,1125
556,677
556,1234
556,1146
556,1272
556,1279
556,806
557,649
557,865
557,1047
557,1128
557,1235
558,592
558,681
558,650
558,809
558,1002
558,1149
558,1214
558,1236
558,1253
558,1273
558,1278
559,651
559,866
559,1048
560,652
560,679
560,1049
560,1238
560,1255
560,1275
560,1279
560,808
560,1001
560,1147
561,867
561,972
561,1148
561,1280
562,1150
562,1239
562,1282
562,974
563,870
563,975
563,1135
563,1240
563,1280
563,1283
563,1151
564,1281
564,868
564,1134
565,654
565,1155
565,981
565,1136
565,1245
565,1282
565,1284
565,871
566,872
566,1137
566,1283
566,899
567,815
567,902
567,1159
568,685
568,1161
568,1278
569,655
569,1285
569,873
569,986
569,1054
569,1139
569,1250
569,1284
570,657
570,1258
570,1285
570,1055
570,1141
570,1252
571,660
571,686
571,876
571,989
571,1058
571,1255
571,1166
571,1280
571,817
572,601
572,819
572,1007
572,1168
572,1228
572,1288
573,688
573,658
573,820
573,1169
573,1281
573,874
573,1056
573,1143
573,1253
574,659
574,875
574,1057
574,1202
574,1254
575,634
575,854
575,1039
575,1127
575,1188
575,1243
575,1290
575,1289
576,635
576,1041
576,1244
576,1290
577,624
577,855
577,1043
577,1129
577,1189
577,1241
577,1292
577,1034
578,637
578,857
578,1044
578,1191
578,1246
578,1035
578,1187
578,1242
578,1292
578,1293
578,847
579,640
579,630
579,727
579,859
579,1045
579,1132
579,1193
579,1248
579,1294
579,1295
579,848
579,1037
579,1188
579,1244
579,1267
580,641
580,731
580,1046
580,1249
580,1268
580,1295
580,1296
580,851
581,632
581,1189
581,1246
581,1297
581,1039
582,633
582,732
582,854
582,1041
582,1191
582,1247
582,1270
582,1297
583,704
583,833
583,1015
583,1205
583,1288
584,666
584,1062
584,1206
584,1257
585,635
585,1299
585,855
585,1044
585,1193
585,1249
586,614
586,709
586,838
586,1179
586,1152
586,1208
587,672
587,1153
587,1209
587,1300
587,889
587,1069
588,707
588,673
588,836
588,1020
588,1177
588,1266
588,1072
588,1154
588,1259
588,1298
588,1301
588,892
589,710
589,840
589,931
589,1024
589,1181
589,1269
590,713
590,933
590,1025
590,1185
590,1272
590,1304
591,619
591,716
591,1028
591,1273
591,1303
591,1167
592,718
592,680
592,1262
592,1300
592,897
592,1081
592,1214
593,714
593,682
593,842
593,1264
593,1274
593,1301
594,1171
594,1186
594,1275
594,1304
594,934
594,1026
595,719
595,1029
595,1276
595,1265
596,683
596,1190
596,1266
596,1302
596,1305
596,1308
596,902
596,1173
597,903
597,1083
597,1174
597,1306
598,936
598,1175
598,1308
598,904
598,1008
598,1084
599,940
599,1310
599,1312
600,724
600,906
600,1011
600,1272
600,1314
600,846
600,941
600,1199
601,627
601,690
601,730
601,687
601,726
601,853
601,910
601,1014
601,1048
601,1090
601,1180
601,1202
601,1257
601,1275
601,1281
601,1307
601,1314
601,850
601,908
601,943
601,1047
601,1089
601,1178
601,1201
601,1228
601,1273
601,1280
601,1306
601,1313
601,1318
602,663
602,1073
602,1163
602,1294
602,1311
602,1067
603,692
603,1276
603,1282
603,1308
603,1017
604,693
604,734
604,911
604,1018
604,1181
604,1050
604,1283
604,1318
604,945
605,754
605,1075
605,1295
605,1311
605,880
605,1068
606,738
606,698
606,1277
606,1284
606,1319
606,1019
606,1091
606,1184
607,671
607,891
607,1079
607,1220
607,1267
607,1315
607,1317
607,883
607,1217
608,706
608,1285
608,1319
608,1094
609,890
609,1079
609,1221
609,1270
610,739
610,1279
610,1314
610,865
611,1054
611,1316
611,1320
611,1322
612,931
612,1025
612,1280
612,1207
613,651
613,869
613,1057
613,1209
613,1262
613,1236
613,1321
614,743
614,708
614,1210
614,1192
614,1281
614,929
615,1055
615,1298
615,1322
615,1195
616,710
616,933
616,1026
616,1196
616,1283
617,713
617,934
617,1030
617,1108
617,1199
618,749
618,875
618,1062
618,1214
618,1321
618,1288
619,715
619,1271
619,1300
619,1111
620,747
620,1063
620,1301
620,1322
620,1291
621,720
621,1066
621,1219
621,1302
621,1324
621,1325
621,939
621,1113
621,1203
621,1298
622,659
622,1069
622,1273
623,1326
623,938
623,1254
624,696
624,917
624,1098
624,1241
624,1289
624,1327
625,666
625,760
625,889
625,1081
625,1228
625,1278
626,667
626,761
626,728
626,1082
626,1307
626,1117
626,1208
626,1335
627,729
627,1326
627,946
627,1118
627,1257
627,1300
628,756
628,733
628,885
628,1227
628,1305
628,1325
628,1119
628,1301
629,757
629,948
629,1120
629,1211
629,1337
629,886
629,1080
629,1306
630,699
630,920
630,1101
630,1244
630,1292
630,1328
630,1329
630,1287
631,1197
631,1330
631,1289
632,701
632,922
632,1102
632,1198
632,1246
632,1294
632,1241
632,1290
632,1315
632,1330
632,1331
632,915
632,1096
633,702
633,923
633,1104
633,1247
633,1295
633,916
633,1097
633,1242
633,1317
633,1331
633,793
634,694
634,924
634,1248
634,1332
634,1098
634,1243
634,1292
635,695
635,925
635,1105
635,1249
635,1297
635,1332
635,1333
635,917
635,1100
635,1244
635,1293
636,950
636,1054
636,1302
637,697
637,1101
637,1246
637,1295
637,1334
637,1336
637,919
638,1213
638,1338
638,951
639,1299
639,798
639,920
639,1247
639,1296
639,1336
640,699
640,1102
640,1248
640,1297
641,700
641,799
641,922
641,1104
641,1249
642,894
642,974
642,1230
642,1310
642,1341
642,1339
643,769
643,1231
644,770
644,981
644,1084
644,1232
644,1312
644,1341
644,1343
644,1215
645,773
645,740
645,898
645,1086
645,1303
645,1313
645,1335
646,772
646,1304
646,1314
646,1337
646,896
646,1085
646,1233
647,986
647,1087
647,1316
647,1343
647,1346
648,774
648,988
648,1088
648,1318
649,744
649,958
649,1135
649,1223
649,1306
649,1344
649,899
649,1235
650,680
650,775
650,900
650,1089
650,1236
650,1288
651,742
651,901
651,1262
651,1307
651,1338
651,1345
651,957
651,1134
651,1222
652,778
652,1340
652,903
652,989
652,1090
652,1238
653,1064
653,1137
653,1225
654,996
654,1245
654,1072
654,1312
654,1347
654,1348
654,961
655,999
655,1095
655,1250
655,1323
655,1350
655,963
655,1076
655,1229
655,1316
655,1348
656,751
656,787
656,1078
656,1318
657,752
657,1000
657,1099
657,1252
657,1324
657,1350
657,1354
657,968
657,1145
657,1230
658,913
658,1253
659,688
659,914
659,1254
659,1300
659,1349
659,965
659,1273
660,790
660,1255
660,912
661,753
661,1146
661,1231
662,1147
662,1233
662,1106
663,1129
663,1220
663,1328
663,1351
663,1123
663,1309
664,953
664,1131
664,1221
664,1124
664,1330
664,1352
665,736
665,1132
665,1224
665,1311
665,1353
665,823
665,949
665,1126
665,1263
665,1331
665,1352
666,705
666,759
666,930
666,1257
666,1349
666,1152
666,1278
666,1321
667,760
667,1326
667,1153
668,764
668,802
668,927
668,1109
668,1256
668,1325
668,1350
668,1154
668,1237
668,1322
668,1357
669,1323
669,1359
669,974
669,1084
670,1258
670,981
670,1087
670,1160
670,1239
670,1324
670,1359
670,1362
671,1356
671,954
671,1267
672,709
672,1307
672,1360
673,1113
673,1259
673,1164
673,1361
674,770
674,1363
674,986
674,1245
674,1362
675,809
675,1115
675,1335
675,1355
675,1167
676,1171
676,1337
676,808
676,1114
677,989
677,1358
677,1364
678,777
678,936
678,1261
678,1325
678,1359
678,993
678,1091
678,1173
679,778
679,994
679,1174
679,1255
679,1364
679,1012
680,717
680,938
680,1118
680,1262
680,1313
680,1360
680,1365
680,990
680,1288
681,718
681,775
681,1338
681,1366
681,991
681,1172
681,1253
682,812
682,939
682,1013
682,1119
682,1264
682,1339
682,1361
683,942
683,1266
683,1367
683,1368
684,786
684,1180
684,1337
684,1128
684,1344
684,1364
684,817
684,945
685,782
685,820
685,947
685,1271
685,1345
685,1366
685,1178
685,1335
686,790
686,1001
686,1108
687,729
687,825
687,951
687,1134
687,1273
687,1321
687,1371
688,1002
688,1182
688,1300
688,1338
689,950
689,1274
689,1367
689,1339
690,792
690,1340
690,1374
690,952
690,1025
690,1135
690,1275
690,1380
691,758
691,1163
691,1249
691,1369
691,1370
691,848
691,1157
691,1352
692,829
692,1136
692,1276
692,1341
692,1347
692,1368
692,1382
693,1137
693,1380
693,1026
694,981
694,1251
694,1292
694,1330
694,1373
694,1162
694,1286
694,1327
695,767
695,1293
695,1331
695,1373
695,1375
695,973
695,1287
696,982
696,1294
696,1328
696,1376
696,1289
697,768
697,983
697,1170
697,1295
697,1332
697,1290
697,1329
697,1376
697,1377
697,976
698,834
698,1029
698,1139
698,1277
698,1343
698,1348
698,1382
698,1383
698,801
698,1260
699,762
699,985
699,1297
699,1334
699,1378
699,1379
699,978
699,1165
699,1292
699,1331
700,1336
700,1379
700,979
700,1293
701,763
701,987
701,1294
701,1332
701,1381
702,765
702,1299
702,981
702,1295
702,1333
702,1356
702,1381
702,862
703,837
703,957
703,1143
703,1278
703,1371
704,741
704,838
704,1349
704,1303
705,1192
705,1345
706,836
706,1033
706,1141
706,1350
706,1264
706,1346
706,1372
706,1383
706,804
706,1195
707,1266
707,1384
707,1008
708,841
708,960
708,1281
709,743
709,1326
709,1307
709,1385
709,1007
710,1011
710,1120
710,1269
710,1386
710,1388
710,1047
710,1283
711,745
711,1149
711,1355
712,1284
712,1389
712,810
712,1013
712,1122
712,1348
713,1014
713,1272
713,1388
713,1050
713,1148
713,1358
713,1390
714,1150
714,1285
714,1350
714,1359
714,1384
714,1389
714,1393
714,812
714,1017
714,1125
714,1203
714,1274
715,749
715,1153
715,1335
715,1360
715,1391
716,1392
716,1273
717,967
717,1349
717,1385
717,811
717,1015
717,1313
718,1016
719,1155
719,1276
719,1354
719,1362
719,1393
719,815
719,1019
719,1204
720,970
720,1054
720,1160
720,1298
720,1387
720,1395
720,1022
721,1388
721,1397
721,846
722,853
722,1169
722,1366
722,1392
722,1208
722,1278
722,1355
722,818
723,822
723,1211
723,1279
723,1397
723,850
723,1166
723,1364
723,1390
724,1025
724,1137
724,1358
725,794
725,1370
725,1396
725,880
726,1026
726,1140
726,1212
726,1280
726,1403
727,1004
727,1197
727,1267
727,1398
728,760
728,1172
729,980
729,1300
729,1345
729,1394
729,1027
729,1321
729,1360
730,825
730,1028
730,1213
730,1281
730,1402
731,799
731,1005
731,1198
731,1268
731,1352
731,1373
731,1398
731,1399
731,883
731,1194
731,1309
732,1270
732,1311
732,1351
732,1376
732,793
733,861
733,981
733,1173
733,1301
733,1367
733,1395
733,1361
734,1030
734,1142
734,1283
734,1403
735,1353
735,1379
735,1400
735,888
735,1003
736,798
736,890
736,1004
736,1198
736,1311
736,1381
736,1401
737,864
737,986
737,1063
737,1175
737,1368
737,1215
738,1363
738,1404
738,834
738,1033
738,1144
738,1216
738,1284
739,839
739,1042
739,1146
739,1223
739,1364
740,868
740,991
740,1178
740,1303
740,1371
741,1366
741,1402
741,837
741,1040
741,1222
742,776
742,998
742,1182
742,1307
742,1349
742,1407
743,1326
743,1408
743,841
743,1048
744,1049
744,997
744,1306
745,843
745,1228
746,1000
746,1405
746,1409
746,1159
746,1229
747,1190
747,1384
747,1406
747,1409
747,844
747,1053
747,1230
747,1301
747,1372
748,878
748,1002
748,1192
748,1313
748,1407
748,1371
749,785
749,1385
749,1335
750,1374
750,1314
750,877
750,1001
751,845
751,1171
751,1380
751,1386
751,879
751,1085
751,1196
751,1318
752,1087
752,1387
752,1413
753,1234
753,1388
753,882
753,1088
753,1199
754,828
754,1031
754,1221
754,1295
754,1369
754,1398
754,1411
754,1412
754,915
754,1217
755,830
755,1224
755,1296
755,1370
755,916
755,1399
755,1412
756,861
756,1063
756,1176
756,1239
756,1305
756,1384
756,1418
757,1064
757,1240
757,1306
758,1415
758,827
758,1221
758,1401
759,1007
759,1321
759,1365
760,1366
760,1394
761,1307
761,1061
762,835
762,1041
762,1331
762,1376
762,1327
763,1044
763,1332
763,1378
763,1328
763,1373
763,1416
763,1034
764,894
764,1008
764,1091
764,1203
764,1322
764,1395
764,1413
765,1333
765,1379
765,1035
765,1329
765,1375
765,1416
766,1180
766,1386
767,1046
767,1336
767,1381
767,1417
767,1419
767,928
767,1037
767,1331
767,1377
768,1332
768,1379
768,1420
768,1039
769,867
769,1074
769,1181
769,1388
769,1423
769,1012
770,1099
770,1422
770,1425
770,1076
770,1183
770,1312
771,1389
771,1418
771,1184
772,870
772,1078
772,1185
772,1255
772,1314
772,1390
772,1423
772,899
772,1207
773,901
773,1210
773,1392
773,1402
773,1424
773,868
773,1077
773,1253
773,1313
774,872
774,1186
774,1318
774,1106
774,1403
775,1213
776,1326
776,1349
776,1394
776,1081
777,905
777,1020
777,1325
777,1395
777,1421
778,1108
778,1212
779,1023
779,1109
779,1422
779,1427
779,1195
780,1216
780,1405
780,1425
780,1429
780,1320
780,1427
781,877
781,1085
781,1199
782,913
782,1028
782,1222
782,1335
782,1407
783,820
783,914
783,1321
783,1355
784,1219
784,1406
784,1426
784,1429
784,1259
784,1322
785,1408
785,878
785,1086
785,1402
786,1223
786,1337
786,912
786,1026
787,879
787,1088
787,1201
787,1403
788,855
788,1246
788,1428
789,1030
789,1114
789,1225
790,1090
791,1414
791,1433
791,851
791,1244
792,885
792,1116
792,1261
792,1340
792,1404
792,1408
792,1435
793,862
793,1068
793,1251
793,1317
793,1351
793,1398
794,1415
794,1435
794,857
794,953
794,1060
794,1249
795,1262
795,889
796,927
796,1038
796,1227
796,1409
796,1429
796,1264
796,892
797,1342
797,1405
797,1430
797,1091
797,1204
797,1439
798,1400
798,1065
798,1351
798,1399
798,1416
798,1436
799,1075
799,1401
799,1417
799,1437
799,1438
799,954
799,1067
799,1251
799,1352
800,1353
800,1419
800,1438
800,955
800,1068
801,932
801,1122
801,1229
801,1343
801,1410
801,1440
802,1434
802,1266
802,1325
802,1406
802,894
802,1094
802,1439
803,1047
803,1344
804,1125
804,1230
804,1346
804,1413
804,1440
805,1211
805,1269
805,1050
805,1128
806,1272
806,1051
806,1442
807,936
807,1409
807,1418
807,902
807,1274
807,1439
808,903
808,1275
808,1337
808,1235
808,1442
809,900
809,1107
809,1273
809,1335
809,1443
810,940
810,1054
810,1136
810,1348
810,1215
810,1410
810,1444
811,1057
811,1349
811,1371
812,942
812,1055
812,1139
812,1239
812,1350
812,1413
812,1421
812,1339
812,1441
812,1444
812,1445
813,1340
813,1140
813,1240
814,906
814,943
815,944
815,1141
815,1245
815,1354
815,1422
815,1341
815,1445
815,1446
816,1144
816,1250
816,1425
816,1343
816,1446
816,1448
817,912
817,1114
817,1280
817,1344
818,852
818,951
818,1061
818,1253
818,1355
819,853
819,1254
820,913
820,1115
820,1281
820,1345
821,950
821,1063
821,1357
821,1444
822,952
822,1064
822,1146
822,1255
823,890
823,1093
823,1267
823,1331
823,1411
823,1447
824,891
824,1268
824,1412
824,973
824,1447
825,1117
826,893
826,1270
826,1333
826,1370
826,1414
826,884
826,976
826,1449
827,1336
827,887
827,978
827,1412
827,1436
828,1369
828,1414
828,1437
828,888
828,1092
828,1267
828,1450
829,1150
829,1362
829,1422
829,926
829,1122
829,1230
829,1347
829,1454
829,1456
830,1415
830,981
830,1093
830,1268
830,1370
830,1438
830,1450
831,931
831,1231
831,1423
832,891
832,982
832,1270
833,866
833,1257
833,1288
834,1155
834,1363
834,1425
834,1430
834,932
834,1125
834,1232
834,1348
834,1456
834,1457
835,1105
835,1381
835,895
835,1098
835,1376
835,1416
836,1258
836,1434
836,1350
836,1426
836,1298
836,1457
837,960
837,1082
837,1366
837,1391
838,1349
838,1392
838,1130
838,1458
839,1234
839,959
839,1080
839,1364
839,1451
840,1238
840,1166
840,1455
841,1394
841,1134
842,1261
842,1429
842,939
842,1301
842,1357
842,1439
842,1457
843,875
843,1262
844,970
844,1176
844,1266
844,1372
844,1361
844,1441
844,1460
845,972
845,1180
845,1269
845,1380
846,1146
846,1468
847,919
847,1121
847,1292
847,1351
848,1294
848,1352
848,1286
848,1461
849,974
849,1091
849,1382
850,952
850,1147
850,1306
850,1364
850,1468
851,922
851,1295
851,1353
851,1431
851,1287
851,1447
851,1461
851,1463
852,980
852,1424
852,1365
853,1149
853,1307
853,1366
853,951
853,1469
854,924
854,1297
854,1396
854,1433
854,916
854,1290
854,1428
854,1465
854,1449
854,1464
855,1431
855,917
855,1292
855,1466
856,981
856,1094
856,1184
856,1274
856,1383
856,1444
856,1460
856,1440
857,1299
857,1432
857,918
857,1003
857,1121
857,1293
857,1466
858,1294
858,1433
858,919
858,1467
859,920
859,1004
859,1295
859,1396
859,1467
859,1450
860,986
860,1276
860,1445
861,1099
861,1384
861,1154
861,1310
861,1367
861,1462
861,1473
861,1441
861,1472
862,1132
862,1356
862,1400
862,1437
862,1124
862,1398
862,1471
862,1452
862,1470
863,1438
863,1006
863,1126
863,1399
863,1471
863,1453
864,1103
864,1190
864,1159
864,1259
864,1312
864,1368
864,1473
865,958
865,1314
865,1106
865,1442
865,1468
866,957
866,1161
866,1313
866,1443
866,1469
867,1388
867,995
867,1108
867,1196
868,998
868,1112
868,1281
868,1392
868,1167
868,1371
868,1474
869,901
869,1168
870,1171
870,1374
870,997
870,1110
870,1199
870,1280
870,1390
870,1451
871,999
871,1200
871,1282
871,1393
871,1264
871,961
871,1454
871,1473
871,1445
871,1475
872,1380
872,1201
872,1283
872,1455
873,1000
873,1284
873,963
873,1265
873,1320
873,1382
873,1456
873,1476
873,1446
873,1475
874,1002
874,1115
874,1474
875,909
875,965
875,1321
875,1458
876,1397
876,1001
876,1114
877,971
877,1180
877,1272
877,1451
878,1402
878,1178
879,972
879,1181
879,1275
879,1386
879,1207
879,1403
879,1455
879,1482
880,953
880,1311
880,1370
880,1309
880,1461
881,1276
881,974
881,1184
881,1456
882,975
882,1185
882,1388
882,1482
883,954
883,1157
883,1315
883,1373
883,1480
884,955
884,1317
884,1375
884,1447
884,1480
885,1404
885,981
885,1277
885,1325
885,1389
885,1459
885,1478
885,1457
886,1186
886,1390
887,956
887,1377
887,1412
887,1449
888,1379
888,1414
888,1034
888,1447
889,930
889,1300
889,1391
889,1443
890,1163
890,1381
890,1036
890,1156
890,1315
890,1411
890,1483
890,1449
890,1470
891,1037
891,1157
891,1317
891,1412
891,1450
891,1471
891,1483
892,1008
892,1301
892,1460
892,1479
893,1415
893,1414
893,955
893,1039
893,1158
894,1133
894,1216
894,1302
894,1406
894,1395
894,1195
894,1462
894,1481
894,1484
895,1416
895,1162
895,1452
896,994
896,1337
896,1397
896,1468
897,1016
897,1138
897,990
898,991
898,1335
898,1469
899,997
899,1201
900,938
900,1307
900,1485
901,998
901,1202
901,1338
901,1402
902,1020
902,1141
902,1305
902,1409
902,1339
902,1460
902,1472
902,1484
903,1340
903,1142
903,1306
903,1486
904,1023
904,1144
904,1227
904,1308
904,1341
904,1291
904,1473
905,1203
905,1462
906,1025
906,1146
907,1001
907,1344
907,1468
908,946
908,1028
908,1149
908,1313
908,1205
908,1474
908,1485
908,1487
909,1002
909,1206
909,1345
909,1469
910,1231
910,1314
910,1026
910,1147
910,1486
911,1030
911,1233
911,1318
912,1211
912,1151
912,1493
913,1208
913,1407
913,1458
914,1209
915,1188
915,1330
915,1398
916,981
916,1331
916,1399
916,1428
916,1461
916,1480
917,982
917,1191
917,1332
917,1431
917,973
917,1327
917,1464
917,1488
917,1489
918,983
918,1333
918,1432
918,1465
918,1489
919,984
919,1193
919,1334
919,1400
919,1433
919,1328
919,976
919,1490
919,1461
920,985
920,1336
920,977
920,1065
920,1187
920,1329
920,1428
920,1466
920,1490
920,1463
921,1160
921,1421
921,1495
922,987
922,1431
922,979
922,1067
922,1188
922,1331
922,1467
922,1465
922,1483
922,1491
922,1492
923,1432
923,1068
923,1492
924,981
924,1189
924,1332
924,1433
924,1494
924,1466
925,1435
925,1070
925,1191
925,1333
925,1494
926,1239
926,1422
926,1215
926,1495
926,1496
927,1350
927,1409
927,1008
927,1478
928,1198
928,1436
928,1470
929,1048
929,1169
929,1424
929,1474
930,1349
930,1007
930,1214
930,1443
931,1009
931,1047
931,1166
931,1423
932,1245
932,1323
932,1425
932,1410
932,1496
932,1497
933,1011
933,1304
933,1050
933,1493
934,1014
934,1051
934,1482
935,1054
935,1176
935,1427
935,1496
935,1499
935,1477
936,1020
936,1227
936,1359
936,1418
936,1478
937,966
937,1057
937,1179
938,967
938,1326
938,1021
938,1228
938,1360
938,1469
938,1498
939,1055
939,1177
939,1325
939,1429
939,1022
939,1361
939,1479
939,1484
939,1497
939,1499
940,1430
940,1229
940,1312
940,1500
941,1024
941,1314
942,1434
942,1230
942,1316
942,1421
942,1481
942,1500
942,1501
943,1025
943,1231
943,1318
943,1482
944,1258
944,1422
944,1232
944,1501
945,1026
945,1233
945,1364
945,1423
946,1027
946,1365
946,1498
947,1028
947,1366
947,1424
948,1064
948,1186
948,1337
948,1486
949,1004
949,1352
949,1412
949,1502
950,1066
950,1190
950,1032
950,1237
950,1320
950,1367
950,1439
950,1500
950,1484
951,980
951,1338
951,1236
952,1238
952,1504
953,1415
953,1003
953,1092
953,1352
953,1491
953,1503
954,1221
954,1417
954,1505
955,1010
955,1224
955,1356
955,1419
955,1096
955,1217
955,1483
955,1447
955,1505
956,1420
956,1006
956,1098
956,1218
956,1450
956,1449
957,992
957,1082
957,1202
957,1345
957,1371
957,1443
957,1485
958,1049
958,1374
958,1080
958,1201
958,1344
958,1486
958,1504
958,1442
959,1255
960,1253
961,1084
961,1204
961,1274
961,1347
961,1445
961,1495
962,1086
962,1206
962,1487
963,1087
963,1276
963,1348
963,1446
963,1496
963,1506
964,1058
964,1207
965,1002
965,1209
965,1349
966,1210
966,1056
967,1057
967,1257
967,1385
967,1469
968,1277
968,1350
968,1448
968,1497
968,1506
968,1440
969,1059
969,1337
969,1386
969,1493
970,1259
970,1387
970,1507
970,1441
971,1212
971,1451
972,1340
972,1280
972,1512
972,1455
973,1037
973,1242
973,1373
974,1095
974,1216
974,1282
974,1341
974,1260
974,1456
974,1496
974,1513
975,1283
975,1358
975,1512
976,1039
976,1244
976,1376
976,1461
976,1488
977,1041
977,1377
977,1463
977,1489
978,1043
978,1246
978,1378
978,1436
978,1464
978,1508
979,1044
979,1247
979,1379
979,1123
979,1465
979,1490
979,1508
980,1262
980,1394
980,1069
981,1045
981,1099
981,1219
981,1249
981,1284
981,1359
981,1381
981,1438
981,1035
981,1072
981,1124
981,1241
981,1264
981,1343
981,1373
981,1395
981,1457
981,1466
981,1491
981,1500
981,1507
981,1510
981,1514
981,1444
981,1461
981,1489
981,1497
981,1505
981,1509
981,1513
982,1037
982,1243
982,1376
982,1467
982,1490
982,1511
982,1464
983,1127
983,1244
983,1377
983,1494
983,1465
983,1511
984,1378
984,1039
984,1491
985,1041
985,1129
985,1246
985,1379
985,1466
985,1492
986,1103
986,1285
986,1362
986,1076
986,1265
986,1346
986,1501
986,1514
986,1445
987,1044
987,1131
987,1248
987,1381
987,1467
987,1494
988,1078
988,1397
988,1106
989,1108
989,1512
990,1015
990,1111
990,1228
990,1365
990,1487
991,1016
991,1112
991,1366
992,1081
992,1498
993,1109
993,1227
993,1499
993,1513
994,1110
994,1364
994,1504
995,1272
995,1515
996,1274
996,1348
996,1459
996,1500
997,1083
997,1275
997,1451
997,1515
998,1273
998,1516
999,1276
999,1350
999,1084
999,1454
999,1501
1000,1087
1000,1277
1000,1354
1000,1405
1000,1456
1001,1090
1001,1279
1001,1235
1001,1504
1001,1468
1001,1515
1002,1089
1002,1278
1002,1407
1002,1469
1002,1516
1003,1071
1003,1400
1003,1502
1003,1508
1004,1073
1004,1401
1004,1065
1004,1156
1004,1398
1004,1450
1004,1517
1004,1509
1005,1075
1005,1157
1005,1263
1005,1399
1005,1503
1005,1510
1005,1517
1006,1079
1006,1268
1006,1162
1006,1453
1006,1505
1006,1480
1007,1048
1007,1254
1007,1385
1007,1288
1007,1498
1007,1485
1007,1518
1008,1133
1008,1252
1008,1384
1008,1413
1008,1291
1008,1507
1008,1460
1008,1519
1009,1135
1009,1255
1010,1267
1010,1483
1011,1137
1011,1314
1011,1386
1012,1108
1013,1139
1013,1475
1014,1388
1014,1140
1014,1318
1014,1512
1015,1052
1015,1257
1015,1518
1015,1487
1016,1111
1017,1141
1017,1256
1017,1389
1017,1476
1017,1506
1017,1513
1017,1519
1018,1142
1018,1390
1019,1144
1019,1319
1019,1393
1019,1514
1020,1258
1020,1113
1020,1301
1020,1421
1020,1478
1020,1507
1020,1521
1020,1472
1021,1057
1021,1394
1022,1145
1022,1259
1022,1320
1022,1395
1022,1479
1022,1520
1023,1422
1023,1372
1023,1473
1024,1374
1025,1116
1025,1380
1025,1148
1025,1512
1025,1523
1025,1482
1026,1120
1026,1304
1026,1151
1026,1523
1026,1515
1027,1062
1027,1153
1027,1262
1028,1402
1028,1117
1028,1303
1028,1516
1028,1474
1028,1522
1029,1155
1029,1122
1029,1383
1029,1514
1030,1403
1031,1415
1031,1188
1031,1412
1031,1517
1031,1524
1032,1160
1032,1266
1032,1484
1033,1125
1033,1427
1033,1475
1034,1292
1034,1488
1034,1525
1035,1101
1035,1293
1035,1416
1035,1489
1035,1508
1035,1525
1036,1294
1036,1470
1036,1526
1037,1102
1037,1295
1037,1417
1037,1286
1037,1471
1037,1490
1037,1509
1037,1526
1037,1527
1038,1404
1038,1429
1038,1476
1039,1297
1039,1096
1039,1289
1039,1491
1039,1528
1039,1488
1039,1508
1040,1169
1040,1271
1040,1522
1041,1105
1041,1420
1041,1097
1041,1290
1041,1492
1041,1511
1041,1528
1041,1489
1042,1166
1042,1523
1043,1098
1043,1529
1043,1509
1044,1299
1044,1100
1044,1292
1044,1416
1044,1494
1044,1490
1044,1510
1044,1529
1044,1530
1045,1101
1045,1197
1045,1294
1045,1417
1045,1531
1045,1491
1045,1511
1046,1198
1046,1295
1046,1419
1046,1531
1046,1492
1047,1135
1047,1314
1047,1388
1047,1515
1048,1408
1048,1134
1048,1313
1048,1498
1048,1516
1048,1532
1049,1174
1049,1275
1049,1486
1050,1137
1050,1318
1050,1390
1051,1140
1051,1482
1051,1534
1052,1143
1052,1532
1053,1177
1053,1409
1053,1519
1053,1440
1054,1320
1054,1533
1054,1535
1055,1342
1055,1145
1055,1322
1055,1535
1055,1441
1055,1484
1056,1182
1056,1281
1057,1321
1058,1280
1059,1283
1059,1344
1059,1493
1060,1431
1060,1121
1060,1524
1061,1485
1062,1152
1062,1518
1063,1190
1063,1285
1063,1418
1063,1154
1063,1521
1063,1535
1063,1444
1063,1519
1064,1486
1065,1129
1065,1436
1065,1525
1066,1160
1066,1325
1066,1405
1067,1131
1067,1311
1067,1437
1067,1123
1067,1483
1067,1526
1067,1536
1068,1132
1068,1438
1068,1217
1068,1309
1068,1517
1068,1502
1068,1527
1068,1536
1069,1516
1070,1126
1070,1218
1070,1503
1070,1528
1071,1127
1071,1436
1071,1517
1071,1529
1071,1537
1072,1298
1072,1348
1072,1421
1072,1164
1072,1497
1072,1539
1072,1520
1072,1538
1073,1129
1073,1437
1074,1199
1075,1221
1075,1311
1075,1438
1075,1531
1075,1503
1076,1350
1076,1422
1076,1539
1077,1202
1077,1424
1077,1167
1077,1522
1077,1487
1078,1171
1078,1201
1078,1423
1078,1523
1079,1226
1079,1315
1079,1505
1080,1174
1080,1337
1080,1451
1081,1300
1081,1498
1082,1172
1082,1335
1083,1340
1083,1358
1084,1359
1084,1341
1084,1413
1084,1501
1084,1495
1084,1540
1084,1541
1085,1180
1085,1207
1085,1523
1086,1210
1086,1178
1086,1532
1086,1522
1087,1362
1087,1430
1087,1343
1087,1533
1087,1542
1087,1496
1087,1541
1088,1181
1089,1118
1089,1213
1089,1307
1089,1518
1090,1212
1090,1306
1090,1504
1091,1216
1091,1541
1091,1546
1092,1491
1092,1543
1093,1163
1093,1241
1093,1450
1093,1492
1093,1524
1093,1447
1093,1536
1093,1543
1094,1219
1094,1195
1094,1439
1094,1535
1094,1542
1094,1460
1094,1499
1094,1546
1095,1422
1095,1348
1095,1533
1096,1331
1096,1452
1096,1508
1096,1526
1097,1453
1097,1527
1098,1332
1098,1162
1098,1509
1098,1544
1098,1525
1099,1350
1099,1425
1099,1548
1099,1462
1099,1500
1100,1170
1100,1333
1100,1327
1100,1510
1100,1528
1100,1544
1101,1336
1101,1328
1101,1511
1101,1529
1101,1508
1101,1527
1101,1545
1102,1165
1102,1330
1102,1528
1102,1547
1102,1452
1102,1509
1103,1354
1103,1426
1103,1548
1103,1501
1104,1251
1104,1331
1104,1531
1104,1510
1104,1547
1104,1453
1105,1332
1105,1511
1105,1530
1106,1201
1106,1468
1106,1534
1107,1138
1107,1443
1109,1203
1109,1357
1109,1427
1109,1535
1109,1472
1110,1504
1111,1522
1112,1355
1113,1324
1113,1361
1113,1507
1114,1211
1114,1235
1115,1208
1115,1474
1116,1386
1116,1512
1117,1153
1118,1326
1118,1365
1118,1532
1118,1518
1119,1239
1119,1325
1119,1513
1119,1538
1120,1388
1120,1240
1120,1451
1121,1193
1121,1466
1122,1245
1122,1389
1122,1215
1122,1454
1122,1514
1122,1539
1122,1540
1122,1440
1123,1351
1124,1197
1124,1352
1124,1470
1124,1505
1124,1549
1125,1250
1125,1393
1125,1456
1125,1541
1125,1477
1126,1198
1126,1353
1126,1471
1126,1536
1126,1549
1127,1194
1127,1517
1127,1544
1128,1223
1129,1536
1129,1545
1130,1169
1130,1254
1130,1458
1131,1470
1132,1267
1132,1352
1132,1471
1132,1517
1132,1547
1133,1372
1133,1481
1133,1507
1134,1338
1134,1371
1134,1516
1135,1374
1135,1515
1136,1444
1136,1540
1137,1380
1138,1228
1139,1342
1139,1229
1139,1382
1139,1550
1139,1445
1139,1541
1140,1403
1140,1512
1140,1551
1141,1258
1141,1230
1141,1383
1141,1459
1141,1542
1141,1550
1141,1446
1141,1484
1141,1513
1142,1551
1143,1345
1144,1404
1144,1232
1144,1548
1144,1514
1144,1448
1145,1405
1145,1462
1146,1234
1147,1238
1147,1486
1147,1468
1147,1551
1148,1388
1148,1455
1149,1236
1149,1469
1149,1485
1150,1239
1150,1389
1150,1456
1151,1240
1151,1390
1151,1515
1152,1192
1152,1349
1152,1518
1153,1391
1154,1266
1154,1350
1154,1472
1154,1519
1155,1245
1155,1393
1155,1548
1155,1457
1156,1369
1156,1509
1157,1221
1157,1370
1157,1286
1157,1483
1157,1510
1157,1543
1157,1549
1157,1552
1157,1480
1158,1217
1158,1289
1158,1511
1158,1524
1159,1354
1159,1409
1159,1473
1160,1395
1161,1271
1161,1487
1162,1226
1162,1373
1162,1525
1162,1553
1163,1220
1163,1294
1163,1369
1163,1483
1163,1524
1164,1410
1164,1520
1165,1379
1165,1528
1165,1545
1165,1525
1166,1255
1166,1397
1167,1273
1167,1355
1167,1474
1168,1202
1169,1253
1170,1376
1170,1531
1170,1528
1171,1275
1173,1359
1173,1521
1175,1362
1175,1418
1175,1460
1175,1495
1176,1363
1176,1554
1176,1496
1177,1259
1177,1478
1177,1554
1177,1497
1177,1519
1178,1281
1178,1366
1178,1522
1179,1210
1179,1518
1180,1280
1180,1364
1180,1523
1181,1283
1181,1423
1182,1407
1183,1425
1183,1481
1183,1520
1184,1284
1184,1260
1185,1482
1186,1551
1187,1246
1187,1490
1188,1248
1188,1396
1188,1491
1188,1517
1188,1555
1189,1241
1189,1488
1190,1266
1190,1409
1190,1500
1190,1521
1191,1242
1191,1494
1191,1489
1192,1532
1193,1244
1193,1490
1194,1251
1194,1399
1194,1549
1194,1553
1195,1298
1195,1372
1195,1427
1195,1484
1196,1269
1197,1401
1198,1315
1198,1398
1198,1537
1198,1536
1199,1272
1200,1274
1200,1550
1200,1475
1201,1275
1201,1504
1201,1523
1201,1551
1201,1534
1202,1273
1202,1522
1203,1302
1203,1384
1203,1535
1203,1556
1203,1477
1204,1439
1204,1557
1204,1479
1205,1303
1205,1487
1205,1534
1206,1278
1207,1280
1207,1423
1207,1482
1208,1307
1208,1392
1210,1281
1210,1424
1210,1532
1211,1306
1211,1390
1214,1288
1215,1312
1215,1444
1215,1495
1215,1539
1216,1427
1216,1560
1217,1267
1217,1412
1217,1505
1217,1527
1218,1414
1218,1528
1218,1543
1218,1558
1219,1429
1219,1298
1219,1507
1219,1535
1219,1560
1220,1328
1220,1530
1220,1552
1221,1415
1221,1330
1221,1411
1221,1531
1221,1559
1221,1505
1221,1543
1222,1402
1224,1331
1224,1412
1224,1559
1225,1403
1225,1486
1226,1417
1226,1545
1227,1404
1227,1301
1227,1554
1227,1560
1227,1513
1228,1257
1228,1498
1229,1323
1229,1405
1229,1454
1229,1541
1230,1324
1230,1406
1230,1456
1230,1500
1230,1542
1230,1556
1230,1440
1230,1538
1232,1457
1232,1501
1232,1557
1232,1539
1233,1304
1235,1306
1235,1442
1235,1515
1236,1262
1237,1325
1237,1409
1237,1546
1238,1504
1238,1561
1239,1310
1239,1444
1239,1496
1239,1556
1241,1294
1241,1431
1241,1509
1241,1536
1241,1562
1242,1295
1242,1432
1242,1510
1242,1555
1242,1562
1243,1433
1243,1286
1244,1297
1244,1287
1244,1511
1244,1558
1245,1312
1245,1459
1245,1548
1245,1557
1245,1565
1245,1445
1245,1497
1245,1540
1246,1290
1246,1537
1246,1508
1246,1555
1247,1299
1247,1351
1247,1428
1248,1292
1248,1563
1248,1509
1249,1435
1249,1431
1249,1293
1249,1352
1249,1564
1249,1510
1249,1559
1249,1563
1250,1316
1250,1565
1250,1446
1250,1541
1251,1438
1251,1549
1252,1542
1252,1448
1253,1338
1256,1322
1256,1560
1256,1519
1256,1546
1257,1321
1257,1518
1258,1324
1258,1457
1259,1426
1259,1507
1259,1566
1259,1520
1260,1348
1260,1427
1261,1325
1261,1521
1261,1560
1263,1311
1263,1517
1263,1562
1264,1350
1264,1429
1264,1475
1264,1513
1264,1566
1265,1354
1265,1476
1265,1514
1266,1434
1266,1567
1266,1460
1267,1450
1267,1547
1267,1558
1268,1373
1268,1559
1268,1447
1268,1552
1270,1317
1270,1376
1270,1449
1271,1335
1271,1522
1272,1358
1273,1300
1273,1516
1274,1359
1274,1339
1274,1439
1274,1550
1275,1340
1275,1561
1275,1482
1275,1515
1275,1551
1276,1362
1276,1341
1276,1567
1276,1506
1277,1363
1277,1343
1277,1565
1278,1366
1278,1443
1279,1364
1279,1442
1280,1512
1281,1474
1282,1347
1282,1513
1284,1348
1284,1514
1284,1565
1284,1475
1285,1350
1285,1476
1285,1535
1285,1550
1286,1330
1286,1461
1286,1526
1286,1549
1287,1331
1287,1463
1287,1527
1287,1562
1288,1313
1288,1518
1289,1464
1290,1332
1290,1465
1290,1528
1290,1555
1291,1372
1291,1448
1291,1519
1291,1566
1292,1334
1292,1327
1292,1466
1292,1529
1292,1562
1292,1568
1292,1525
1293,1336
1293,1530
1293,1568
1294,1328
1294,1467
1294,1526
1295,1329
1295,1398
1295,1531
1295,1563
1295,1461
1295,1527
1295,1555
1296,1399
1296,1564
1296,1463
1297,1331
1297,1528
1297,1464
1298,1479
1298,1569
1299,1333
1299,1400
1299,1564
1299,1466
1299,1530
1300,1360
1301,1384
1301,1361
1301,1457
1301,1521
1301,1554
1301,1566
1301,1569
1301,1538
1302,1484
1303,1392
1303,1522
1304,1390
1304,1523
1305,1367
1305,1459
1306,1486
1307,1326
1307,1485
1308,1368
1308,1567
1308,1519
1308,1540
1309,1352
1309,1536
1309,1552
1310,1462
1310,1556
1311,1351
1311,1411
1311,1536
1312,1500
1312,1557
1312,1571
1312,1520
1313,1402
1313,1371
1313,1469
1313,1532
1313,1570
1313,1487
1314,1374
1314,1468
1315,1483
1316,1501
1316,1533
1316,1571
1317,1356
1317,1480
1318,1380
1318,1403
1319,1404
1319,1383
1319,1546
1320,1405
1320,1571
1321,1345
1322,1406
1322,1535
1322,1569
1323,1572
1323,1496
1324,1387
1324,1572
1324,1497
1324,1556
1325,1395
1325,1478
1325,1560
1325,1572
1325,1499
1325,1569
1326,1394
1326,1498
1327,1376
1327,1489
1327,1544
1327,1562
1328,1378
1328,1490
1328,1545
1329,1379
1329,1568
1330,1491
1330,1573
1331,1381
1331,1492
1331,1547
1331,1562
1331,1573
1332,1373
1332,1494
1332,1563
1332,1574
1332,1488
1332,1544
1332,1568
1333,1375
1333,1564
1333,1574
1333,1489
1334,1376
1334,1545
1336,1377
1336,1436
1336,1490
1339,1421
1339,1484
1340,1512
1340,1561
1341,1422
1341,1513
1341,1540
1342,1405
1343,1425
1343,1514
1343,1541
1343,1571
1345,1407
1346,1426
1346,1542
1347,1538
1348,1430
1348,1410
1348,1565
1348,1539
1348,1571
1348,1576
1350,1434
1350,1413
1350,1572
1350,1506
1350,1576
1351,1400
1352,1401
1352,1503
1352,1559
1352,1575
1352,1549
1352,1573
1353,1575
1353,1447
1353,1502
1354,1548
1356,1452
1356,1505
1357,1439
1357,1576
1358,1512
1359,1421
1359,1572
1359,1513
1359,1541
1360,1385
1361,1441
1361,1497
1361,1566
1362,1422
1362,1514
1362,1542
1363,1425
1363,1577
1363,1565
1365,1498
1365,1570
1367,1500
1368,1501
1368,1521
1368,1567
1369,1563
1370,1415
1370,1564
1370,1575
1370,1461
1370,1552
1372,1566
1373,1417
1373,1510
1373,1568
1373,1573
1373,1578
1373,1553
1374,1451
1374,1504
1375,1419
1375,1578
1376,1511
1377,1420
1377,1574
1378,1573
1379,1508
1379,1568
1380,1523
1380,1455
1381,1416
1381,1574
1381,1470
1381,1509
1382,1456
1383,1457
1383,1550
1383,1576
1383,1440
1384,1441
1384,1519
1384,1556
1385,1408
1385,1518
1387,1533
1387,1520
1389,1459
1389,1444
1389,1576
1393,1445
1395,1462
1395,1507
1395,1569
1396,1428
1396,1555
1397,1468
1398,1437
1398,1517
1399,1438
1399,1575
1399,1578
1399,1480
1400,1575
1401,1436
1402,1522
1403,1455
1403,1551
1404,1577
1404,1457
1404,1560
1406,1569
1407,1516
1408,1532
1409,1478
1409,1460
1410,1540
1410,1571
1411,1524
1412,1450
1412,1559
1413,1481
1413,1541
1413,1556
1414,1447
1414,1488
1414,1558
1415,1491
1415,1524
1415,1559
1416,1530
1416,1574
1416,1578
1416,1525
1417,1531
1417,1526
1417,1573
1418,1472
1419,1527
1420,1528
1420,1574
1420,1453
1421,1572
1421,1538
1422,1539
1424,1474
1424,1570
1425,1548
1425,1579
1425,1571
1426,1579
1427,1477
1428,1466
1429,1560
1429,1579
1429,1479
1429,1566
1430,1557
1430,1541
1431,1467
1431,1563
1431,1562
1432,1564
1432,1502
1433,1461
1434,1481
1434,1542
1434,1572
1435,1564
1435,1503
1436,1537
1438,1575
1438,1505
1438,1536
1439,1484
1439,1546
1440,1497
1442,1486
1442,1534
1443,1485
1444,1500
1444,1535
1444,1576
1445,1501
1445,1550
1446,1565
1447,1483
1448,1579
1449,1574
1449,1480
1450,1509
1450,1543
1452,1547
1453,1578
1454,1495
1455,1561
1456,1496
1457,1577
1457,1579
1457,1497
1457,1569
1457,1576
1459,1500
1459,1550
1459,1565
1460,1507
1460,1542
1461,1491
1461,1575
1463,1492
1465,1494
1466,1489
1466,1568
1467,1490
1468,1504
1471,1549
1473,1548
1473,1566
1474,1516
1476,1506
1478,1507
1478,1554
1478,1572
1479,1569
1479,1580
1480,1505
1480,1552
1480,1578
1482,1512
1483,1526
1485,1498
1486,1551
1487,1522
1487,1570
1489,1511
1489,1574
1491,1508
1491,1573
1492,1536
1492,1555
1494,1510
1494,1574
1496,1533
1497,1565
1497,1572
1497,1579
1497,1520
1497,1580
1499,1535
1499,1554
1500,1571
1502,1517
1502,1575
1503,1575
1503,1543
1505,1559
1506,1542
1506,1576
1507,1566
1508,1529
1509,1563
1509,1525
1510,1531
1510,1564
1510,1549
1510,1562
1510,1578
1510,1581
1511,1527
1513,1560
1513,1538
1514,1548
1514,1539
1518,1532
1520,1571
1520,1580
1525,1545
1525,1568
1527,1547
1529,1544
1530,1568
1530,1581
1532,1570
1533,1571
1534,1551
1538,1556
1538,1569
1539,1557
1539,1576
1544,1574
1544,1553
1546,1560
1547,1573
1548,1557
1548,1579
1549,1575
1551,1561
1552,1559
1552,1581
1553,1578
1553,1580
1554,1577
1554,1566
1555,1563
1557,1580
1559,1573
1560,1569
1561,1570
1563,1568
1564,1575
1564,1581
1565,1571
1566,1579
1574,1578
1577,1579
1577,1581
1578,1581
1579,1580
