id,x,y
1,-4.23854278061644,1.77054349088079
2,-4.09346588560844,2.75996387400155
3,-3.96846588560844,1.76780713235233
4,-3.84346588560844,0.775650390703112
5,-3.83397220746258,2.68505027124819
6,-3.81726955788963,2.01737767342574
7,-3.8172124622863,1.94864548909012
8,-3.78898459826251,1.68606272627155
9,-3.76078815803528,2.40257924725326
10,-3.76009116942009,1.56353828465218
11,-3.74100155034956,2.46840178579247
12,-3.72942415350704,2.27046033460547
13,-3.69933488368289,2.13768287190939
14,-3.68235560456835,2.25348108254592
15,-3.65766821701623,1.80696395802632
16,-3.64884196346208,0.962921706722214
17,-3.6385785979457,2.7118274591666
18,-3.63736799536828,1.25449353756927
19,-3.61600155034956,1.47624504414324
20,-3.59346588560844,1.20866309259533
21,-3.59241765921106,1.41685546488536
22,-3.57572661087418,2.82089943882028
23,-3.57433488368289,1.14552613026017
24,-3.54749874685039,2.55831667600172
25,-3.53973354280949,1.92726915650997
26,-3.53618018848535,2.09570104730114
27,-3.51401652954069,2.24685658397829
28,-3.5135785979457,1.71967071751738
29,-3.46906619338346,2.40921851129437
30,-3.46846588560844,2.20081983424455
31,-3.46835857695489,1.55738369442548
32,-3.42940163430871,3.5995570516156
33,-3.42933293746931,1.4591082955226
34,-3.41473354280949,0.935112414860752
35,-3.41264188913244,2.86315226945752
36,-3.4076022912177,2.13152828168269
37,-3.40113649724208,2.17562481650431
38,-3.39588214395617,2.12674748729944
39,-3.39585072015961,1.14764820349917
40,-3.39564392373896,1.83997591600104
41,-3.39209056941482,2.00840780679221
42,-3.38853721509068,2.17683969758338
43,-3.38441402510865,2.60056950663895
44,-3.37300095034429,2.91327130793249
45,-3.36944759602015,3.08170319872366
46,-3.36762285613582,0.885065440680602
47,-3.35847333635269,1.34180782087791
48,-3.35093180779894,2.28910941461553
49,-3.35090038400238,1.31001013081525
50,-3.35042390274815,1.67768889290913
51,-3.34346588560844,3.19297657589377
52,-3.33942641590858,1.60158196166231
53,-3.33491218094528,1.55456841801865
54,-3.33417206262267,1.55270463245745
55,-3.32270394377515,2.02652665179696
56,-3.31726955788963,1.95124929317115
57,-3.31486920438836,2.07711154854376
58,-3.30598147164172,2.45147134193161
59,-3.30520388175735,1.51540186981723
60,-3.29673294280422,3.36429542029922
61,-3.29450750354792,2.74304317277867
62,-3.28966761701096,2.25183348016634
63,-3.28922172646544,1.71506655977353
64,-3.27778503141448,3.16798786291332
65,-3.27708413306858,2.33849021642263
66,-3.27503669034934,1.62142203831156
67,-3.26099386244165,1.45248379695497
68,-3.26009116942009,2.40508868194471
69,-3.24800095034429,1.92111456628327
70,-3.24444759602015,2.08954645707444
71,-3.24427139030822,1.87742848708962
72,-3.24100155034956,1.50022518080442
73,-3.23279742221442,2.16900031793668
74,-3.23248922854142,1.79799409139279
75,-3.22891133127376,2.82597806742355
76,-3.22751164513195,1.14102370493154
77,-3.21607495008099,2.59394500807133
78,-3.19933488368289,1.8309440946875
79,-3.19928378110816,0.878440942112974
80,-3.19121893200358,1.76756071063457
81,-3.19082256187475,1.46727517750971
82,-3.1878470860572,2.33136224525276
83,-3.18726920755061,1.63570706830088
84,-3.18369131028296,2.66369104433165
85,-3.18256130897472,1.30338563224762
86,-3.17173294280422,2.37213867865
87,-3.17108734088092,1.59495746309468
88,-3.16817958848008,2.54057056944117
89,-3.16587026063785,2.70742960618255
90,-3.16462623415594,2.70900246023234
91,-3.15766821701623,2.16166300857057
92,-3.15436486874749,2.01990215322933
93,-3.1385785979457,1.25679950743028
94,-3.13764239661406,2.44484684336398
95,-3.12651292181341,2.20985165555809
96,-3.12616842852026,2.73641867421104
97,-3.1261370047237,1.75731939041077
98,-3.11600155034956,2.49238192245364
99,-3.11455455433468,1.91829928987644
100,-3.11097665706702,2.94628326590721
101,-3.11066289390788,3.05603942267951
102,-3.10982972871947,2.7642431061793
103,-3.10937725954743,1.02091460825269
104,-3.10748922854142,0.805837349743566
105,-3.10742330274288,3.11471515669838
106,-3.10535373093857,1.19663120484651
107,-3.10391133127376,1.83382132577433
108,-3.10035797694962,2.0022532165655
109,-3.09265478741399,1.44585929838734
110,-3.08484625514675,1.87913274167502
111,-3.08129290082261,2.04756463246619
112,-3.08118666856647,1.91968131772685
113,-3.07593231528056,1.87080398852199
114,-3.07433488368289,2.82310083633672
115,-3.07083037986886,2.60034991244732
116,-3.06971270047268,2.21125314857391
117,-3.06933453334387,1.75601226678454
118,-3.06756865961879,1.45800987272539
119,-3.06575663607622,2.78399624281531
120,-3.0644956202296,3.32372529166178
121,-3.06445834718676,2.16237581936905
122,-3.0644269233902,1.18327653556877
123,-3.06226920755061,0.643550326651662
124,-3.05920984314712,2.29574867865664
125,-3.05914114630773,0.155299922563636
126,-3.04773587505333,2.5873205095037
127,-3.04673294280422,1.37998193700078
128,-3.04317958848008,1.54841382779195
129,-3.03973354280949,2.04135781008691
130,-3.03962623415594,1.71684571858312
131,-3.03623633240925,2.08204324504294
132,-3.03618018848535,1.87292591929574
133,-3.03119667805783,2.11641354734989
134,-3.02764332373369,2.28484543814106
135,-3.02476236431545,2.37361507589
136,-3.02408996940955,2.45327732893223
137,-3.02275025012364,1.76804173878038
138,-3.02053661508541,2.6217092197234
139,-3.01950801102953,2.32473774668513
140,-3.01947658723298,1.34563846288486
141,-3.0135785979457,2.24895624907951
142,-3.00857824760668,2.33015685404175
143,-3.00800261913918,1.63721029373192
144,-3.00500035033902,3.35814083007252
145,-3.0027855388961,2.74968243681978
146,-3.00274826585326,1.58833296452705
147,-3.0027168420567,0.609233680726781
148,-3.00151292181341,1.21769491390887
149,-2.99749976181363,1.72170582381465
150,-2.99128014700574,2.06215498386657
151,-2.99124872320919,1.0830557000663
152,-2.98955455433468,0.926142548227222
153,-2.98752251919833,0.413155307150346
154,-2.98602579371983,2.01327765466171
155,-2.98600120001054,1.09457443901839
156,-2.98597665706702,1.95412652425799
157,-2.98375090127303,1.6041485450484
158,-2.98242330274288,2.12255841504916
159,-2.97452625107575,1.50800039020095
160,-2.97401828958829,1.66257415857634
161,-2.97046493526415,1.83100604936751
162,-2.96930332158639,2.43822234479636
163,-2.96835857695489,2.41124327217141
164,-2.96691158094001,1.99943794015868
165,-2.96335822661587,2.16786983094985
166,-2.96305228298195,1.799572221048
167,-2.95779792969604,1.75069489184314
168,-2.95629290082261,1.05540789081697
169,-2.94782196186948,2.90430144129896
170,-2.94632981084852,2.22451691118266
171,-2.94629253780568,1.06316743888993
172,-2.94426860754534,3.07273333209013
173,-2.94391838723401,1.1484590348162
174,-2.9410754575626,2.17563958197779
175,-2.94075663607622,1.79183950116608
176,-2.9296014894688,2.46721141282485
177,-2.92957006567225,1.48811212902458
178,-2.92879826859748,1.50028713548443
179,-2.92524491427334,1.6687190262756
180,-2.92431571238633,1.43923479981971
181,-2.92173294280422,0.387825195351556
182,-2.91473354280949,3.03351455173614
183,-2.90939503616429,2.55217774241701
184,-2.9076022912177,1.8370986849142
185,-2.90734759344505,1.83510956430593
186,-2.90613331591422,1.40983770269507
187,-2.90260194087867,2.74201441820706
188,-2.90134220164846,1.22552936620601
189,-2.90031425526968,1.88376276248205
190,-2.89908996940955,1.46112058728301
191,-2.89612512140538,2.33800150929388
192,-2.89564392373896,2.12865105059585
193,-2.89553661508541,1.62955247807418
194,-2.89209056941482,1.96021915980468
195,-2.89064357339994,2.45046205252541
196,-2.88853721509068,1.79178726901351
197,-2.88465115331158,2.62957334014094
198,-2.88461972951502,1.65047405634066
199,-2.88357824760668,1.33800011239253
200,-2.88000035033902,2.3659840884233
201,-2.87936537622911,1.6015967271358
202,-2.87644699601488,2.53441597921447
203,-2.87314576142122,1.94204588718772
204,-2.87300095034429,1.0553556586644
205,-2.86944759602015,0.886923767873226
206,-2.86804198286029,2.07443172274164
207,-2.86789725738159,2.07541874647531
208,-2.86789140813531,1.89316855798286
209,-2.86457662666914,2.862209608472
210,-2.86131490641907,1.71986956875007
211,-2.86093527421201,2.41129550432398
212,-2.85738191988787,2.57972739511515
213,-2.85642328928779,2.36699057732237
214,-2.85639186549123,1.3878912935221
215,-2.85117478524815,2.50036343660996
216,-2.85042390274815,2.29093807368775
217,-2.84546493526415,0.838849307718286
218,-2.84191158094001,1.00728119850945
219,-2.84184565514148,3.31615900546427
220,-2.83970081715436,2.79193526745702
221,-2.83835822661587,1.17571308930062
222,-2.83491218094528,2.41405854857824
223,-2.83478032934822,2.20369706533139
224,-2.83441504007188,1.76395865445188
225,-2.82679155534935,3.12358827635087
226,-2.82637531619362,1.74371280885857
227,-2.82557727781852,2.69831641474002
228,-2.82474411263011,2.4065200982398
229,-2.82352983509929,1.98124823662894
230,-2.82294107197808,2.05553048529894
231,-2.82290964818153,1.07643120149867
232,-2.82282196186948,1.91214469964974
233,-2.82231555756846,1.55597637501809
234,-2.82148239238005,1.26418005851787
235,-2.82026811484922,0.838908196907013
236,-2.81926860754534,2.08057659044091
237,-2.81771077445474,2.45517329641592
238,-2.8157152532212,2.24900848123208
239,-2.81143568008773,1.36800303234573
240,-2.80728569712309,2.64857630999886
241,-2.80621859984465,2.48047517543359
242,-2.80618717604809,1.50137589163332
243,-2.80520388175735,2.45322509677966
244,-2.80373234279895,2.81700820079003
245,-2.80024491427334,0.676562284626381
246,-2.80017898847481,2.98544009158119
247,-2.79673294280422,0.604331546297666
248,-2.79662563415067,3.15387198237236
249,-2.79471320795429,1.79294772248038
250,-2.78966761701096,1.71679348643054
251,-2.77871142560413,2.29128010268394
252,-2.77799073582086,2.21789241261503
253,-2.77760194087867,1.74985767655784
254,-2.76651676772706,2.50946424346209
255,-2.76564357339994,1.45830531087618
256,-2.7620902190758,1.62673720166735
257,-2.76206567613228,2.48628928690695
258,-2.76126826368742,2.64283710274968
259,-2.76123099064459,1.48148763045695
260,-2.76119956684803,0.502388346656674
261,-2.75851232180815,2.65472117769812
262,-2.75500035033902,1.37382734677407
263,-2.74979429559363,2.93440893359674
264,-2.74800095034429,2.04751240031362
265,-2.74655395432941,2.36316881201647
266,-2.74444759602015,1.87908050952245
267,-2.74300060000527,2.53160070280764
268,-2.74092635428435,2.55265877056281
269,-2.73971207675352,2.12738690895195
270,-2.73944724568113,2.70003259359881
271,-2.73887891156511,1.83559059245174
272,-2.73766463403428,1.41031873084088
273,-2.73593527421201,1.41913876267476
274,-2.73307182346019,3.35935362373139
275,-2.73304039966363,2.38025433993111
276,-2.73300312662079,1.21890486763838
277,-2.73248922854142,2.1706328752041
278,-2.73238191988787,1.58757065346593
279,-2.72891133127376,1.14264889917333
280,-2.72775462258116,1.35227772692597
281,-2.72156643156984,2.67182617077817
282,-2.72042355240913,1.29601828778428
283,-2.71684565514148,2.32400226381505
284,-2.71628065448736,1.64384955777303
285,-2.70488728766274,2.0324498981334
286,-2.70480668639356,1.93542138862009
287,-2.70130939039509,3.06043387416416
288,-2.6998795627145,1.67169739871976
289,-2.69958960615048,3.04789353170796
290,-2.69955818235393,2.06879424790768
291,-2.69782196186948,0.919987958000518
292,-2.6961079447892,2.86269063661781
293,-2.69426860754534,1.08841984879169
294,-2.6916319470083,1.29507873528502
295,-2.69082256187475,2.50135178908717
296,-2.6907152532212,1.25685173958286
297,-2.68808421426013,2.36036607875474
298,-2.68805279046357,1.38126679495447
299,-2.68726920755061,2.332919898296
300,-2.68369131028296,1.30493592226524
301,-2.67873234279895,1.8248514591408
302,-2.67517898847481,1.99328334993197
303,-2.67173294280422,1.59648828794689
304,-2.67162563415067,2.16171524072314
305,-2.67136174212669,2.78531076888939
306,-2.67133031833014,1.80621148508912
307,-2.66817958848008,1.42805639715572
308,-2.66462623415594,1.25962450636455
309,-2.6598877740329,3.07688259973645
310,-2.65985635023634,2.09778331593618
311,-2.65966726667194,1.87016287504149
312,-2.65964272372842,2.72971496028109
313,-2.65832287346941,3.12406930449668
314,-2.65710859593859,2.69879744288582
315,-2.65627543075018,2.40700112638561
316,-2.65608936940428,2.89814685107226
317,-2.65506115321935,1.98172926477475
318,-2.65463926999326,3.21025545902404
319,-2.65457057315386,1.06980670293104
320,-2.65384687568852,1.55645740316389
321,-2.65301371050011,1.26466108666368
322,-2.65260194087867,0.757700934908614
323,-2.65253601508014,3.06657874186343
324,-2.64413100192555,2.60659448539061
325,-2.64316530189946,3.5018272898711
326,-2.64309660506006,1.3613785337781
327,-2.64064357339994,0.466148569226962
328,-2.63787952481699,2.47385067686596
329,-2.63784810102043,1.49475139306569
330,-2.63706567613228,1.49413254525773
331,-2.62651292181341,1.75877531103879
332,-2.62637413292663,1.78632322391275
333,-2.62510730865355,1.20258017957608
334,-2.62155395432941,1.37101207036725
335,-2.61800060000527,1.53944396115842
336,-2.61727608189956,2.24310793265363
337,-2.61490601407911,2.26014524325226
338,-2.61455455433468,2.05032767672044
339,-2.61444724568113,1.70787585194959
340,-2.61280008411867,0.675496031320837
341,-2.61097665706702,1.02234370068968
342,-2.61086934841348,2.73585982798035
343,-2.6096516607932,2.2112679140474
344,-2.60962023699664,1.23216863024712
345,-2.60748922854142,3.16278961685332
346,-2.60742330274289,0.853911809898507
347,-2.60391133127376,2.13480564082255
348,-2.60246433525888,2.27587557150753
349,-2.60035797694962,1.96637375003138
350,-2.59891098093474,2.4443074622987
351,-2.5981776926994,2.50283974489446
352,-2.59814626890284,1.52374046109418
353,-2.5953576266106,2.61273935308987
354,-2.59292918865976,2.63621260418205
355,-2.59184565514148,1.33184552216583
356,-2.58484625514675,2.08949422492187
357,-2.58145522056596,2.92778443502911
358,-2.58142379676941,1.94868515122883
359,-2.58129290082261,1.9210623341307
360,-2.57988728766274,1.04029315648417
361,-2.57827673304895,2.07921473892164
362,-2.57744356786054,1.78741842242143
363,-2.5763339333386,1.20872504727534
364,-2.57626800754007,3.51760285423016
365,-2.57367194993524,2.97841166031948
366,-2.57245767240441,2.55313979870862
367,-2.57124339487358,2.12786793709776
368,-2.57041022968517,1.83607162059755
369,-2.57002911734275,1.7025960754869
370,-2.56933453334387,2.21261469981235
371,-2.56919595215434,1.41079975898669
372,-2.56575663607622,1.18463072378158
373,-2.56466405159313,1.21228036907076
374,-2.56226920755061,3.32507663994522
375,-2.55848170982809,2.71407900141541
376,-2.55724431426807,2.11358854841563
377,-2.55369095994393,2.2820204392068
378,-2.55322735654217,2.66520167221054
379,-2.55319593274562,1.68610238841027
380,-2.5479415794597,1.63722505920541
381,-2.54673294280422,2.58864502959611
382,-2.54662563415067,1.16955849907392
383,-2.54317958848008,2.42021313880494
384,-2.54172196465182,1.97767421925733
385,-2.53962623415594,2.25178124801377
386,-2.53927738419834,1.91532154518966
387,-2.53844421900993,1.62352522868945
388,-2.53815469519754,3.01845204955591
389,-2.53650488440874,3.09014636234519
390,-2.5364676113659,1.92879689005246
391,-2.53643618756934,0.949697606252191
392,-2.53467260108463,2.8145184665875
393,-2.53466726667194,0.878006133392269
394,-2.53141088083456,1.67217842686557
395,-2.53119667805783,1.85221341924699
396,-2.53019660330373,1.24690656525471
397,-2.52764332373369,1.68378152845582
398,-2.52753601508014,2.07442200021421
399,-2.52619632771881,2.72689968387426
400,-2.52496806872183,1.42351962559171
401,-2.52408996940955,1.51534963766465
402,-2.52053661508541,1.34691774687349
403,-2.51974513923247,2.35374158018711
404,-2.51913100192555,1.61443774374139
405,-2.51557764760141,1.78286963453255
406,-2.51202429327727,1.95130152532372
407,-2.50857824760668,1.63847011255514
408,-2.50847093895313,2.11973341611489
409,-2.50500035033902,0.610486136524369
410,-2.50302266709903,2.77868627032176
411,-2.50151292181341,2.75093205268801
412,-2.5,3.96862696659689
413,-2.49651257147439,1.82818105043324
414,-2.49648802853088,2.68773313567284
415,-2.49567325223402,2.65062527285551
416,-2.49484008704561,2.3588289563553
417,-2.49362580951478,1.93355709474444
418,-2.49300060000527,0.547287219509195
419,-2.49293467420674,2.85616502646401
420,-2.49190163430871,3.84161851075356
421,-2.49155454825152,3.25250828966128
422,-2.49151727520868,2.09115881736855
423,-2.49148585141212,1.11205953356828
424,-2.48955455433468,3.04248441836966
425,-2.48944724568113,0.715719110300365
426,-2.48780674887024,2.40748215453142
427,-2.48742563652782,2.27400660942077
428,-2.48659247133941,1.98221029292056
429,-2.48600120001054,2.8740525275785
430,-2.48597665706702,2.0145004423389
431,-2.48537819380858,1.5569384313097
432,-2.48242330274288,1.84606855154773
433,-2.480976306728,2.56461266078236
434,-2.48004915636116,2.56498083670807
435,-2.48001188331832,1.40363136441534
436,-2.47746433525888,1.28371882985831
437,-2.47479480307524,2.5161035075032
438,-2.47401828958829,2.30605280802055
439,-2.47391098093474,1.45215072064948
440,-2.47046493526415,2.13762091722938
441,-2.4703576266106,1.62058261144065
442,-2.46691158094001,1.96918902643821
443,-2.46680427228646,1.78901450223182
444,-2.46335822661587,1.80075713564704
445,-2.46332083498144,2.80767533835026
446,-2.46328941118489,1.82857605454999
447,-2.46325798738833,0.849476770749711
448,-2.461952613456,1.16059835496783
449,-2.45788818091424,2.91200394073439
450,-2.45667390338341,2.48673207912353
451,-2.45629290082261,2.91321907577992
452,-2.455840738195,2.19493576262331
453,-2.45482136186421,2.35701422178977
454,-2.45462646066417,1.76966390101246
455,-2.45206912026969,3.38592900052136
456,-2.45126800754007,2.52544611258094
457,-2.44880740001962,2.24358896079943
458,-2.44782196186948,1.06432552529792
459,-2.44771465321593,2.6938780033721
460,-2.4475931224888,1.81831709918858
461,-2.44675995730039,1.52652078268836
462,-2.44656693905145,2.25352074468464
463,-2.44653551525489,1.27442146088436
464,-2.44426860754534,0.895893634506755
465,-2.44131258576553,2.20464341547977
466,-2.44075663607622,2.1767874654308
467,-2.4357562857372,2.40232563769045
468,-2.43513024400049,3.70644204782443
469,-2.4350615471611,1.56599329173142
470,-2.42984446691802,2.67846543481929
471,-2.42977577007862,0.538016678726282
472,-2.42879826859748,2.46833983111245
473,-2.42869095994393,1.28986369755758
474,-2.42524491427334,2.29990794032128
475,-2.42173294280422,3.58080177124533
476,-2.42028594678934,0.829879441084756
477,-2.41837049882422,2.97003726566634
478,-2.41833907502766,1.99093798186607
479,-2.41830180198482,0.829588509573342
480,-2.4167325924652,0.998311331875925
481,-2.41317923814106,1.16674322266709
482,-2.41315469519754,2.02629530790669
483,-2.41308472174174,1.94206065266121
484,-2.41223660623067,2.93023949028917
485,-2.41102232869984,2.50496762867831
486,-2.4096013408734,2.19472719869786
487,-2.40859377363819,1.65442390545659
488,-2.40776060844978,1.36262758895638
489,-2.40398899052447,2.55362082685443
490,-2.40260194087867,1.22661254838983
491,-2.40164802669079,3.394981955801
492,-2.40161660289423,2.41588267200072
493,-2.40161075364795,2.23363248350827
494,-2.40157932985139,1.25453319970799
495,-2.39908996940955,2.50750637931388
496,-2.39764297339467,1.90317483301621
497,-2.39632497656547,1.20565587050313
498,-2.39553661508541,2.33907448852271
499,-2.39408961907053,2.07160672380738
500,-2.39064357339994,1.51816491407148
501,-2.39014263480043,2.70745450284778
502,-2.39011121100387,1.72835521904751
503,-2.38489413076079,2.84082736213537
504,-2.38485685771795,1.67947788984264
505,-2.3848254339214,0.700378606042368
506,-2.38357824760668,2.63062685420436
507,-2.38000035033902,1.60264287817359
508,-2.37855335432414,2.8080383341565
509,-2.37644699601488,1.43421098738242
510,-2.375,2.97647022494766
511,-2.373420162667,3.13239919298243
512,-2.3733514658276,0.991950436889427
513,-2.37323725738006,2.76634629655718
514,-2.37202297984923,2.34107443494633
515,-2.37151257147439,0.83602430878402
516,-2.37118981466082,2.04927811844611
517,-2.3708087023184,1.91580257333547
518,-2.36997553712999,1.62400625683525
519,-2.36959442478758,1.49053071172461
520,-2.36876125959917,1.19873439522439
521,-2.36813438558452,2.10442257997729
522,-2.36804198286029,1.89419524385524
523,-2.36793467420674,1.86400828481479
524,-2.36498964167386,2.38972763312245
525,-2.36415647648545,2.09793131662223
526,-2.36093527421201,1.5573314622729
527,-2.35738191988787,1.38889957148173
528,-2.35666041749072,2.39599441082435
529,-2.35662899369416,1.41689512702408
530,-2.355976306728,1.57245591913314
531,-2.35242295240386,1.74088780992431
532,-2.35239840946035,2.6004398951639
533,-2.35137464040825,1.36801779781921
534,-2.34546493526415,3.1297776588786
535,-2.34515502560037,1.70846695787114
536,-2.34191158094001,2.96134576808743
537,-2.34184565514148,0.652467961132618
538,-2.33993794535729,2.820939100959
539,-2.33990652156073,1.84183981715873
540,-2.33835822661587,2.79291387729626
541,-2.33478032934822,1.7649299012655
542,-2.33423790852945,2.6024531028252
543,-2.33337471618835,1.19642558934937
544,-2.32982136186421,1.36485748014054
545,-2.32977997900919,2.81418320185576
546,-2.32843255346693,2.13341164800579
547,-2.32840112967037,1.15431236420551
548,-2.32637531619362,2.22491415773832
549,-2.32626800754007,1.53328937093171
550,-2.32599029282325,2.22583443939046
551,-2.32515712763484,1.93403812289025
552,-2.32394285010401,1.50876626127939
553,-2.32282196186948,2.05648226694715
554,-2.31926860754534,1.88805037615598
555,-2.3157152532212,1.71961848536481
556,-2.31430964006134,1.24173700525006
557,-2.3142437142628,3.55061481220488
558,-2.3117100813335,2.55835633814044
559,-2.3116413844941,0.417907582047433
560,-2.3107562857372,1.41016889604123
561,-2.31073174279368,2.26972098128083
562,-2.30728569712309,1.32005065659803
563,-2.30717838846954,2.438152872072
564,-2.30642430425102,1.5303797251353
565,-2.30373234279895,1.15161876580686
566,-2.3036250341454,2.60658476286317
567,-2.30024491427334,3.29206468197051
568,-2.3002361132397,2.8499281689875
569,-2.30017898847481,0.983186875015692
570,-2.29662563415067,0.814754984224523
571,-2.29522002099081,2.14660050639035
572,-2.29498760920006,2.98330102827509
573,-2.29495033615722,1.82195155598236
574,-2.29491891236067,0.842852272182083
575,-2.2894194990343,2.91248496888019
576,-2.28858633384589,2.62068865237998
577,-2.28820522150347,2.48721310726934
578,-2.28737205631506,2.19541679076912
579,-2.28615777878423,1.77014492915826
580,-2.28532461359582,1.47834861265805
581,-2.2849435012534,1.34487306754741
582,-2.28411033606499,1.05307675104719
583,-2.28351364110626,3.27487285912215
584,-2.28344494426687,1.13442410302914
585,-2.28289605853416,0.627804889436333
586,-2.27822786402379,2.24689624611701
587,-2.27819644022723,1.26779696231673
588,-2.27760194087867,2.21876929003905
589,-2.27264297339467,0.911018091366989
590,-2.26908961907053,1.07944998215816
591,-2.26675974517627,2.72071826545652
592,-2.26672247213343,1.55936879316379
593,-2.26564357339994,2.5103216557207
594,-2.26553626474639,1.24788187294933
595,-2.2620902190758,2.34188976492953
596,-2.26206567613228,1.48233767968994
597,-2.26195836747874,2.27586584898009
598,-2.25851232180815,1.31390578889877
599,-2.25500035033902,2.59479961982281
600,-2.25355335432414,1.81588159250727
601,-2.25,1.98431348329844
602,-2.24715842993362,1.60625173542628
603,-2.24655395432941,1.60545815458042
604,-2.24644664567586,2.15274537408961
605,-2.24632526474521,1.31445541892607
606,-2.24300060000527,1.43702626378925
607,-2.2425536468199,2.50544865682412
608,-2.23944724568113,1.26859437299808
609,-2.23807764903901,0.937836755491328
610,-2.23804163252126,1.69276111761679
611,-2.23593527421201,2.54948820392212
612,-2.23446373525361,2.72074509364756
613,-2.23327752786657,2.40925817343309
614,-2.23324025482373,1.24790870114036
615,-2.23238191988787,2.38105631313096
616,-2.23091038092947,2.88917698443873
617,-2.22735702660533,3.0576088752299
618,-2.22180355977277,2.70083000428015
619,-2.22177213597621,1.72173072047988
620,-2.22042355240913,2.67260867881261
621,-2.21684565514148,1.64462470278184
622,-2.21655505573313,2.83420286356774
623,-2.21648635889374,0.69375410747474
624,-2.20681601821936,3.48389550281406
625,-2.20508108763933,3.1257746944148
626,-2.20504966384278,2.14667541061453
627,-2.20501239079994,0.985325938321799
628,-2.20488728766274,1.93617706846349
629,-2.20477997900919,1.82202646020654
630,-2.20476857550012,2.76682732470299
631,-2.2043874631577,2.63335177959235
632,-2.20355429796929,2.34155546309213
633,-2.20272113278088,2.04975914659192
634,-2.20234002043846,1.91628360148127
635,-2.20150685525005,1.62448728498106
636,-2.20130939039509,0.908193092432724
637,-2.20029257771923,1.1992154233702
638,-2.1997638867603,1.11869879760939
639,-2.19945941253082,0.907419106869989
640,-2.1990783001884,0.773943561759344
641,-2.19824513499999,0.482147245259131
642,-2.19782196186948,3.04863900859637
643,-2.1963749658546,1.36204220373372
644,-2.19426860754534,2.8802071178052
645,-2.19357569574898,2.43824724146159
646,-2.19282161153046,1.53047409452489
647,-2.1907152532212,2.71177522701403
648,-2.18926825720632,1.69890598531606
649,-2.1892437142628,2.55845807055565
650,-2.1883586155059,3.55071938454945
651,-2.1882899186665,1.41027062845645
652,-2.1857562857372,0.41801215439201
653,-2.18569035993866,2.72688996134682
654,-2.17873234279895,2.14377550745608
655,-2.17517898847481,1.97534361666491
656,-2.17373199245993,2.43533759566517
657,-2.17162563415067,1.80691172587374
658,-2.17159887032963,2.81431460239137
659,-2.17156744653307,1.8352153185911
660,-2.17022002099081,1.15444376474113
661,-2.17017863813579,2.60376948645634
662,-2.16662528381165,2.77220137724751
663,-2.16576922664951,2.60293413097101
664,-2.16455494911868,2.17766226936015
665,-2.16372178393027,1.88586595285994
666,-2.16009347843927,2.12678714943816
667,-2.16006205464271,1.14768786563788
668,-2.15966726667194,2.0984640915554
669,-2.15964272372842,1.2389120063158
670,-2.15608936940428,1.07048011552463
671,-2.15547416822407,1.5092472894252
672,-2.15484497439963,2.26016000872575
673,-2.15260194087867,3.21092603168827
674,-2.15253601508014,0.902048224733459
675,-2.14862535959175,2.60060916877767
676,-2.14760159053965,1.36818707143298
677,-2.14757704759614,2.22773915667258
678,-2.14413100192555,1.36203248120628
679,-2.144023693272,2.39617104746375
680,-2.14337100630584,2.55173183957281
681,-2.14333958250928,1.57263255577253
682,-2.14064357339994,3.50247839736992
683,-2.13706567613228,2.47449442133916
684,-2.13206532579326,2.1046186817821
685,-2.13186561441548,1.86420438661959
686,-2.12848742852561,3.13260265781287
687,-2.1266485341724,2.97667652970746
688,-2.126579837333,0.836227773614455
689,-2.12510730865355,2.76604678702081
690,-2.125,0.992156741649222
691,-2.12472243507966,1.72197275912795
692,-2.12155395432941,2.59761489622964
693,-2.12144664567586,1.16058863244039
694,-2.12095081715436,2.912965997026
695,-2.12011765196595,2.62116968052579
696,-2.11973653962353,2.48769413541514
697,-2.11890337443512,2.19589781891493
698,-2.11800060000527,2.42918300543847
699,-2.11768909690429,1.77062595730407
700,-2.11685593171588,1.47882964080386
701,-2.11647481937346,1.34535409569321
702,-2.11564165418505,1.053557779193
703,-2.1151745660786,3.26824836055452
704,-2.11514314228205,2.28914907675424
705,-2.11510586923921,1.12779960446151
706,-2.11444724568113,2.2607511146473
707,-2.11086934841348,1.23276713861653
708,-2.10988878899613,2.24027174754938
709,-2.10985736519957,1.26117246374911
710,-2.10591038092947,1.89702024278951
711,-2.10367502343453,2.76297109609376
712,-2.10246433525888,1.69275139508935
713,-2.10235702660533,2.06545213358068
714,-2.09891098093474,1.52431950429818
715,-2.09842067014861,2.71409376688889
716,-2.09838924635205,1.73499448308862
717,-2.09838339710577,1.55274429459616
718,-2.09835197330921,0.57364501079589
719,-2.0953576266106,1.35588761350701
720,-2.09184565514148,2.63678144443106
721,-2.0903986591266,1.77389976789902
722,-2.08691527825826,2.02656631393568
723,-2.08684530480246,1.94233165869019
724,-2.08682076185894,2.80188374392979
725,-2.08488992104064,1.26628324889575
726,-2.0832674075348,2.97031563472096
727,-2.08195146830375,2.74907280329402
728,-2.08169819801518,3.13903845702354
729,-2.08166092497234,1.97768898473082
730,-2.08162950117578,0.998589700930541
731,-2.08111830311534,2.45727648679381
732,-2.07990402558451,2.03200462518295
733,-2.07988728766274,2.92833381011271
734,-2.07971405321066,3.13874752551213
735,-2.07785658286527,1.31493644707187
736,-2.07664230533444,0.889664585461016
737,-2.0763339333386,2.75990191932154
738,-2.07626800754007,0.45102411236673
739,-2.07130904005607,2.67876326903931
740,-2.07022422992138,3.4306102878706
741,-2.07015553308198,1.2901615317776
742,-2.0649384528389,2.40263367486547
743,-2.06486975599951,0.262184918772461
744,-2.0642437142628,1.56630132890643
745,-2.05868741423447,1.76398355111711
746,-2.05724431426807,1.85503841818126
747,-2.05369095994393,1.68660652739009
748,-2.05346448474511,2.69420550571252
749,-2.05343306094855,1.71510622191225
750,-2.05228534678407,1.27474896322478
751,-2.04873199245993,1.44318085401595
752,-2.04662563415067,2.79906846752297
753,-2.04517863813579,1.61161274480712
754,-2.04211895426472,2.29338329306182
755,-2.04128578907631,2.00158697656161
756,-2.03815469519754,0.950174917040973
757,-2.038047386544,2.80802861162906
758,-2.03764295648383,0.725771391729032
759,-2.03674201261167,3.11915019584718
760,-2.03671058881511,2.1400509120469
761,-2.03667916501856,1.16095162824663
762,-2.03629989362018,2.7673083528488
763,-2.03508561608935,2.34203649123794
764,-2.03466726667194,3.09062083320462
765,-2.03425245090094,2.05024017473773
766,-2.03319572771354,2.17961246436507
767,-2.03303817337012,1.62496831312687
768,-2.03182389583929,1.19969645151601
769,-2.0296423733894,2.34804435515624
770,-2.02753601508014,1.89420496638268
771,-2.02619632771881,1.24172728272262
772,-2.02608901906526,2.51647624594741
773,-2.02520519692476,1.45252345909369
774,-2.02253566474112,2.68490813673857
775,-2.01998811668168,2.56499560218155
776,-2.01995084363884,1.40364612988882
777,-2.01913100192555,2.3541892228555
778,-2.019023693272,1.40401430581453
779,-2.01557764760141,2.18575733206433
780,-2.01202429327727,2.01732544127316
781,-2.01055275431887,3.25290785629652
782,-2.00851414858788,2.85656743302861
783,-2.00848272479132,1.87746814922834
784,-2.00847093895313,1.84889355048199
785,-2.00844545174848,0.716118676935606
786,-2.00706532579326,1.11246194013288
787,-2.00699939999473,3.42133974708769
788,-2.00433388294494,2.5547619609407
789,-2.00351197146912,1.28089383092405
790,-2.00348742852561,2.14044591616364
791,-2.00107216269488,1.41242192121877
792,-2,3.06161699786838e-17
793,-1.9985148223004,3.02868702072768
794,-1.99781044244481,0.270081881496835
795,-1.99697733290097,1.18994069627512
796,-1.99651257147439,2.14044591616364
797,-1.99648802853088,1.28089383092405
798,-1.99525310205033,1.88634698100574
799,-1.9940388245195,1.46107511939489
800,-1.99320565933109,1.16927880289467
801,-1.99300060000527,3.42133974708769
802,-1.99293467420674,1.11246194013288
803,-1.99152906104687,1.84889355048199
804,-1.98944724568113,3.25290785629652
805,-1.98797570672273,2.01732544127316
806,-1.98442235239859,2.18575733206433
807,-1.980976306728,1.40401430581453
808,-1.98086899807445,2.3541892228555
809,-1.98025486076753,1.61488538640977
810,-1.97746433525888,2.68490813673857
811,-1.97503193127817,2.54510734100518
812,-1.97391098093474,2.51647624594741
813,-1.97380367228119,1.24172728272262
814,-1.97246398491986,1.89420496638268
815,-1.9703576266106,2.34804435515624
816,-1.96680427228646,2.17961246436507
817,-1.96533273332806,3.09062083320462
818,-1.96356381243066,3.0189293603447
819,-1.9635323886341,2.03983007654442
820,-1.96349511559126,0.878480604251692
821,-1.961952613456,2.80802861162906
822,-1.96184530480246,0.950174917040973
823,-1.95951547344979,2.86479382699569
824,-1.95868230826138,2.57299751049548
825,-1.95827803534818,1.99095274733956
826,-1.95746803073055,2.14772564888462
827,-1.95625375319972,1.72245378727376
828,-1.95503947566889,1.2971819256629
829,-1.95482136186421,1.61161274480712
830,-1.95420631048048,1.00538560916269
831,-1.95337436584933,2.79906846752297
832,-1.95299203294966,0.580113747551829
833,-1.9520584205403,2.33140190739148
834,-1.95126800754007,1.44318085401595
835,-1.94922041502435,1.77110698544988
836,-1.94771465321593,1.27474896322478
837,-1.94680406725438,2.28252457818662
838,-1.94677264345783,1.30342529438634
839,-1.94630904005607,1.68660652739009
840,-1.94275568573193,1.85503841818126
841,-1.94151829017191,1.25454796518148
842,-1.9357562857372,1.56630132890643
843,-1.93533594840687,2.75634659752613
844,-1.92869095994393,2.67876326903931
845,-1.92373199245993,0.451024112366729
846,-1.9236660666614,2.75990191932154
847,-1.92173040213001,3.12617249487457
848,-1.92051612459918,2.70090063326371
849,-1.92028594678934,3.13874752551213
850,-1.92011271233726,2.92833381011271
851,-1.91968295941077,2.40910431676349
852,-1.91857620323059,2.01994181536805
853,-1.91854477943404,1.04084253156778
854,-1.91846868187994,1.98383245515264
855,-1.91725440434911,1.55856059354178
856,-1.9167325924652,2.97031563472096
857,-1.9164212391607,1.26676427704156
858,-1.91604012681828,1.13328873193092
859,-1.91520696162987,0.841492415430704
860,-1.91317923814106,2.80188374392979
861,-1.91315469519754,1.94233165869019
862,-1.91143534370457,2.03248565332875
863,-1.91060217851616,1.74068933682854
864,-1.9096013408734,1.77389976789902
865,-1.90815434485852,2.63678144443106
866,-1.90707081134024,1.33241436241484
867,-1.9046423733894,1.35588761350701
868,-1.90185373109716,2.4448865055027
869,-1.9018223073006,1.46578722170243
870,-1.90108901906526,1.52431950429818
871,-1.89764297339467,2.06545213358068
872,-1.89753566474112,1.69275139508935
873,-1.89408961907053,1.89702024278951
874,-1.89037976300336,2.73645833634976
875,-1.8903483392068,1.75735905254949
876,-1.88913065158652,1.23276713861653
877,-1.88555275431887,2.2607511146473
878,-1.88509398592089,1.70848172334462
879,-1.88199939999473,2.42918300543847
880,-1.88068361056016,2.24521112303151
881,-1.87855335432414,1.16058863244039
882,-1.87844604567059,2.59761489622964
883,-1.87691199263485,3.43620436092956
884,-1.87607882744644,3.14440804442935
885,-1.875,0.992156741649222
886,-1.87489269134645,2.76604678702081
887,-1.87486454991561,2.71913618281849
888,-1.87365027238479,2.29386432120763
889,-1.87362586707337,2.18230374268414
890,-1.87243599485396,1.86859245959677
891,-1.87160282966555,1.57679614309656
892,-1.87151257147439,3.13260265781287
893,-1.87038855213472,1.1515242814857
894,-1.86793467420674,2.1046186817821
895,-1.86783121174024,2.76778938099461
896,-1.86293432386772,2.47449442133916
897,-1.86215189897957,2.4738755735312
898,-1.86212047518301,1.49477628973092
899,-1.85935642660006,3.50247839736992
900,-1.85690339493994,2.60724843281879
901,-1.85683469810054,0.466799676725783
902,-1.855976306728,2.39617104746375
903,-1.85586899807445,1.36203248120628
904,-1.85242295240386,2.22773915667258
905,-1.85239840946035,1.36818707143298
906,-1.84746398491986,0.902048224733459
907,-1.84739805912133,3.21092603168827
908,-1.84542942684614,2.89882026366585
909,-1.84536073000674,0.758371507572843
910,-1.84391063059572,1.07048011552463
911,-1.84035727627158,1.2389120063158
912,-1.84033273332806,2.0984640915554
913,-1.84014364976366,1.87084365066071
914,-1.8401122259671,0.891744366860434
915,-1.83791264378424,3.27231116719758
916,-1.83707947859583,2.98051485069736
917,-1.835865201065,2.5552429890865
918,-1.83503203587659,2.26344667258629
919,-1.83465092353417,2.12997112747565
920,-1.83381775834576,1.83817481097543
921,-1.83337471618835,2.77220137724751
922,-1.83260348081494,1.41290294936457
923,-1.83177031562653,1.12110663286436
924,-1.83138920328411,0.987631087753715
925,-1.8305560380957,0.695834771253502
926,-1.82982136186421,2.60376948645634
927,-1.82977997900919,1.15444376474113
928,-1.82883186288963,2.60389618726262
929,-1.82866968166986,2.16241548150777
930,-1.82863825787331,1.18331619770749
931,-1.82837436584933,1.80691172587374
932,-1.82626800754007,2.43533759566517
933,-1.82482101152519,1.97534361666491
934,-1.82126765720105,2.14377550745608
935,-1.81430964006133,2.72688996134682
936,-1.8142437142628,0.41801215439201
937,-1.81194720953643,2.58736017164242
938,-1.81191578573987,1.60826088784214
939,-1.8107562857372,2.55845807055565
940,-1.81073174279368,1.69890598531606
941,-1.8092847467788,2.71177522701403
942,-1.80717838846954,1.53047409452489
943,-1.80573139245466,2.8802071178052
944,-1.8036250341454,1.36204220373372
945,-1.80217803813052,3.04863900859637
946,-1.80044181764607,1.8998327186892
947,-1.80041039384952,0.920733434888928
948,-1.79869060960491,0.908193092432724
949,-1.79808012974522,2.81662165696538
950,-1.79522002099081,1.82202646020654
951,-1.79519331360644,2.03320557797679
952,-1.79511271233726,1.93617706846349
953,-1.79360413196433,1.24900975563259
954,-1.78983251403902,2.44000299353064
955,-1.78899934885061,2.14820667703043
956,-1.78778507131978,1.72293481541957
957,-1.78371934551264,2.32477740882385
958,-1.78315434485852,1.64462470278184
959,-1.77957644759087,2.67260867881261
960,-1.77843356843016,1.29680079581871
961,-1.77264297339467,3.0576088752299
962,-1.77224537741884,2.61634923967091
963,-1.76908961907053,2.88917698443873
964,-1.76761808011213,2.38105631313096
965,-1.76699687337921,2.7497220989585
966,-1.76695960033637,1.58837262666577
967,-1.76692817653981,0.609273342865499
968,-1.76553626474639,2.72074509364756
969,-1.76406472578799,2.54948820392212
970,-1.76195836747874,1.69276111761679
971,-1.76055275431887,1.26859437299808
972,-1.75699939999473,1.43702626378925
973,-1.75447599778089,3.55192538463123
974,-1.75355335432414,2.15274537408961
975,-1.75344604567059,1.60545815458042
976,-1.75326172025007,3.12665352302037
977,-1.75242855506166,2.83485720652016
978,-1.75204744271924,2.70138166140952
979,-1.75121427753083,2.4095853449093
980,-1.75020570440637,1.03421803300015
981,-1.75,1.98431348329844
982,-1.74878572246917,1.55904162168758
983,-1.74795255728076,1.26724530518737
984,-1.74757144493834,1.13376976007673
985,-1.74673827974993,0.841973443576512
986,-1.74644664567586,1.81588159250727
987,-1.74552400221911,0.416701581965653
988,-1.74499964966098,2.59479961982281
989,-1.74148767819186,1.31390578889877
990,-1.73880043315197,3.46623861994021
991,-1.73876900935542,2.48713933613994
992,-1.73873173631258,1.32578986384721
993,-1.73804163252126,2.27586584898009
994,-1.73793432386772,1.48233767968993
995,-1.7379097809242,2.34188976492953
996,-1.73446373525361,1.24788187294933
997,-1.73435642660006,2.5103216557207
998,-1.73348323227294,1.4591627231348
999,-1.73091038092947,1.07944998215816
1000,-1.72735702660533,0.911018091366989
1001,-1.72239805912133,2.21876929003905
1002,-1.72200926417914,1.75073455398186
1003,-1.71221492868022,2.24569215117732
1004,-1.71100065114939,1.82042028956646
1005,-1.71016748596098,1.52862397306625
1006,-1.70639586803567,2.7196172109643
1007,-1.70528679204571,2.17567924411651
1008,-1.70477997900919,2.14660050639035
1009,-1.70337436584933,0.814754984224523
1010,-1.70191987025478,1.15200530963151
1011,-1.69982101152519,0.983186875015692
1012,-1.69975508572666,3.29206468197051
1013,-1.6963749658546,2.60658476286317
1014,-1.69626765720105,1.15161876580686
1015,-1.69381282395191,2.46725107496357
1016,-1.69378140015535,1.48815179116329
1017,-1.69282161153046,2.438152872072
1018,-1.69271430287691,1.32005065659803
1019,-1.68926825720632,2.26972098128083
1020,-1.6892437142628,1.41016889604123
1021,-1.68856431991227,2.60062393425116
1022,-1.6857562857372,3.55061481220488
1023,-1.68569035993867,1.24173700525006
1024,-1.6842847467788,1.71961848536481
1025,-1.68073139245466,1.88805037615598
1026,-1.67717803813052,2.05648226694715
1027,-1.67709035181847,2.89219576509822
1028,-1.67705892802192,1.91309648129794
1029,-1.67373199245993,1.53328937093171
1030,-1.67362468380638,2.22491415773832
1031,-1.67116813711037,1.36473077933426
1032,-1.67022002099081,2.81418320185576
1033,-1.67017863813579,1.36485748014054
1034,-1.6694439619043,3.27279219534338
1035,-1.66861079671589,2.98099587884317
1036,-1.66822968437347,2.84752033373253
1037,-1.66739651918506,2.55572401723231
1038,-1.66662528381165,1.19642558934937
1039,-1.66618224165424,2.13045215562145
1040,-1.66558495992812,2.204668312145
1041,-1.66534907646583,1.83865583912124
1042,-1.66521967065178,1.76492990126549
1043,-1.66496796412341,1.70518029401059
1044,-1.664134798935,1.41338397751038
1045,-1.66292052140417,0.988112115899523
1046,-1.66208735621576,0.69631579939931
1047,-1.66164177338413,2.79291387729626
1048,-1.66029918284564,1.17669169913987
1049,-1.65815434485852,0.652467961132618
1050,-1.65808841905999,2.96134576808743
1051,-1.65453506473585,3.1297776588786
1052,-1.64882521475185,1.46826352998692
1053,-1.64760159053965,2.6004398951639
1054,-1.64757704759614,1.74088780992431
1055,-1.644023693272,1.57245591913314
1056,-1.64360813450877,2.58073567307479
1057,-1.64357671071221,1.60163638927452
1058,-1.64261808011213,1.38889957148173
1059,-1.63906472578799,1.5573314622729
1060,-1.63216878825976,1.20083758560228
1061,-1.63210859186469,2.07545840861403
1062,-1.63210274261841,1.89320822012157
1063,-1.63206532579326,1.86400828481479
1064,-1.63195801713971,1.89419524385524
1065,-1.62961144786528,2.81710268511119
1066,-1.62848742852561,0.83602430878402
1067,-1.62839717033445,2.39183082350033
1068,-1.62756400514604,2.10003450700012
1069,-1.62685423857878,2.02658107940917
1070,-1.62634972761521,1.67476264538926
1071,-1.62513545008439,1.2494907837784
1072,-1.625,2.97647022494766
1073,-1.62392117255356,0.824218922167539
1074,-1.62355300398512,1.43421098738242
1075,-1.62308800736515,0.532422605667325
1076,-1.62144664567586,2.8080383341565
1077,-1.62063462377089,2.36703023946109
1078,-1.61999964966098,1.60264287817359
1079,-1.61931638943984,1.72341584356538
1080,-1.61642175239332,2.63062685420436
1081,-1.61538027048498,2.31815291025622
1082,-1.61534884668842,1.33905362645595
1083,-1.60935642660006,1.51816491407148
1084,-1.60591038092947,2.07160672380738
1085,-1.60446338491459,2.33907448852271
1086,-1.60387487859462,1.63062545730301
1087,-1.60235702660533,1.90317483301621
1088,-1.60091003059045,2.50750637931388
1089,-1.59865779835154,2.74309760039087
1090,-1.59739805912133,1.22661254838983
1091,-1.5903986591266,2.19472719869786
1092,-1.58939782148384,2.22793762976834
1093,-1.58856465629543,1.93614131326813
1094,-1.58684530480246,2.02629530790669
1095,-1.58682076185894,1.16674322266709
1096,-1.58479303837013,3.12713455116618
1097,-1.58395987318172,2.83533823466597
1098,-1.5835787608393,2.70186268955532
1099,-1.5832674075348,0.998311331875925
1100,-1.58274559565089,2.41006637305511
1101,-1.58153131812006,1.98479451144425
1102,-1.58031704058923,1.55952264983339
1103,-1.57971405321066,0.829879441084756
1104,-1.57948387540082,1.26772633333318
1105,-1.57826959786999,0.84245447172232
1106,-1.57826705719578,3.58080177124533
1107,-1.57568428761367,2.52939216677718
1108,-1.57475508572666,2.29990794032128
1109,-1.57130904005607,1.28986369755758
1110,-1.57120173140252,2.46833983111245
1111,-1.57042993432775,2.48051483757231
1112,-1.5703985105312,1.50141555377204
1113,-1.5642437142628,2.40232563769045
1114,-1.55924336392378,2.1767874654308
1115,-1.5589245424374,1.7929873846191
1116,-1.55573139245466,0.895893634506755
1117,-1.55370746219432,2.90545952770696
1118,-1.55367018915148,1.74411005541423
1119,-1.55228534678407,2.6938780033721
1120,-1.55217803813052,1.06432552529792
1121,-1.55077958497565,2.19751998114701
1122,-1.54873199245993,2.52544611258094
1123,-1.54700796705034,3.38851321904506
1124,-1.54579368951952,2.9632413574342
1125,-1.54517863813579,2.35701422178977
1126,-1.54496052433111,2.67144504093398
1127,-1.54374624680028,2.24617317932313
1128,-1.54370709917739,2.91321907577992
1129,-1.54253196926945,1.82090131771227
1130,-1.54220207030396,2.21793207475375
1131,-1.54131769173862,1.39562945610141
1132,-1.54048452655021,1.1038331396012
1133,-1.538047386544,1.16059835496783
1134,-1.53694771701805,2.16905474554888
1135,-1.53664177338413,1.80075713564704
1136,-1.53319572771354,1.78901450223182
1137,-1.53308841905999,1.96918902643821
1138,-1.53069667841361,1.53040462180053
1139,-1.5296423733894,1.62058261144065
1140,-1.52953506473585,2.13762091722938
1141,-1.52608901906526,1.45215072064948
1142,-1.52598171041171,2.30605280802055
1143,-1.52547374892425,2.46062657639594
1144,-1.52253566474112,1.28371882985831
1145,-1.519023693272,2.56461266078236
1146,-1.51757669725712,1.84606855154773
1147,-1.51402334293298,2.0145004423389
1148,-1.51399879998946,2.8740525275785
1149,-1.51397420628017,1.95534931193518
1150,-1.51055275431887,0.715719110300365
1151,-1.51044544566532,3.04248441836966
1152,-1.50875127679081,2.88557126653059
1153,-1.50871985299426,1.90647198273032
1154,-1.50706532579326,2.85616502646401
1155,-1.50699939999473,0.547287219509195
1156,-1.50679434066891,2.79934816370221
1157,-1.5059611754805,2.507551847202
1158,-1.50474689794967,2.08227998559114
1159,-1.50351197146912,2.68773313567284
1160,-1.50348742852561,1.82818105043324
1161,-1.50250023818637,2.24692114278224
1162,-1.50218955755519,3.69854508510005
1163,-1.5014851776996,0.939939945869211
1164,-1.5,3.96862696659689
1165,-1.49892783730512,2.55620504537812
1166,-1.49848707818659,2.75093205268801
1167,-1.4972831579433,3.35939328587011
1168,-1.49725173414674,2.38029400206983
1169,-1.4972144611039,1.2189445297771
1170,-1.49566611705506,1.41386500565619
1171,-1.49499964966098,0.610486136524369
1172,-1.49199738086082,2.33141667286497
1173,-1.49152906104687,2.11973341611489
1174,-1.49142175239332,1.63847011255514
1175,-1.48797570672273,1.95130152532372
1176,-1.48442235239859,1.78286963453255
1177,-1.48086899807445,1.61443774374139
1178,-1.48052341276702,2.62298850371203
1179,-1.48049198897047,1.64388921991175
1180,-1.47946338491459,1.34691774687348
1181,-1.47591003059045,1.51534963766465
1182,-1.47523763568455,1.59501189070689
1183,-1.47380367228119,2.72689968387426
1184,-1.47246398491986,2.07442200021421
1185,-1.47235667626631,1.68378152845582
1186,-1.46880332194217,1.85221341924699
1187,-1.46817610416071,2.76893051508088
1188,-1.46696182662988,2.34365865347002
1189,-1.46574754909906,1.91838679185916
1190,-1.46533273332806,0.878006133392269
1191,-1.46491438391065,1.62659047535894
1192,-1.46376366759075,1.88658372155395
1193,-1.46370010637982,1.20131861374809
1194,-1.46235704351617,3.24285557486785
1195,-1.46184530480246,3.01845204955591
1196,-1.46037376584406,2.25178124801377
1197,-1.45871421092369,1.96703999003528
1198,-1.45788104573528,1.67524367353506
1199,-1.45682041151992,2.42021313880494
1200,-1.45337436584933,1.16955849907392
1201,-1.45326705719578,2.58864502959611
1202,-1.45226412494668,1.38130645709319
1203,-1.44630904005607,2.2820204392068
1204,-1.44275568573193,2.11358854841563
1205,-1.44085885369227,3.81332704403325
1206,-1.44079015685288,1.67287828794025
1207,-1.43773079244939,3.32507663994522
1208,-1.4355730766098,2.78535043102811
1209,-1.43554165281324,1.80625114722784
1210,-1.4355043797704,0.644901674935108
1211,-1.43424336392378,1.18463072378158
1212,-1.43066546665613,2.21261469981235
1213,-1.43028729952732,1.75737381802297
1214,-1.42406768471944,2.0978229780749
1215,-1.42373199245993,3.51760285423016
1216,-1.4236660666614,1.20872504727534
1217,-1.42335769466556,3.07896238113587
1218,-1.42214341713473,2.65369051952501
1219,-1.42011271233726,1.04029315648417
1220,-1.42009597441549,1.93662234141394
1221,-1.41888169688466,1.51135047980308
1222,-1.41881333143353,2.04894564887003
1223,-1.41870709917739,1.9210623341307
1224,-1.41804853169625,1.21955416330287
1225,-1.41515374485325,2.08949422492187
1226,-1.41511007895936,2.70234371770113
1227,-1.40815434485852,1.33184552216582
1228,-1.40734521258601,2.52276766820955
1229,-1.4046423733894,2.61273935308987
1230,-1.40108901906526,2.4443074622987
1231,-1.39964202305038,1.96637375003138
1232,-1.39753566474112,2.27587557150753
1233,-1.39608866872624,2.13480564082255
1234,-1.39257669725712,0.853911809898506
1235,-1.39251077145858,3.16278961685332
1236,-1.39062274045258,2.9477123583442
1237,-1.38913065158652,2.73585982798035
1238,-1.38902334293298,1.02234370068968
1239,-1.38555275431887,1.70787585194959
1240,-1.38544544566532,2.05032767672044
1241,-1.38435834581495,2.91506918740389
1242,-1.38352518062654,2.62327287090367
1243,-1.38314406828412,2.48979732579303
1244,-1.38231090309571,2.19800100929281
1245,-1.38199939999473,1.53944396115842
1246,-1.38109662556488,1.77272914768196
1247,-1.38026346037647,1.48093283118174
1248,-1.37988234803405,1.3474572860711
1249,-1.37904918284564,1.05566096957088
1250,-1.37844604567059,1.37101207036725
1251,-1.37527756492034,2.24665420746893
1252,-1.37489269134645,1.20258017957608
1253,-1.3738629952763,2.21130757618612
1254,-1.37383157147974,1.23220829238584
1255,-1.37348707818659,1.75877531103879
1256,-1.36293432386772,1.49413254525773
1257,-1.36235760338594,1.5237801232329
1258,-1.35935642660006,0.466148569226963
1259,-1.35586899807445,2.60659448539061
1260,-1.34746398491986,3.06657874186343
1261,-1.34739805912133,0.757700934908614
1262,-1.34563513125251,1.94872481336755
1263,-1.34452583177593,2.45937967717169
1264,-1.34391063059572,2.89814685107226
1265,-1.34035727627158,2.72971496028109
1266,-1.34033273332806,1.87016287504149
1267,-1.33627821606973,2.08276101373695
1268,-1.33544505088132,1.79096469723674
1269,-1.33537376584406,1.25962450636455
1270,-1.33423077335049,1.36569283562588
1271,-1.33412973936215,1.26119736041434
1272,-1.33182041151992,1.42805639715572
1273,-1.32891265911908,2.3736695035022
1274,-1.32837436584933,2.16171524072314
1275,-1.32826705719578,1.59648828794689
1276,-1.32482101152519,1.99328334993197
1277,-1.32126765720105,1.8248514591408
1278,-1.31743869102528,2.66524133434926
1279,-1.31630868971704,1.30493592226524
1280,-1.31273079244939,2.332919898296
1281,-1.3121529139428,1.63726472134412
1282,-1.3092847467788,1.25685173958286
1283,-1.30917743812525,2.50135178908717
1284,-1.30573139245466,1.08841984879169
1285,-1.30217803813052,0.919987958000518
1286,-1.30175486500001,3.48647972133776
1287,-1.3009216998116,3.19468340483754
1288,-1.30071621889185,3.09018602448391
1289,-1.30054058746918,3.0612078597269
1290,-1.29970742228077,2.76941154322668
1291,-1.29869060960491,3.06043387416416
1292,-1.29849314474995,2.34413968161582
1293,-1.29765997956154,2.05234336511561
1294,-1.29727886721912,1.91886782000497
1295,-1.29644570203071,1.62707150350475
1296,-1.2956125368423,1.33527518700454
1297,-1.29523142449988,1.20179964189389
1298,-1.29511271233726,2.0324498981334
1299,-1.29318398178064,0.484731463782822
1300,-1.28392504991901,1.37468195852556
1301,-1.28315434485852,2.32400226381505
1302,-1.27957644759087,1.29601828778428
1303,-1.27248835486805,2.82760326166535
1304,-1.27108866872624,1.14264889917333
1305,-1.26761808011213,1.58757065346593
1306,-1.26751077145858,2.1706328752041
1307,-1.26720257778558,1.79962664866021
1308,-1.26406472578799,1.41913876267476
1309,-1.26192235096099,3.03079021110556
1310,-1.26055275431887,2.70003259359881
1311,-1.2574463531801,1.46317830977277
1312,-1.25699939999473,2.53160070280764
1313,-1.25572860969178,2.09119847950727
1314,-1.25555240397985,1.87908050952245
1315,-1.25367473525479,2.65417154767082
1316,-1.25344604567059,2.36316881201647
1317,-1.25284157006638,2.36237523117061
1318,-1.25199904965571,2.04751240031362
1319,-1.24499964966098,1.37382734677407
1320,-1.24148767819186,2.65472117769812
1321,-1.23900613755835,2.51614316964192
1322,-1.23793432386772,2.48628928690695
1323,-1.2379097809242,1.62673720166735
1324,-1.23435642660006,1.45830531087618
1325,-1.22239805912133,1.74985767655783
1326,-1.22221496858552,0.800639103683565
1327,-1.21710394146584,3.34082207716055
1328,-1.21588966393501,2.91555021554969
1329,-1.2150564987466,2.62375389904948
1330,-1.21467538640418,2.49027835393884
1331,-1.21384222121577,2.19848203743862
1332,-1.21262794368494,1.77321017582776
1333,-1.21179477849653,1.48141385932755
1334,-1.21141366615411,1.3479383142169
1335,-1.21077827353456,2.25356040682335
1336,-1.2105805009657,1.05614199771669
1337,-1.21033238298904,1.71679348643054
1338,-1.20549249645208,1.22558379381822
1339,-1.20337436584933,3.15387198237236
1340,-1.20326705719578,0.604331546297665
1341,-1.19982101152519,2.98544009158119
1342,-1.19975508572666,0.67656228462638
1343,-1.19626765720105,2.81700820079003
1344,-1.19479611824265,2.45322509677966
1345,-1.19401852835828,1.51715562466527
1346,-1.19271430287691,2.64857630999886
1347,-1.1842847467788,2.24900848123208
1348,-1.18073139245466,2.08057659044091
1349,-1.17729605622485,1.94210031479992
1350,-1.17717803813052,1.91214469964974
1351,-1.17605714989599,2.4598607053175
1352,-1.17484287236516,2.03458884370664
1353,-1.17400970717675,1.74279252720642
1354,-1.17362468380638,1.74371280885857
1355,-1.16582793737733,2.41592233413944
1356,-1.16576209147055,1.36617386377169
1357,-1.16521967065178,2.20369706533139
1358,-1.16508781905472,2.41405854857824
1359,-1.16164177338413,1.17571308930062
1360,-1.16057358409142,2.36704500493457
1361,-1.15815434485852,3.31615900546427
1362,-1.15808841905999,1.00728119850945
1363,-1.15453506473585,0.838849307718285
1364,-1.14957609725185,2.29093807368775
1365,-1.14909961599762,2.65861683578163
1366,-1.14906819220106,1.67951755198136
1367,-1.14261808011213,2.57972739511515
1368,-1.13906472578799,2.41129550432398
1369,-1.13584352351455,1.87069564997465
1370,-1.13501035832614,1.57889933347444
1371,-1.13237714386418,3.08356152591629
1372,-1.13195801713971,2.07443172274164
1373,-1.13123874040083,2.76989257137249
1374,-1.13055240397985,0.886923767873225
1375,-1.13040557521242,2.47809625487228
1376,-1.13002446287001,2.34462070976163
1377,-1.1291912976816,2.05282439326142
1378,-1.12881018533918,1.91934884815077
1379,-1.12797702015077,1.62755253165056
1380,-1.12699904965571,1.05535565866439
1381,-1.12676274261994,1.2022806700397
1382,-1.12355300398512,2.53441597921447
1383,-1.11999964966098,2.3659840884233
1384,-1.11642175239332,1.33800011239253
1385,-1.11558597489135,1.36805745995793
1386,-1.11146278490932,1.79178726901351
1387,-1.10935642660006,2.45046205252541
1388,-1.10790943058518,1.96021915980468
1389,-1.10446338491459,1.62955247807418
1390,-1.10435607626104,2.12865105059585
1391,-1.10414927984039,2.82097876309772
1392,-1.10411785604384,1.84187947929745
1393,-1.10091003059045,1.46112058728301
1394,-1.09886350275792,1.79300215009258
1395,-1.09739805912133,2.74201441820706
1396,-1.09601100947553,1.41500613974246
1397,-1.0923977087823,1.8370986849142
1398,-1.09223939155022,2.60599937764051
1399,-1.09140622636181,2.31420306114029
1400,-1.08897767130016,1.46365933791858
1401,-1.08776339376933,1.03838747630772
1402,-1.08735811086756,1.10547469713937
1403,-1.08526645719051,3.03351455173614
1404,-1.07826705719578,0.387825195351556
1405,-1.07475508572666,1.6687190262756
1406,-1.07120173140252,1.50028713548443
1407,-1.07066706253068,2.50951867107429
1408,-1.07059836569129,0.369069914981287
1409,-1.05924336392378,1.79183950116608
1410,-1.05573139245466,3.07273333209013
1411,-1.05324004269961,2.44210618390852
1412,-1.0524068775112,2.15030986740831
1413,-1.05217803813052,2.90430144129896
1414,-1.05119259998037,1.72503800579745
1415,-1.04793087973031,0.582697966075521
1416,-1.04537353933583,2.19896306558443
1417,-1.044159261805,1.77369120397357
1418,-1.04370709917739,1.05540789081697
1419,-1.04332609661659,1.48189488747336
1420,-1.04211181908577,1.0566230258625
1421,-1.03664177338413,2.16786983094985
1422,-1.03308841905999,1.99943794015868
1423,-1.03164142304511,2.41124327217141
1424,-1.03093380661654,1.55940845530251
1425,-1.02953506473585,1.83100604936751
1426,-1.02598171041171,1.66257415857634
1427,-1.01757669725711,2.12255841504916
1428,-1.01462180619142,2.41168853528719
1429,-1.01402334293298,1.95412652425799
1430,-1.01399879998946,1.09457443901839
1431,-1.01340752866059,1.98641667367633
1432,-1.01257436347218,1.69462035717611
1433,-1.01219325112976,1.56114481206547
1434,-1.01044544566532,0.926142548227221
1435,-1.00809836569129,0.127008455843323
1436,-1.00637419048522,2.03506987185245
1437,-1.00515991295439,1.60979801024159
1438,-1.00432674776598,1.31800169374137
1439,-0.998487078186586,1.21769491390887
1440,-0.994999649660978,3.35814083007252
1441,-0.991421752393324,2.33015685404175
1442,-0.986421402054302,2.24895624907951
1443,-0.985983470459315,1.7217703826186
1444,-0.979463384914588,2.6217092197234
1445,-0.975910030590448,2.45327732893223
1446,-0.972356676266309,2.28484543814106
1447,-0.969803396696266,2.72172040134218
1448,-0.96880332194217,2.11641354734989
1449,-0.968589119165438,2.29644853973132
1450,-0.965327398915372,1.15410850000939
1451,-0.96381981151465,1.87292591929574
1452,-0.961555780990067,2.34510173790744
1453,-0.960722615801657,2.05330542140723
1454,-0.960373765844058,1.71684571858312
1455,-0.96026645719051,2.04135781008691
1456,-0.956820411519919,1.54841382779195
1457,-0.95326705719578,1.37998193700078
1458,-0.952501253149607,1.41031029059517
1459,-0.93773079244939,0.643550326651661
1460,-0.934243363923782,2.78399624281531
1461,-0.930804047845656,2.5578272076102
1462,-0.930665466656128,1.75601226678454
1463,-0.929970882657245,2.26603089110998
1464,-0.929589770314828,2.13255534599934
1465,-0.928756605126417,1.84075902949912
1466,-0.92754232759559,1.41548716788826
1467,-0.926328050064761,0.990215306277406
1468,-0.925665116317106,2.82310083633672
1469,-0.924273389125817,1.1477275277766
1470,-0.922556432139456,2.18120854417546
1471,-0.921723266951046,1.88941222767524
1472,-0.918707099177391,2.04756463246619
1473,-0.915153744853252,1.87913274167502
1474,-0.90758234078894,2.55177150171153
1475,-0.899642023050377,2.0022532165655
1476,-0.896088668726238,1.83382132577433
1477,-0.892576697257115,3.11471515669838
1478,-0.892510771458584,0.805837349743566
1479,-0.889023342932976,2.94628326590721
1480,-0.88719991588133,3.29313093527605
1481,-0.885445445665322,1.91829928987644
1482,-0.883998449650439,2.49238192245364
1483,-0.882723918100436,1.72551903394326
1484,-0.873487078186586,2.20985165555809
1485,-0.862632004631716,2.71413342902761
1486,-0.861421402054302,1.25679950743028
1487,-0.851158036537918,3.00570525987467
1488,-0.846986289499891,2.70396587993321
1489,-0.846153124311481,2.41216956343299
1490,-0.844938846780653,1.98689770182213
1491,-0.843724569249825,1.56162584021128
1492,-0.842891404061415,1.26982952371106
1493,-0.842331782983772,2.16166300857057
1494,-0.841677126530587,0.844557662100203
1495,-0.835373765844058,2.70900246023234
1496,-0.831820411519919,2.54057056944117
1497,-0.82826705719578,2.37213867865
1498,-0.817644395431653,1.71514588405097
1499,-0.816308689717043,2.66369104433165
1500,-0.81273079244939,1.63570706830088
1501,-0.809177438125251,1.46727517750971
1502,-0.808368052991698,2.67354823131187
1503,-0.803892055210804,1.10593632997908
1504,-0.800665116317105,1.83094409468749
1505,-0.800120437285499,2.29692956787713
1506,-0.771088668726238,2.82597806742355
1507,-0.767510771458584,1.79799409139279
1508,-0.762335365965716,2.558308235756
1509,-0.761121088434888,2.13303637414514
1510,-0.760287923246478,1.84124005764493
1511,-0.75907364571565,1.41596819603407
1512,-0.758998449650439,1.50022518080442
1513,-0.755552403979847,2.08954645707444
1514,-0.751999049655708,1.92111456628327
1515,-0.73990883057991,2.40508868194471
1516,-0.739211841964721,1.56604771934362
1517,-0.721288574395867,1.67734686391295
1518,-0.711015401737488,2.28256424032533
1519,-0.710332382989042,2.25183348016634
1520,-0.70326705719578,3.36429542029922
1521,-0.694796118242651,1.51540186981723
1522,-0.682787537713698,2.01998147750677
1523,-0.682730442110367,1.95124929317115
1524,-0.682289225545257,1.51345367018096
1525,-0.67973188515078,3.12971876968987
1526,-0.678517607619952,2.70444690807901
1527,-0.677684442431542,2.4126505915788
1528,-0.676470164900713,1.98737872996794
1529,-0.675255887369886,1.56210686835708
1530,-0.674422722181475,1.27031055185687
1531,-0.673208444650647,0.845038690246012
1532,-0.666027792537425,1.28357669534869
1533,-0.665087819054722,1.55456841801865
1534,-0.65653411439156,3.19297657589377
1535,-0.649576097251846,1.67768889290913
1536,-0.638685093580931,2.24875739784682
1537,-0.635423373330865,1.10641735812489
1538,-0.630552403979848,3.08170319872366
1539,-0.626999049655708,2.91327130793249
1540,-0.611462784909318,2.17683969758338
1541,-0.607909430585179,2.00840780679221
1542,-0.60435607626104,1.83997591600104
1543,-0.59968574473032,2.08486420411483
1544,-0.593866684085777,2.55878926390181
1545,-0.592652406554949,2.13351740229095
1546,-0.592397708782303,2.13152828168269
1547,-0.590604963835711,1.41644922417988
1548,-0.585266457190511,0.935112414860751
1549,-0.556081612765995,2.82016793178069
1550,-0.531641423045107,1.55738369442548
1551,-0.53153411439156,2.20081983424455
1552,-0.516249098726974,2.36447842154849
1553,-0.512477480801669,3.55547165944654
1554,-0.486421402054302,1.71967071751738
1555,-0.477249749876363,2.20058522781651
1556,-0.463819811514649,2.09570104730114
1557,-0.460266457190511,1.92726915650997
1558,-0.432431340381209,2.5106170938715
1559,-0.429169620131143,1.36827705414957
1560,-0.425665116317106,1.14552613026017
1561,-0.40653411439156,1.20866309259533
1562,-0.394646269061427,2.77199576175038
1563,-0.390170271280533,1.20438386041758
1564,-0.389337106092122,0.912587543917372
1565,-0.383998449650439,1.47624504414324
1566,-0.361421402054302,2.7118274591666
1567,-0.342331782983772,1.80696395802632
1568,-0.308781067996424,2.20106625596231
1569,-0.300665116317105,2.13768287190939
1570,-0.261457219383561,2.19808347571609
1571,-0.258998449650439,2.46840178579247
1572,-0.23990883057991,1.56353828465218
1573,-0.224963309650659,2.34720492828532
1574,-0.222915866931421,1.63013675017425
1575,-0.185130795611638,1.89151541805313
1576,-0.182730442110367,2.01737767342574
1577,-0.15653411439156,0.775650390703111
1578,-0.141526663647312,2.62681914571898
1579,-0.0315341143915597,1.76780713235233
1580,0.09346588560844,2.75996387400155
1581,0.229424153507044,1.69816663199142
