path	rc	class	elapsed_s
tests/known_failures/ekan_fixed_point_edge_native_v2_probe.sio	0	PASS	0
tests/known_failures/ekan_fixed_point_hidden_compact_native_v2_probe.sio	0	PASS	0
tests/known_failures/ekan_fixed_point_hidden_native_v2_blocker.sio	0	PASS	0
tests/known_failures/ekan_fixed_point_linear_readout_compact_native_v2_probe.sio	0	PASS	1
tests/known_failures/ekan_fixed_point_three_input_two_hidden_native_v2_probe.sio	0	PASS	0
tests/known_failures/ekan_fixed_point_two_hidden_native_v2_probe.sio	0	PASS	0
tests/known_failures/zero_event_stdlib_native_v2_probe.sio	0	PASS	0
tests/run-pass/cardinality_colouring_manifest_tiny.sio	0	PASS	1
tests/run-pass/cardinality_erdos_scope_gate_imported.sio	0	PASS	0
tests/run-pass/div_witness_i256_imported_tiny.sio	1	FAIL1	0
tests/run-pass/div_witness_i64_imported_tiny.sio	0	PASS	1
tests/run-pass/div_witness_projection3_directed_round_imported.sio	1	FAIL1	0
tests/run-pass/div_witness_projection3_imported.sio	1	FAIL1	0
tests/run-pass/div_witness_projection3_interval_containment_imported.sio	1	FAIL1	0
tests/run-pass/erdos_sat_smt_unsat_scope_tiny.sio	0	PASS	1
tests/run-pass/imported_runtime_lift_contract_imported.sio	1	FAIL1	0
tests/run-pass/kernel_replay_evidence_router_imported.sio	1	FAIL1	1
tests/run-pass/lorenz_ball_fixed_explicit_enclosure_imported.sio	0	PASS	0
tests/run-pass/lorenz_ball_fixed_policy_chain_imported.sio	0	PASS	1
tests/run-pass/lorenz_ball_fixed_portfolio_v17_readiness_imported.sio	1	FAIL1	0
tests/run-pass/lorenz_ball_fixed_portfolio_v20_precision_ladder_imported.sio	1	FAIL1	0
tests/run-pass/lorenz_ball_fixed_portfolio_v21_step_policy_imported.sio	1	FAIL1	0
tests/run-pass/lorenz_ball_fixed_quality_profile_imported.sio	0	PASS	1
tests/run-pass/lorenz_ball_fixed_radius_budget_imported.sio	0	PASS	0
tests/run-pass/lorenz_ball_fixed_stdlib_tiny.sio	0	PASS	0
tests/run-pass/lorenz_ball_fixed_step_policy_guard_imported.sio	0	PASS	1
tests/run-pass/lorenz_ball_fixed_step_policy_imported.sio	0	PASS	0
tests/run-pass/lorenz_ball_fixed_step_policy_margin_imported.sio	0	PASS	0
tests/run-pass/lorenz_ball_fixed_trajectory_manifest_imported.sio	0	PASS	1
tests/run-pass/lorenz_i256_ball_fixed_bridge_imported.sio	1	FAIL1	0
tests/run-pass/lorenz_i256_beta_z_bridge_imported.sio	0	PASS	0
tests/run-pass/lorenz_i256_cover_child1_axis_arithmetic_bundle_imported.sio	1	FAIL1	0
tests/run-pass/lorenz_i256_cover_child1_axis_arithmetic_readiness_imported.sio	1	FAIL1	1
tests/run-pass/lorenz_i256_cover_child1_axis_witness_bundle_imported.sio	1	FAIL1	0
tests/run-pass/lorenz_i256_cover_child1_discharge_preflight_imported.sio	1	FAIL1	0
tests/run-pass/lorenz_i256_cover_child1_validation_core_imported.sio	1	FAIL1	0
tests/run-pass/lorenz_i256_cover_child1_x_axis_arithmetic_validator_imported.sio	1	FAIL1	1
tests/run-pass/lorenz_i256_cover_child1_y_axis_arithmetic_validator_imported.sio	1	FAIL1	0
tests/run-pass/lorenz_i256_cover_child1_y_axis_validation_witness_imported.sio	1	FAIL1	0
tests/run-pass/lorenz_i256_cover_child1_z_axis_arithmetic_validator_imported.sio	1	FAIL1	0
tests/run-pass/lorenz_i256_cover_child1_z_axis_validation_witness_imported.sio	1	FAIL1	1
tests/run-pass/lorenz_i256_cover_child2_discharge_preflight_imported.sio	1	FAIL1	0
tests/run-pass/lorenz_i256_cover_child2_local_flowpipe_preflight_imported.sio	1	FAIL1	0
tests/run-pass/lorenz_i256_cover_child2_obligation_seed_imported.sio	1	FAIL1	0
tests/run-pass/lorenz_i256_cover_child2_validation_core_imported.sio	1	FAIL1	1
tests/run-pass/lorenz_i256_cover_child3_discharge_preflight_imported.sio	1	FAIL1	0
tests/run-pass/lorenz_i256_cover_child3_local_flowpipe_preflight_imported.sio	1	FAIL1	0
tests/run-pass/lorenz_i256_cover_child3_obligation_seed_imported.sio	1	FAIL1	0
tests/run-pass/lorenz_i256_cover_child3_validation_core_imported.sio	1	FAIL1	1
tests/run-pass/lorenz_i256_cover_child4_boundary_face0_preflight_imported.sio	1	FAIL1	0
tests/run-pass/lorenz_i256_cover_child4_boundary_face1_preflight_imported.sio	1	FAIL1	0
tests/run-pass/lorenz_i256_cover_child4_boundary_face2_preflight_imported.sio	1	FAIL1	0
tests/run-pass/lorenz_i256_cover_child4_boundary_face3_preflight_imported.sio	1	FAIL1	1
tests/run-pass/lorenz_i256_cover_child4_boundary_face4_preflight_imported.sio	1	FAIL1	0
tests/run-pass/lorenz_i256_cover_child4_boundary_face_obligations_imported.sio	1	FAIL1	0
tests/run-pass/lorenz_i256_cover_child4_boundary_face_preflight_bundle_imported.sio	1	FAIL1	0
tests/run-pass/lorenz_i256_cover_child4_boundary_gluing_input_guard_imported.sio	1	FAIL1	1
tests/run-pass/lorenz_i256_cover_child4_boundary_gluing_obligation_seed_imported.sio	1	FAIL1	0
tests/run-pass/lorenz_i256_cover_child4_boundary_gluing_proof_skeleton_imported.sio	1	FAIL1	0
tests/run-pass/lorenz_i256_cover_child4_discharge_obligation_bundle_imported.sio	1	FAIL1	0
tests/run-pass/lorenz_i256_cover_child4_discharge_preflight_imported.sio	1	FAIL1	1
tests/run-pass/lorenz_i256_cover_child4_finite_cover_promotion_guard_imported.sio	1	FAIL1	0
tests/run-pass/lorenz_i256_cover_child4_local_flowpipe_preflight_imported.sio	1	FAIL1	0
tests/run-pass/lorenz_i256_cover_child4_obligation_seed_imported.sio	1	FAIL1	0
tests/run-pass/lorenz_i256_cover_child4_replay_manifest_imported.sio	1	FAIL1	0
tests/run-pass/lorenz_i256_cover_child4_replay_verifier_preflight_imported.sio	1	FAIL1	1
tests/run-pass/lorenz_i256_cover_child4_solver_profile_bridge_imported.sio	1	FAIL1	0
tests/run-pass/lorenz_i256_cover_child4_validation_core_imported.sio	1	FAIL1	0
tests/run-pass/lorenz_i256_limb_bridge_imported.sio	0	PASS	1
tests/run-pass/lorenz_i256_limb_scale_bridge_imported.sio	0	PASS	0
tests/run-pass/lorenz_i256_portfolio_v16_readiness_imported.sio	1	FAIL1	0
tests/run-pass/lorenz_i256_projection_inclusion_imported.sio	1	FAIL1	0
tests/run-pass/lorenz_i256_rho_x_minus_y_bridge_imported.sio	0	PASS	1
tests/run-pass/lorenz_i256_scaled_product_bridge_imported.sio	0	PASS	0
tests/run-pass/lorenz_i256_sigma_x_term_bridge_imported.sio	0	PASS	0
tests/run-pass/lorenz_i256_signed_delta_bridge_imported.sio	0	PASS	0
tests/run-pass/lorenz_i256_step5_certificate_imported.sio	1	FAIL1	0
tests/run-pass/lorenz_i256_step_certificate_imported.sio	1	FAIL1	0
tests/run-pass/lorenz_i256_trajectory2_acceptance_bounded_bridge_imported.sio	0	PASS	0
tests/run-pass/lorenz_i256_trajectory2_bounded_bridge_imported.sio	0	PASS	1
tests/run-pass/lorenz_i256_trajectory2_certificate_bounded_bridge_imported.sio	0	PASS	0
tests/run-pass/lorenz_i256_trajectory2_manifest_bounded_bridge_imported.sio	0	PASS	0
tests/run-pass/lorenz_i256_trajectory2_portfolio_local_guard_imported.sio	0	PASS	0
tests/run-pass/lorenz_i256_trajectory2_readiness_dispatch_envelope_imported.sio	0	PASS	1
tests/run-pass/lorenz_i256_trajectory2_replay_bounded_bridge_imported.sio	0	PASS	0
tests/run-pass/lorenz_i256_trajectory5_certificate_imported.sio	1	FAIL1	0
tests/run-pass/lorenz_i256_trajectory5_manifest_imported.sio	1	FAIL1	1
tests/run-pass/lorenz_i256_x_step_bridge_imported.sio	0	PASS	0
tests/run-pass/lorenz_i256_y_derivative_bounded_bridge_imported.sio	0	PASS	0
tests/run-pass/lorenz_i256_y_step_z0_bridge_imported.sio	0	PASS	1
tests/run-pass/lorenz_i256_z_derivative_bounded_bridge_imported.sio	0	PASS	0
tests/run-pass/lorenz_i256_z_step_bounded_bridge_imported.sio	0	PASS	0
tests/run-pass/lrat_binary_resolution_imported.sio	0	PASS	1
tests/run-pass/lrat_chain_imported.sio	0	PASS	0
tests/run-pass/lrat_deletion_lifecycle_receipt_imported.sio	0	PASS	0
tests/run-pass/lrat_frat_elaboration_imported.sio	0	PASS	0
tests/run-pass/pb_cardinality_bridge_imported.sio	0	PASS	1
tests/run-pass/pb_highwidth_microkernel_imported.sio	0	PASS	0
tests/run-pass/pb_row_chain_imported.sio	0	PASS	0
tests/run-pass/private_evidence_envelope_imported.sio	1	FAIL1	1
tests/run-pass/proof_checker_family_matrix_imported.sio	1	FAIL1	0
tests/run-pass/proof_checker_microkernel_suite_imported.sio	0	PASS	0
tests/run-pass/runtime_abi_gate_blocker_imported.sio	1	FAIL1	0
tests/run-pass/runtime_abi_gate_blocker_query_envelope_imported.sio	0	PASS	1
tests/run-pass/sat_rup_microkernel_imported.sio	0	PASS	0
tests/run-pass/smt_alethe_micro_reconstruction_imported.sio	0	PASS	0
tests/run-pass/smt_assumption_core_imported.sio	0	PASS	1
tests/run-pass/smt_farkas_microkernel_imported.sio	0	PASS	0
tests/run-pass/solver_proof_profile_imported.sio	0	PASS	0
tests/run-pass/test_qflra_exact.sio	0	PASS	0
