path	rc	class	elapsed_s	primary_import	tag
tests/known_failures/ekan_fixed_point_edge_native_v2_probe.sio	0	PASS	1	(no-import)	known-failure: fixed-point E-KAN edge currently segfaults in generated native-v2 ELF
tests/known_failures/ekan_fixed_point_hidden_compact_native_v2_probe.sio	0	PASS	1	(no-import)	known-failure: compact fixed-point E-KAN hidden node currently segfaults in generated native-v2 ELF
tests/known_failures/ekan_fixed_point_hidden_native_v2_blocker.sio	0	PASS	1	(no-import)	known-failure: native-v2 build exits 139 for the verbose hidden-node E-KAN diagnostic shape
tests/known_failures/ekan_fixed_point_linear_readout_compact_native_v2_probe.sio	0	PASS	0	(no-import)	known-failure: compact fixed-point E-KAN linear readout currently segfaults in generated native-v2 ELF
tests/known_failures/ekan_fixed_point_three_input_two_hidden_native_v2_probe.sio	0	PASS	1	(no-import)	known-failure: compact fixed-point E-KAN three-input two-hidden witness currently segfaults in generated native-v2 ELF
tests/known_failures/ekan_fixed_point_two_hidden_native_v2_probe.sio	0	PASS	1	(no-import)	known-failure: compact fixed-point E-KAN two-hidden witness currently segfaults in generated native-v2 ELF
tests/known_failures/zero_event_stdlib_native_v2_probe.sio	0	PASS	1	epistemic::zero_event	known-failure: default Madaros emits an ELF that segfaults for the imported zero_event aggregate-return surface; lean_single prints ZERO_EVENT_STDLIB PASS
tests/run-pass/cardinality_colouring_manifest_tiny.sio	0	PASS	1	theorem::cardinality	known-failure: imported theorem::cardinality manifest path checks, but current Madaros imported/native lowering exits 139 at runtime
tests/run-pass/cardinality_erdos_scope_gate_imported.sio	0	PASS	1	theorem::cardinality	known-failure: imported theorem::cardinality scope gate typechecks, but current Madaros imported/native lowering exits 139 at runtime
tests/run-pass/div_witness_i256_imported_tiny.sio	0	PASS	1	theorem::div_witness	known-failure: imported theorem::div_witness i256 runtime currently exits 139 across the multimodule native boundary; module check and self-contained Lorenz gates cover the witness arithmetic
tests/run-pass/div_witness_i64_imported_tiny.sio	0	PASS	1	theorem::div_witness	known-failure: imported theorem::div_witness runtime currently exits 139 in Madaros imported/native lowering; self-contained div_witness_checker_tiny covers the checker logic
tests/run-pass/div_witness_projection3_directed_round_imported.sio	0	PASS	1	theorem::div_witness	known-failure: imported theorem::div_witness directed-round projection3 i256 runtime currently exits 139 across the multimodule native boundary
tests/run-pass/div_witness_projection3_imported.sio	0	PASS	0	theorem::div_witness	known-failure: imported theorem::div_witness projection3 i256 runtime currently exits 139 across the multimodule native boundary
tests/run-pass/div_witness_projection3_interval_containment_imported.sio	0	PASS	2	theorem::div_witness	known-failure: imported theorem::div_witness interval-containment projection3 i256 runtime currently exits 139 across the multimodule native boundary
tests/run-pass/erdos_sat_smt_unsat_scope_tiny.sio	0	PASS	1	theorem::erdos_scope	known-failure: imported theorem::erdos_scope API typechecks, but current Madaros imported/native lowering exits 139 at runtime
tests/run-pass/imported_runtime_lift_contract_imported.sio	0	PASS	1	safety::imported_runtime_lift_contract	known-failure: imported safety::imported_runtime_lift_contract API typechecks, but current Madaros imported/native lowering exits 139 at runtime
tests/run-pass/kernel_replay_evidence_router_imported.sio	0	PASS	1	safety::kernel_replay_evidence_router	known-failure: imported safety::kernel_replay_evidence_router API typechecks, but current Madaros imported/native lowering exits 139 at runtime
tests/run-pass/lorenz_ball_fixed_explicit_enclosure_imported.sio	0	PASS	5	systems::ball_fixed	known-failure: imported systems::ball_fixed explicit-enclosure path checks, but current Madaros imported/native lowering exits 139 at runtime
tests/run-pass/lorenz_ball_fixed_policy_chain_imported.sio	0	PASS	5	systems::ball_fixed	known-failure: imported systems::ball_fixed policy-chain path checks, but current Madaros imported/native lowering exits 139 at runtime
tests/run-pass/lorenz_ball_fixed_portfolio_v17_readiness_imported.sio	0	PASS	7	systems::ball_fixed	known-failure: imported systems/theorem ball-fixed readiness path checks, but current Madaros imported/native lowering exits 139 at runtime
tests/run-pass/lorenz_ball_fixed_portfolio_v20_precision_ladder_imported.sio	0	PASS	6	systems::ball_fixed	known-failure: imported systems/theorem v20 wide-precision ladder path checks, but current Madaros imported/native lowering exits 139 at runtime
tests/run-pass/lorenz_ball_fixed_portfolio_v21_step_policy_imported.sio	0	PASS	7	systems::ball_fixed	known-failure: imported systems/theorem v21 step-policy path checks, but current Madaros imported/native lowering exits 139 at runtime
tests/run-pass/lorenz_ball_fixed_quality_profile_imported.sio	0	PASS	5	systems::ball_fixed	known-failure: imported systems quality-profile path checks, but current Madaros imported/native lowering exits 139 at runtime
tests/run-pass/lorenz_ball_fixed_radius_budget_imported.sio	0	PASS	5	systems::ball_fixed	known-failure: imported systems::ball_fixed radius-budget path checks, but current Madaros imported/native lowering exits 139 at runtime
tests/run-pass/lorenz_ball_fixed_stdlib_tiny.sio	0	PASS	6	systems::ball_fixed	known-failure: imported systems::ball_fixed path checks, but current Madaros imported/native lowering exits 139 at runtime
tests/run-pass/lorenz_ball_fixed_step_policy_guard_imported.sio	0	PASS	5	systems::ball_fixed	known-failure: imported systems step-policy guard path checks, but current Madaros imported/native lowering exits 139 at runtime
tests/run-pass/lorenz_ball_fixed_step_policy_imported.sio	0	PASS	5	systems::ball_fixed	known-failure: imported systems step-policy path checks, but current Madaros imported/native lowering exits 139 at runtime
tests/run-pass/lorenz_ball_fixed_step_policy_margin_imported.sio	0	PASS	5	systems::ball_fixed	known-failure: imported systems step-policy margin path checks, but current Madaros imported/native lowering exits 139 at runtime
tests/run-pass/lorenz_ball_fixed_trajectory_manifest_imported.sio	0	PASS	5	systems::ball_fixed	known-failure: imported systems::ball_fixed trajectory path checks, but current Madaros imported/native lowering exits 139 at runtime
tests/run-pass/lorenz_i256_ball_fixed_bridge_imported.sio	0	PASS	12	systems::lorenz_i256_cert	known-failure: imported systems::lorenz_i256_cert bridge path checks, but current Madaros imported/native lowering exits 139 at runtime
tests/run-pass/lorenz_i256_beta_z_bridge_imported.sio	0	PASS	1	systems::lorenz_i256_limb_scale_bridge	known-failure: imported systems::lorenz_i256_beta_z_bridge API typechecks, but current Madaros imported/native lowering exits 139 at runtime
tests/run-pass/lorenz_i256_cover_child0_axis_arithmetic_bundle_imported.sio	0	PASS	12	systems::lorenz_i256_cert	known-failure: imported systems::lorenz_i256_cert cover child0 axis arithmetic bundle API typechecks, but current Madaros imported/native lowering exits 139 at runtime
tests/run-pass/lorenz_i256_cover_child0_axis_arithmetic_readiness_imported.sio	0	PASS	12	systems::lorenz_i256_cert	known-failure: imported systems::lorenz_i256_cert cover child0 axis arithmetic readiness API typechecks, but current Madaros imported/native lowering exits 139 at runtime
tests/run-pass/lorenz_i256_cover_child0_axis_witness_bundle_imported.sio	0	PASS	12	systems::lorenz_i256_cert	known-failure: imported systems::lorenz_i256_cert cover child0 axis witness bundle API typechecks, but current Madaros imported/native lowering exits 139 at runtime
tests/run-pass/lorenz_i256_cover_child0_containment_obligation_imported.sio	0	PASS	12	systems::lorenz_i256_cert	known-failure: imported systems::lorenz_i256_cert cover child0 containment obligation API typechecks, but current Madaros imported/native lowering exits 139 at runtime
tests/run-pass/lorenz_i256_cover_child0_discharge_preflight_imported.sio	0	PASS	12	systems::lorenz_i256_cert	known-failure: imported systems::lorenz_i256_cert cover child0 discharge preflight API typechecks, but current Madaros imported/native lowering exits 139 at runtime
tests/run-pass/lorenz_i256_cover_child0_local_flowpipe_preflight_imported.sio	0	PASS	12	systems::lorenz_i256_cert	known-failure: imported systems::lorenz_i256_cert cover child0 local-flowpipe preflight API typechecks, but current Madaros imported/native lowering exits 139 at runtime
tests/run-pass/lorenz_i256_cover_child0_local_flowpipe_proof_skeleton_imported.sio	0	PASS	11	systems::lorenz_i256_cert	known-failure: imported systems::lorenz_i256_cert cover child0 local-flowpipe proof skeleton API typechecks, but current Madaros imported/native lowering exits 139 at runtime
tests/run-pass/lorenz_i256_cover_child0_local_flowpipe_replay_executor_imported.sio	0	PASS	12	systems::lorenz_i256_cert	known-failure: imported systems::lorenz_i256_cert cover child0 local-flowpipe replay executor API typechecks, but current Madaros imported/native lowering exits 139 at runtime
tests/run-pass/lorenz_i256_cover_child0_obligation_seed_imported.sio	0	PASS	12	systems::lorenz_i256_cert	known-failure: imported systems::lorenz_i256_cert cover child0 obligation seed API typechecks, but current Madaros imported/native lowering exits 139 at runtime
tests/run-pass/lorenz_i256_cover_child0_validation_core_imported.sio	0	PASS	12	systems::lorenz_i256_cert	known-failure: imported systems::lorenz_i256_cert cover child0 validation core API typechecks, but current Madaros imported/native lowering exits 139 at runtime
tests/run-pass/lorenz_i256_cover_child0_validation_guard_imported.sio	0	PASS	12	systems::lorenz_i256_cert	known-failure: imported systems::lorenz_i256_cert cover child0 validation guard API typechecks, but current Madaros imported/native lowering exits 139 at runtime
tests/run-pass/lorenz_i256_cover_child0_x_axis_arithmetic_validator_imported.sio	0	PASS	12	systems::lorenz_i256_cert	known-failure: imported systems::lorenz_i256_cert cover child0 x-axis arithmetic validator API typechecks, but current Madaros imported/native lowering exits 139 at runtime
tests/run-pass/lorenz_i256_cover_child0_x_axis_validation_witness_imported.sio	0	PASS	12	systems::lorenz_i256_cert	known-failure: imported systems::lorenz_i256_cert cover child0 x-axis validation witness API typechecks, but current Madaros imported/native lowering exits 139 at runtime
tests/run-pass/lorenz_i256_cover_child0_y_axis_arithmetic_validator_imported.sio	0	PASS	12	systems::lorenz_i256_cert	known-failure: imported systems::lorenz_i256_cert cover child0 y-axis arithmetic validator API typechecks, but current Madaros imported/native lowering exits 139 at runtime
tests/run-pass/lorenz_i256_cover_child0_y_axis_validation_witness_imported.sio	0	PASS	12	systems::lorenz_i256_cert	known-failure: imported systems::lorenz_i256_cert cover child0 y-axis validation witness API typechecks, but current Madaros imported/native lowering exits 139 at runtime
tests/run-pass/lorenz_i256_cover_child0_z_axis_arithmetic_validator_imported.sio	0	PASS	12	systems::lorenz_i256_cert	known-failure: imported systems::lorenz_i256_cert cover child0 z-axis arithmetic validator API typechecks, but current Madaros imported/native lowering exits 139 at runtime
tests/run-pass/lorenz_i256_cover_child0_z_axis_validation_witness_imported.sio	0	PASS	12	systems::lorenz_i256_cert	known-failure: imported systems::lorenz_i256_cert cover child0 z-axis validation witness API typechecks, but current Madaros imported/native lowering exits 139 at runtime
tests/run-pass/lorenz_i256_cover_child1_axis_arithmetic_bundle_imported.sio	0	PASS	11	systems::lorenz_i256_cert	known-failure: imported systems::lorenz_i256_cert cover child1 axis arithmetic bundle API typechecks, but current Madaros imported/native lowering exits 139 at runtime
tests/run-pass/lorenz_i256_cover_child1_axis_arithmetic_readiness_imported.sio	0	PASS	12	systems::lorenz_i256_cert	known-failure: imported systems::lorenz_i256_cert cover child1 axis arithmetic readiness API typechecks, but current Madaros imported/native lowering exits 139 at runtime
tests/run-pass/lorenz_i256_cover_child1_axis_witness_bundle_imported.sio	0	PASS	12	systems::lorenz_i256_cert	known-failure: imported systems::lorenz_i256_cert cover child1 axis witness bundle API typechecks, but current Madaros imported/native lowering exits 139 at runtime
tests/run-pass/lorenz_i256_cover_child1_containment_obligation_imported.sio	0	PASS	12	systems::lorenz_i256_cert	known-failure: imported systems::lorenz_i256_cert cover child1 containment obligation API typechecks, but current Madaros imported/native lowering exits 139 at runtime
tests/run-pass/lorenz_i256_cover_child1_discharge_preflight_imported.sio	0	PASS	0	systems::lorenz_i256_child1_discharge_preflight	known-failure: imported systems::lorenz_i256_child1_discharge_preflight API typechecks, but current Madaros imported/native lowering exits 139 at runtime
tests/run-pass/lorenz_i256_cover_child1_local_flowpipe_preflight_imported.sio	0	PASS	12	systems::lorenz_i256_cert	known-failure: imported systems::lorenz_i256_cert cover child1 local-flowpipe preflight API typechecks, but current Madaros imported/native lowering exits 139 at runtime
tests/run-pass/lorenz_i256_cover_child1_local_flowpipe_proof_skeleton_imported.sio	0	PASS	12	systems::lorenz_i256_cert	known-failure: imported systems::lorenz_i256_cert cover child1 local-flowpipe proof skeleton API typechecks, but current Madaros imported/native lowering exits 139 at runtime
tests/run-pass/lorenz_i256_cover_child1_local_flowpipe_replay_executor_imported.sio	0	PASS	12	systems::lorenz_i256_cert	known-failure: imported systems::lorenz_i256_cert cover child1 local-flowpipe replay executor API typechecks, but current Madaros imported/native lowering exits 139 at runtime
tests/run-pass/lorenz_i256_cover_child1_obligation_seed_imported.sio	1	FAIL1	12	systems::lorenz_i256_cert	known-failure: imported systems::lorenz_i256_cert cover child1 obligation seed API typechecks, but current Madaros imported/native lowering exits 139 at runtime
tests/run-pass/lorenz_i256_cover_child1_validation_core_imported.sio	0	PASS	1	systems::lorenz_i256_child1_validation_core	known-failure: imported systems::lorenz_i256_child1_validation_core API typechecks, but current Madaros imported/native lowering exits 139 at runtime
tests/run-pass/lorenz_i256_cover_child1_validation_guard_imported.sio	0	PASS	12	systems::lorenz_i256_cert	known-failure: imported systems::lorenz_i256_cert cover child1 validation guard API typechecks, but current Madaros imported/native lowering exits 139 at runtime
tests/run-pass/lorenz_i256_cover_child1_x_axis_arithmetic_validator_imported.sio	0	PASS	11	systems::lorenz_i256_cert	known-failure: imported systems::lorenz_i256_cert cover child1 x-axis arithmetic validator API typechecks, but current Madaros imported/native lowering exits 139 at runtime
tests/run-pass/lorenz_i256_cover_child1_x_axis_validation_witness_imported.sio	0	PASS	12	systems::lorenz_i256_cert	known-failure: imported systems::lorenz_i256_cert cover child1 x-axis validation witness API typechecks, but current Madaros imported/native lowering exits 139 at runtime
tests/run-pass/lorenz_i256_cover_child1_y_axis_arithmetic_validator_imported.sio	0	PASS	12	systems::lorenz_i256_cert	known-failure: imported systems::lorenz_i256_cert cover child1 y-axis arithmetic validator API typechecks, but current Madaros imported/native lowering exits 139 at runtime
tests/run-pass/lorenz_i256_cover_child1_y_axis_validation_witness_imported.sio	0	PASS	12	systems::lorenz_i256_cert	known-failure: imported systems::lorenz_i256_cert cover child1 y-axis validation witness API typechecks, but current Madaros imported/native lowering exits 139 at runtime
tests/run-pass/lorenz_i256_cover_child1_z_axis_arithmetic_validator_imported.sio	0	PASS	12	systems::lorenz_i256_cert	known-failure: imported systems::lorenz_i256_cert cover child1 z-axis arithmetic validator API typechecks, but current Madaros imported/native lowering exits 139 at runtime
tests/run-pass/lorenz_i256_cover_child1_z_axis_validation_witness_imported.sio	0	PASS	12	systems::lorenz_i256_cert	known-failure: imported systems::lorenz_i256_cert cover child1 z-axis validation witness API typechecks, but current Madaros imported/native lowering exits 139 at runtime
tests/run-pass/lorenz_i256_cover_child2_discharge_preflight_imported.sio	0	PASS	1	systems::lorenz_i256_child2_discharge_preflight	known-failure: imported systems::lorenz_i256_child2_discharge_preflight API typechecks, but current Madaros imported/native lowering exits 139 at runtime
tests/run-pass/lorenz_i256_cover_child2_local_flowpipe_preflight_imported.sio	0	PASS	0	systems::lorenz_i256_child2_local_flowpipe_preflight	known-failure: imported systems::lorenz_i256_child2_local_flowpipe_preflight API typechecks, but current Madaros imported/native lowering exits 139 at runtime
tests/run-pass/lorenz_i256_cover_child2_obligation_seed_imported.sio	0	PASS	1	systems::lorenz_i256_child2_obligation_seed	known-failure: imported systems::lorenz_i256_child2_obligation_seed API typechecks, but current Madaros imported/native lowering exits 139 at runtime
tests/run-pass/lorenz_i256_cover_child2_validation_core_imported.sio	0	PASS	1	systems::lorenz_i256_child2_validation_core	known-failure: imported systems::lorenz_i256_child2_validation_core API typechecks, but current Madaros imported/native lowering exits 139 at runtime
tests/run-pass/lorenz_i256_cover_child3_discharge_preflight_imported.sio	0	PASS	1	systems::lorenz_i256_child3_discharge_preflight	known-failure: imported systems::lorenz_i256_child3_discharge_preflight API typechecks, but current Madaros imported/native lowering exits 139 at runtime
tests/run-pass/lorenz_i256_cover_child3_local_flowpipe_preflight_imported.sio	0	PASS	0	systems::lorenz_i256_child3_local_flowpipe_preflight	known-failure: imported systems::lorenz_i256_child3_local_flowpipe_preflight API typechecks, but current Madaros imported/native lowering exits 139 at runtime
tests/run-pass/lorenz_i256_cover_child3_obligation_seed_imported.sio	0	PASS	1	systems::lorenz_i256_child3_obligation_seed	known-failure: imported systems::lorenz_i256_child3_obligation_seed API typechecks, but current Madaros imported/native lowering exits 139 at runtime
tests/run-pass/lorenz_i256_cover_child3_validation_core_imported.sio	0	PASS	1	systems::lorenz_i256_child3_validation_core	known-failure: imported systems::lorenz_i256_child3_validation_core API typechecks, but current Madaros imported/native lowering exits 139 at runtime
tests/run-pass/lorenz_i256_cover_child4_boundary_face0_preflight_imported.sio	0	PASS	1	systems::lorenz_i256_child4_boundary_face0_preflight	known-failure: imported systems::lorenz_i256_child4_boundary_face0_preflight API typechecks, but current Madaros imported/native lowering exits 139 at runtime
tests/run-pass/lorenz_i256_cover_child4_boundary_face1_preflight_imported.sio	0	PASS	1	systems::lorenz_i256_child4_boundary_face1_preflight	known-failure: imported systems::lorenz_i256_child4_boundary_face1_preflight API typechecks, but current Madaros imported/native lowering exits 139 at runtime
tests/run-pass/lorenz_i256_cover_child4_boundary_face2_preflight_imported.sio	0	PASS	0	systems::lorenz_i256_child4_boundary_face2_preflight	known-failure: imported systems::lorenz_i256_child4_boundary_face2_preflight API typechecks, but current Madaros imported/native lowering exits 139 at runtime
tests/run-pass/lorenz_i256_cover_child4_boundary_face3_preflight_imported.sio	0	PASS	1	systems::lorenz_i256_child4_boundary_face3_preflight	known-failure: imported systems::lorenz_i256_child4_boundary_face3_preflight API typechecks, but current Madaros imported/native lowering exits 139 at runtime
tests/run-pass/lorenz_i256_cover_child4_boundary_face4_preflight_imported.sio	0	PASS	1	systems::lorenz_i256_child4_boundary_face4_preflight	known-failure: imported systems::lorenz_i256_child4_boundary_face4_preflight API typechecks, but current Madaros imported/native lowering exits 139 at runtime
tests/run-pass/lorenz_i256_cover_child4_boundary_face_obligations_imported.sio	0	PASS	1	systems::lorenz_i256_child4_boundary_face_obligations	known-failure: imported systems::lorenz_i256_child4_boundary_face_obligations API typechecks, but current Madaros imported/native lowering exits 139 at runtime
tests/run-pass/lorenz_i256_cover_child4_boundary_face_preflight_bundle_imported.sio	0	PASS	1	systems::lorenz_i256_child4_boundary_face_preflight_bundle	known-failure: imported systems::lorenz_i256_child4_boundary_face_preflight_bundle API typechecks, but current Madaros imported/native lowering exits 139 at runtime
tests/run-pass/lorenz_i256_cover_child4_boundary_gluing_input_guard_imported.sio	0	PASS	1	systems::lorenz_i256_child4_boundary_gluing_input_guard	known-failure: imported systems::lorenz_i256_child4_boundary_gluing_input_guard API typechecks, but current Madaros imported/native lowering exits 139 at runtime
tests/run-pass/lorenz_i256_cover_child4_boundary_gluing_obligation_seed_imported.sio	0	PASS	0	systems::lorenz_i256_child4_boundary_gluing_obligation_seed	known-failure: imported systems::lorenz_i256_child4_boundary_gluing_obligation_seed API typechecks, but current Madaros imported/native lowering exits 139 at runtime
tests/run-pass/lorenz_i256_cover_child4_boundary_gluing_proof_skeleton_imported.sio	0	PASS	1	systems::lorenz_i256_child4_boundary_gluing_proof_skeleton	known-failure: imported systems::lorenz_i256_child4_boundary_gluing_proof_skeleton API typechecks, but current Madaros imported/native lowering exits 139 at runtime
tests/run-pass/lorenz_i256_cover_child4_discharge_obligation_bundle_imported.sio	0	PASS	1	systems::lorenz_i256_child4_discharge_obligation_bundle	known-failure: imported systems::lorenz_i256_child4_discharge_obligation_bundle API typechecks, but current Madaros imported/native lowering exits 139 at runtime
tests/run-pass/lorenz_i256_cover_child4_discharge_preflight_imported.sio	0	PASS	1	systems::lorenz_i256_child4_discharge_preflight	known-failure: imported systems::lorenz_i256_child4_discharge_preflight API typechecks, but current Madaros imported/native lowering exits 139 at runtime
tests/run-pass/lorenz_i256_cover_child4_finite_cover_promotion_guard_imported.sio	0	PASS	0	systems::lorenz_i256_child4_finite_cover_promotion_guard	known-failure: imported systems::lorenz_i256_child4_finite_cover_promotion_guard API typechecks, but current Madaros imported/native lowering exits 139 at runtime
tests/run-pass/lorenz_i256_cover_child4_local_flowpipe_preflight_imported.sio	0	PASS	1	systems::lorenz_i256_child4_local_flowpipe_preflight	known-failure: imported systems::lorenz_i256_child4_local_flowpipe_preflight API typechecks, but current Madaros imported/native lowering exits 139 at runtime
tests/run-pass/lorenz_i256_cover_child4_obligation_seed_imported.sio	0	PASS	1	systems::lorenz_i256_child4_obligation_seed	known-failure: imported systems::lorenz_i256_child4_obligation_seed API typechecks, but current Madaros imported/native lowering exits 139 at runtime
tests/run-pass/lorenz_i256_cover_child4_replay_manifest_imported.sio	0	PASS	1	systems::lorenz_i256_child4_replay_manifest	known-failure: imported systems::lorenz_i256_child4_replay_manifest API typechecks, but current Madaros imported/native lowering exits 139 at runtime
tests/run-pass/lorenz_i256_cover_child4_replay_verifier_preflight_imported.sio	0	PASS	1	systems::lorenz_i256_child4_replay_verifier_preflight	known-failure: imported systems::lorenz_i256_child4_replay_verifier_preflight API typechecks, but current Madaros imported/native lowering exits 139 at runtime
tests/run-pass/lorenz_i256_cover_child4_solver_profile_bridge_imported.sio	0	PASS	1	systems::lorenz_i256_child4_solver_profile_bridge	known-failure: imported systems::lorenz_i256_child4_solver_profile_bridge API typechecks, but current Madaros imported/native lowering exits 139 at runtime
tests/run-pass/lorenz_i256_cover_child4_validation_core_imported.sio	0	PASS	0	systems::lorenz_i256_child4_validation_core	known-failure: imported systems::lorenz_i256_child4_validation_core API typechecks, but current Madaros imported/native lowering exits 139 at runtime
tests/run-pass/lorenz_i256_cover_refinement_ledger_imported.sio	0	PASS	12	systems::lorenz_i256_cert	known-failure: imported systems::lorenz_i256_cert cover-refinement ledger API typechecks, but current Madaros imported/native lowering exits 139 at runtime
tests/run-pass/lorenz_i256_finite_cover_candidate_imported.sio	0	PASS	12	systems::lorenz_i256_cert	known-failure: imported systems::lorenz_i256_cert finite-cover candidate API typechecks, but current Madaros imported/native lowering exits 139 at runtime
tests/run-pass/lorenz_i256_five_step_local_flowpipe_chain_imported.sio	0	PASS	12	systems::lorenz_i256_cert	known-failure: imported systems::lorenz_i256_cert five-step local-flowpipe-chain API typechecks, but current Madaros imported/native lowering exits 139 at runtime
tests/run-pass/lorenz_i256_fixed_step.sio	4	OTHER	1	(no-import)	known-failure: source-level i256 Lorenz fixed-point step segfaults at runtime when multi-limb products are divided by a multi-limb scale
tests/run-pass/lorenz_i256_fixed_step_1e6.sio	1	FAIL1	1	(no-import)	known-failure: source-level i256 Lorenz fixed-point division path segfaults at runtime even at scale 1e6
tests/run-pass/lorenz_i256_global_flowpipe_claim_preflight_imported.sio	0	PASS	11	systems::lorenz_i256_cert	known-failure: imported systems::lorenz_i256_cert global-flowpipe preflight API typechecks, but current Madaros imported/native lowering exits 139 at runtime
tests/run-pass/lorenz_i256_limb_bridge_imported.sio	0	PASS	1	systems::lorenz_i256_limb_bridge	known-failure: imported systems::lorenz_i256_limb_bridge API typechecks, but current Madaros imported/native lowering exits 139 at runtime
tests/run-pass/lorenz_i256_limb_scale_bridge_imported.sio	0	PASS	1	systems::lorenz_i256_limb_scale_bridge	known-failure: imported systems::lorenz_i256_limb_scale_bridge API typechecks, but current Madaros imported/native lowering exits 139 at runtime
tests/run-pass/lorenz_i256_portfolio_v16_readiness_imported.sio	0	PASS	13	systems::lorenz_i256_cert	known-failure: imported systems/theorem readiness path checks, but current Madaros imported/native lowering exits 139 at runtime
tests/run-pass/lorenz_i256_product_smoke.sio	3	OTHER	1	(no-import)	known-failure: source-level i256 Lorenz high-scale numerator products around 1e40 currently segfault at runtime
tests/run-pass/lorenz_i256_projection_certificate_envelope_imported.sio	0	PASS	12	systems::lorenz_i256_cert	known-failure: imported systems::lorenz_i256_cert projection certificate-envelope API typechecks, but current Madaros imported/native lowering exits 139 at runtime
tests/run-pass/lorenz_i256_projection_dependency_dag_imported.sio	0	PASS	11	systems::lorenz_i256_cert	known-failure: imported systems::lorenz_i256_cert projection dependency-DAG API typechecks, but current Madaros imported/native lowering exits 139 at runtime
tests/run-pass/lorenz_i256_projection_directed_rounding_imported.sio	0	PASS	12	systems::lorenz_i256_cert	known-failure: imported systems::lorenz_i256_cert projection directed-rounding API typechecks, but current Madaros imported/native lowering exits 139 at runtime
tests/run-pass/lorenz_i256_projection_div_witness_imported.sio	0	PASS	12	systems::lorenz_i256_cert	known-failure: imported systems::lorenz_i256_cert projection div-witness API typechecks, but current Madaros imported/native lowering exits 139 at runtime
tests/run-pass/lorenz_i256_projection_inclusion_imported.sio	0	PASS	12	systems::lorenz_i256_cert	known-failure: imported systems::lorenz_i256_cert projection path checks, but current Madaros imported/native lowering exits 139 at runtime
tests/run-pass/lorenz_i256_projection_interval_containment_imported.sio	0	PASS	12	systems::lorenz_i256_cert	known-failure: imported systems::lorenz_i256_cert projection interval-containment API typechecks, but current Madaros imported/native lowering exits 139 at runtime
tests/run-pass/lorenz_i256_projection_margin_imported.sio	0	PASS	12	systems::lorenz_i256_cert	known-failure: imported systems::lorenz_i256_cert projection-margin API typechecks, but current Madaros imported/native lowering exits 139 at runtime
tests/run-pass/lorenz_i256_projection_roundoff_imported.sio	0	PASS	11	systems::lorenz_i256_cert	known-failure: imported systems::lorenz_i256_cert projection-roundoff API typechecks, but current Madaros imported/native lowering exits 139 at runtime
tests/run-pass/lorenz_i256_range_budget_imported.sio	0	PASS	12	systems::lorenz_i256_cert	known-failure: imported systems::lorenz_i256_cert range-budget API typechecks, but current Madaros imported/native lowering exits 139 at runtime
tests/run-pass/lorenz_i256_rho_x_minus_y_bridge_imported.sio	0	PASS	1	systems::lorenz_i256_limb_scale_bridge	known-failure: imported systems::lorenz_i256_rho_x_minus_y_bridge API typechecks, but current Madaros imported/native lowering exits 139 at runtime
tests/run-pass/lorenz_i256_scaled_product_bridge_imported.sio	0	PASS	1	systems::lorenz_i256_scaled_product_bridge	known-failure: imported systems::lorenz_i256_scaled_product_bridge API typechecks, but current Madaros imported/native lowering exits 139 at runtime
tests/run-pass/lorenz_i256_sigma_x_term_bridge_imported.sio	0	PASS	1	systems::lorenz_i256_signed_delta_bridge	known-failure: imported systems::lorenz_i256_sigma_x_term_bridge API typechecks, but current Madaros imported/native lowering exits 139 at runtime
tests/run-pass/lorenz_i256_signed_delta_bridge_imported.sio	0	PASS	1	systems::lorenz_i256_signed_delta_bridge	known-failure: imported systems::lorenz_i256_signed_delta_bridge API typechecks, but current Madaros imported/native lowering exits 139 at runtime
tests/run-pass/lorenz_i256_smallscale_step.sio	3	OTHER	0	(no-import)	known-failure: source-level i256 Lorenz fixed-point division path segfaults at runtime even at scale 2^32
tests/run-pass/lorenz_i256_step1_step2_local_flowpipe_bridge_imported.sio	0	PASS	12	systems::lorenz_i256_cert	known-failure: imported systems::lorenz_i256_cert step-1-to-step-2 local-flowpipe-bridge API typechecks, but current Madaros imported/native lowering exits 139 at runtime
tests/run-pass/lorenz_i256_step1_taylor2_center_artifact_imported.sio	1	FAIL1	12	systems::lorenz_i256_cert	known-failure: imported systems::lorenz_i256_cert step-1 center artifact API typechecks, but current Madaros imported/native lowering exits 139 at runtime
tests/run-pass/lorenz_i256_step1_taylor2_completed_candidate_bundle_imported.sio	0	PASS	12	systems::lorenz_i256_cert	known-failure: imported systems::lorenz_i256_cert step-1 completed-candidate-bundle API typechecks, but current Madaros imported/native lowering exits 139 at runtime
tests/run-pass/lorenz_i256_step1_taylor2_enclosure_validator_guard_imported.sio	0	PASS	11	systems::lorenz_i256_cert	known-failure: imported systems::lorenz_i256_cert step-1 Taylor-2 enclosure validator guard API typechecks, but current Madaros imported/native lowering exits 139 at runtime
tests/run-pass/lorenz_i256_step1_taylor2_flowpipe_obligation_imported.sio	0	PASS	12	systems::lorenz_i256_cert	known-failure: imported systems::lorenz_i256_cert step-1 Taylor-2 flowpipe-obligation API typechecks, but current Madaros imported/native lowering exits 139 at runtime
tests/run-pass/lorenz_i256_step1_taylor2_local_containment_obligation_imported.sio	0	PASS	12	systems::lorenz_i256_cert	known-failure: imported systems::lorenz_i256_cert step-1 Taylor-2 local-containment-obligation API typechecks, but current Madaros imported/native lowering exits 139 at runtime
tests/run-pass/lorenz_i256_step1_taylor2_local_flowpipe_proof_imported.sio	0	PASS	12	systems::lorenz_i256_cert	known-failure: imported systems::lorenz_i256_cert step-1 Taylor-2 local-flowpipe-proof API typechecks, but current Madaros imported/native lowering exits 139 at runtime
tests/run-pass/lorenz_i256_step1_taylor2_local_flowpipe_seed_imported.sio	1	FAIL1	12	systems::lorenz_i256_cert	known-failure: imported systems::lorenz_i256_cert step-1 Taylor-2 local-flowpipe-seed API typechecks, but current Madaros imported/native lowering exits 139 at runtime
tests/run-pass/lorenz_i256_step1_taylor2_point_time_slab_containment_imported.sio	1	FAIL1	12	systems::lorenz_i256_cert	known-failure: imported systems::lorenz_i256_cert step-1 Taylor-2 point-time-slab API typechecks, but current Madaros imported/native lowering exits 139 at runtime
tests/run-pass/lorenz_i256_step1_taylor2_proof_trace_skeleton_imported.sio	0	PASS	11	systems::lorenz_i256_cert	known-failure: imported systems::lorenz_i256_cert step-1 Taylor-2 proof-trace skeleton API typechecks, but current Madaros imported/native lowering exits 139 at runtime
tests/run-pass/lorenz_i256_step1_taylor2_radius_artifact_imported.sio	0	PASS	12	systems::lorenz_i256_cert	known-failure: imported systems::lorenz_i256_cert step-1 radius artifact API typechecks, but current Madaros imported/native lowering exits 139 at runtime
tests/run-pass/lorenz_i256_step1_taylor2_remainder_obligation_imported.sio	0	PASS	12	systems::lorenz_i256_cert	known-failure: imported systems::lorenz_i256_cert step-1 remainder obligation API typechecks, but current Madaros imported/native lowering exits 139 at runtime
tests/run-pass/lorenz_i256_step1_taylor2_replay_executor_imported.sio	0	PASS	12	systems::lorenz_i256_cert	known-failure: imported systems::lorenz_i256_cert step-1 Taylor-2 replay executor API typechecks, but current Madaros imported/native lowering exits 139 at runtime
tests/run-pass/lorenz_i256_step1_taylor2_replay_preflight_imported.sio	0	PASS	12	systems::lorenz_i256_cert	known-failure: imported systems::lorenz_i256_cert step-1 Taylor-2 replay preflight API typechecks, but current Madaros imported/native lowering exits 139 at runtime
tests/run-pass/lorenz_i256_step1_taylor2_response_envelope_imported.sio	0	PASS	12	systems::lorenz_i256_cert	known-failure: imported systems::lorenz_i256_cert step-1 Taylor-2 response-envelope API typechecks, but current Madaros imported/native lowering exits 139 at runtime
tests/run-pass/lorenz_i256_step1_taylor2_time_slab_containment_imported.sio	0	PASS	12	systems::lorenz_i256_cert	known-failure: imported systems::lorenz_i256_cert step-1 Taylor-2 time-slab-containment API typechecks, but current Madaros imported/native lowering exits 139 at runtime
tests/run-pass/lorenz_i256_step2_step3_local_flowpipe_bridge_imported.sio	0	PASS	11	systems::lorenz_i256_cert	known-failure: imported systems::lorenz_i256_cert step-2-to-step-3 local-flowpipe-bridge API typechecks, but current Madaros imported/native lowering exits 139 at runtime
tests/run-pass/lorenz_i256_step2_taylor2_center_artifact_imported.sio	0	PASS	12	systems::lorenz_i256_cert	known-failure: imported systems::lorenz_i256_cert step-2 center artifact API typechecks, but current Madaros imported/native lowering exits 139 at runtime
tests/run-pass/lorenz_i256_step2_taylor2_completed_candidate_bundle_imported.sio	0	PASS	12	systems::lorenz_i256_cert	known-failure: imported systems::lorenz_i256_cert step-2 completed-candidate-bundle API typechecks, but current Madaros imported/native lowering exits 139 at runtime
tests/run-pass/lorenz_i256_step2_taylor2_enclosure_validator_guard_imported.sio	0	PASS	12	systems::lorenz_i256_cert	known-failure: imported systems::lorenz_i256_cert step-2 Taylor-2 enclosure-validator guard API typechecks, but current Madaros imported/native lowering exits 139 at runtime
tests/run-pass/lorenz_i256_step2_taylor2_flowpipe_obligation_imported.sio	0	PASS	12	systems::lorenz_i256_cert	known-failure: imported systems::lorenz_i256_cert step-2 Taylor-2 flowpipe-obligation API typechecks, but current Madaros imported/native lowering exits 139 at runtime
tests/run-pass/lorenz_i256_step2_taylor2_local_containment_obligation_imported.sio	0	PASS	11	systems::lorenz_i256_cert	known-failure: imported systems::lorenz_i256_cert step-2 Taylor-2 local-containment obligation API typechecks, but current Madaros imported/native lowering exits 139 at runtime
tests/run-pass/lorenz_i256_step2_taylor2_local_flowpipe_proof_imported.sio	0	PASS	12	systems::lorenz_i256_cert	known-failure: imported systems::lorenz_i256_cert step-2 Taylor-2 local-flowpipe-proof API typechecks, but current Madaros imported/native lowering exits 139 at runtime
tests/run-pass/lorenz_i256_step2_taylor2_local_flowpipe_seed_imported.sio	0	PASS	12	systems::lorenz_i256_cert	known-failure: imported systems::lorenz_i256_cert step-2 Taylor-2 local-flowpipe-seed API typechecks, but current Madaros imported/native lowering exits 139 at runtime
tests/run-pass/lorenz_i256_step2_taylor2_point_time_slab_containment_imported.sio	0	PASS	12	systems::lorenz_i256_cert	known-failure: imported systems::lorenz_i256_cert step-2 Taylor-2 point-time-slab API typechecks, but current Madaros imported/native lowering exits 139 at runtime
tests/run-pass/lorenz_i256_step2_taylor2_proof_trace_skeleton_imported.sio	0	PASS	12	systems::lorenz_i256_cert	known-failure: imported systems::lorenz_i256_cert step-2 Taylor-2 proof-trace skeleton API typechecks, but current Madaros imported/native lowering exits 139 at runtime
tests/run-pass/lorenz_i256_step2_taylor2_radius_artifact_imported.sio	0	PASS	12	systems::lorenz_i256_cert	known-failure: imported systems::lorenz_i256_cert step-2 radius artifact API typechecks, but current Madaros imported/native lowering exits 139 at runtime
tests/run-pass/lorenz_i256_step2_taylor2_remainder_obligation_imported.sio	0	PASS	12	systems::lorenz_i256_cert	known-failure: imported systems::lorenz_i256_cert step-2 remainder obligation API typechecks, but current Madaros imported/native lowering exits 139 at runtime
tests/run-pass/lorenz_i256_step2_taylor2_replay_executor_imported.sio	0	PASS	11	systems::lorenz_i256_cert	known-failure: imported systems::lorenz_i256_cert step-2 Taylor-2 replay executor API typechecks, but current Madaros imported/native lowering exits 139 at runtime
tests/run-pass/lorenz_i256_step2_taylor2_replay_preflight_imported.sio	0	PASS	12	systems::lorenz_i256_cert	known-failure: imported systems::lorenz_i256_cert step-2 Taylor-2 replay preflight API typechecks, but current Madaros imported/native lowering exits 139 at runtime
tests/run-pass/lorenz_i256_step2_taylor2_response_envelope_imported.sio	0	PASS	12	systems::lorenz_i256_cert	known-failure: imported systems::lorenz_i256_cert step-2 Taylor-2 response-envelope API typechecks, but current Madaros imported/native lowering exits 139 at runtime
tests/run-pass/lorenz_i256_step2_taylor2_time_slab_containment_imported.sio	0	PASS	12	systems::lorenz_i256_cert	known-failure: imported systems::lorenz_i256_cert step-2 Taylor-2 time-slab containment API typechecks, but current Madaros imported/native lowering exits 139 at runtime
tests/run-pass/lorenz_i256_step3_step4_local_flowpipe_bridge_imported.sio	0	PASS	11	systems::lorenz_i256_cert	known-failure: imported systems::lorenz_i256_cert step-3-to-step-4 local-flowpipe-bridge API typechecks, but current Madaros imported/native lowering exits 139 at runtime
tests/run-pass/lorenz_i256_step3_taylor2_center_artifact_imported.sio	0	PASS	12	systems::lorenz_i256_cert	known-failure: imported systems::lorenz_i256_cert step-3 center artifact API typechecks, but current Madaros imported/native lowering exits 139 at runtime
tests/run-pass/lorenz_i256_step3_taylor2_completed_candidate_bundle_imported.sio	0	PASS	12	systems::lorenz_i256_cert	known-failure: imported systems::lorenz_i256_cert step-3 completed-candidate-bundle API typechecks, but current Madaros imported/native lowering exits 139 at runtime
tests/run-pass/lorenz_i256_step3_taylor2_enclosure_validator_guard_imported.sio	0	PASS	12	systems::lorenz_i256_cert	known-failure: imported systems::lorenz_i256_cert step-3 Taylor-2 enclosure-validator guard API typechecks, but current Madaros imported/native lowering exits 139 at runtime
tests/run-pass/lorenz_i256_step3_taylor2_flowpipe_obligation_imported.sio	0	PASS	11	systems::lorenz_i256_cert	known-failure: imported systems::lorenz_i256_cert step-3 Taylor-2 flowpipe obligation API typechecks, but current Madaros imported/native lowering exits 139 at runtime
tests/run-pass/lorenz_i256_step3_taylor2_local_containment_obligation_imported.sio	0	PASS	12	systems::lorenz_i256_cert	known-failure: imported systems::lorenz_i256_cert step-3 Taylor-2 local-containment obligation API typechecks, but current Madaros imported/native lowering exits 139 at runtime
tests/run-pass/lorenz_i256_step3_taylor2_local_flowpipe_proof_imported.sio	0	PASS	12	systems::lorenz_i256_cert	known-failure: imported systems::lorenz_i256_cert step-3 Taylor-2 local-flowpipe-proof API typechecks, but current Madaros imported/native lowering exits 139 at runtime
tests/run-pass/lorenz_i256_step3_taylor2_local_flowpipe_seed_imported.sio	0	PASS	12	systems::lorenz_i256_cert	known-failure: imported systems::lorenz_i256_cert step-3 Taylor-2 local-flowpipe-seed API typechecks, but current Madaros imported/native lowering exits 139 at runtime
tests/run-pass/lorenz_i256_step3_taylor2_point_time_slab_containment_imported.sio	0	PASS	12	systems::lorenz_i256_cert	known-failure: imported systems::lorenz_i256_cert step-3 Taylor-2 point-time-slab API typechecks, but current Madaros imported/native lowering exits 139 at runtime
tests/run-pass/lorenz_i256_step3_taylor2_proof_trace_skeleton_imported.sio	0	PASS	11	systems::lorenz_i256_cert	known-failure: imported systems::lorenz_i256_cert step-3 Taylor-2 proof-trace skeleton API typechecks, but current Madaros imported/native lowering exits 139 at runtime
tests/run-pass/lorenz_i256_step3_taylor2_radius_artifact_imported.sio	0	PASS	12	systems::lorenz_i256_cert	known-failure: imported systems::lorenz_i256_cert step-3 radius artifact API typechecks, but current Madaros imported/native lowering exits 139 at runtime
tests/run-pass/lorenz_i256_step3_taylor2_remainder_obligation_imported.sio	0	PASS	12	systems::lorenz_i256_cert	known-failure: imported systems::lorenz_i256_cert step-3 remainder-obligation API typechecks, but current Madaros imported/native lowering exits 139 at runtime
tests/run-pass/lorenz_i256_step3_taylor2_replay_executor_imported.sio	0	PASS	13	systems::lorenz_i256_cert	known-failure: imported systems::lorenz_i256_cert step-3 Taylor-2 replay executor API typechecks, but current Madaros imported/native lowering exits 139 at runtime
tests/run-pass/lorenz_i256_step3_taylor2_replay_preflight_imported.sio	0	PASS	12	systems::lorenz_i256_cert	known-failure: imported systems::lorenz_i256_cert step-3 Taylor-2 replay preflight API typechecks, but current Madaros imported/native lowering exits 139 at runtime
tests/run-pass/lorenz_i256_step3_taylor2_response_envelope_imported.sio	0	PASS	12	systems::lorenz_i256_cert	known-failure: imported systems::lorenz_i256_cert step-3 response-envelope API typechecks, but current Madaros imported/native lowering exits 139 at runtime
tests/run-pass/lorenz_i256_step3_taylor2_time_slab_containment_imported.sio	0	PASS	12	systems::lorenz_i256_cert	known-failure: imported systems::lorenz_i256_cert step-3 Taylor-2 time-slab containment API typechecks, but current Madaros imported/native lowering exits 139 at runtime
tests/run-pass/lorenz_i256_step4_step5_local_flowpipe_bridge_imported.sio	0	PASS	13	systems::lorenz_i256_cert	known-failure: imported systems::lorenz_i256_cert step-4-to-step-5 local-flowpipe-bridge API typechecks, but current Madaros imported/native lowering exits 139 at runtime
tests/run-pass/lorenz_i256_step4_taylor2_center_artifact_imported.sio	0	PASS	13	systems::lorenz_i256_cert	known-failure: imported systems::lorenz_i256_cert step-4 center artifact API typechecks, but current Madaros imported/native lowering exits 139 at runtime
tests/run-pass/lorenz_i256_step4_taylor2_completed_candidate_bundle_imported.sio	0	PASS	12	systems::lorenz_i256_cert	known-failure: imported systems::lorenz_i256_cert step-4 completed-candidate-bundle API typechecks, but current Madaros imported/native lowering exits 139 at runtime
tests/run-pass/lorenz_i256_step4_taylor2_enclosure_validator_guard_imported.sio	0	PASS	11	systems::lorenz_i256_cert	known-failure: imported systems::lorenz_i256_cert step-4 Taylor-2 enclosure validator guard API typechecks, but current Madaros imported/native lowering exits 139 at runtime
tests/run-pass/lorenz_i256_step4_taylor2_flowpipe_obligation_imported.sio	0	PASS	11	systems::lorenz_i256_cert	known-failure: imported systems::lorenz_i256_cert step-4 Taylor-2 flowpipe obligation API typechecks, but current Madaros imported/native lowering exits 139 at runtime
tests/run-pass/lorenz_i256_step4_taylor2_local_containment_obligation_imported.sio	0	PASS	12	systems::lorenz_i256_cert	known-failure: imported systems::lorenz_i256_cert step-4 Taylor-2 local containment obligation API typechecks, but current Madaros imported/native lowering exits 139 at runtime
tests/run-pass/lorenz_i256_step4_taylor2_local_flowpipe_proof_imported.sio	0	PASS	12	systems::lorenz_i256_cert	known-failure: imported systems::lorenz_i256_cert step-4 Taylor-2 local-flowpipe-proof API typechecks, but current Madaros imported/native lowering exits 139 at runtime
tests/run-pass/lorenz_i256_step4_taylor2_local_flowpipe_seed_imported.sio	0	PASS	12	systems::lorenz_i256_cert	known-failure: imported systems::lorenz_i256_cert step-4 Taylor-2 local flowpipe seed API typechecks, but current Madaros imported/native lowering exits 139 at runtime
tests/run-pass/lorenz_i256_step4_taylor2_point_time_slab_containment_imported.sio	0	PASS	12	systems::lorenz_i256_cert	known-failure: imported systems::lorenz_i256_cert step-4 point time-slab containment API typechecks, but current Madaros imported/native lowering exits 139 at runtime
tests/run-pass/lorenz_i256_step4_taylor2_proof_trace_skeleton_imported.sio	0	PASS	12	systems::lorenz_i256_cert	known-failure: imported systems::lorenz_i256_cert step-4 Taylor-2 proof-trace skeleton API typechecks, but current Madaros imported/native lowering exits 139 at runtime
tests/run-pass/lorenz_i256_step4_taylor2_radius_artifact_imported.sio	0	PASS	11	systems::lorenz_i256_cert	known-failure: imported systems::lorenz_i256_cert step-4 radius artifact API typechecks, but current Madaros imported/native lowering exits 139 at runtime
tests/run-pass/lorenz_i256_step4_taylor2_remainder_obligation_imported.sio	0	PASS	12	systems::lorenz_i256_cert	known-failure: imported systems::lorenz_i256_cert step-4 remainder-obligation API typechecks, but current Madaros imported/native lowering exits 139 at runtime
tests/run-pass/lorenz_i256_step4_taylor2_replay_executor_imported.sio	0	PASS	12	systems::lorenz_i256_cert	known-failure: imported systems::lorenz_i256_cert step-4 Taylor-2 replay executor API typechecks, but current Madaros imported/native lowering exits 139 at runtime
tests/run-pass/lorenz_i256_step4_taylor2_replay_preflight_imported.sio	0	PASS	12	systems::lorenz_i256_cert	known-failure: imported systems::lorenz_i256_cert step-4 Taylor-2 replay preflight API typechecks, but current Madaros imported/native lowering exits 139 at runtime
tests/run-pass/lorenz_i256_step4_taylor2_response_envelope_imported.sio	0	PASS	12	systems::lorenz_i256_cert	known-failure: imported systems::lorenz_i256_cert step-4 response-envelope API typechecks, but current Madaros imported/native lowering exits 139 at runtime
tests/run-pass/lorenz_i256_step4_taylor2_time_slab_containment_imported.sio	0	PASS	12	systems::lorenz_i256_cert	known-failure: imported systems::lorenz_i256_cert step-4 Taylor-2 time-slab containment API typechecks, but current Madaros imported/native lowering exits 139 at runtime
tests/run-pass/lorenz_i256_step5_certificate_imported.sio	0	PASS	11	systems::lorenz_i256_cert	known-failure: imported systems::lorenz_i256_cert path checks, but current Madaros imported/native lowering exits 139 at runtime
tests/run-pass/lorenz_i256_step5_taylor2_center_artifact_imported.sio	0	PASS	13	systems::lorenz_i256_cert	known-failure: imported systems::lorenz_i256_cert step-5 center artifact API typechecks, but current Madaros imported/native lowering exits 139 at runtime
tests/run-pass/lorenz_i256_step5_taylor2_completed_candidate_bundle_imported.sio	0	PASS	12	systems::lorenz_i256_cert	known-failure: imported systems::lorenz_i256_cert step-5 completed-candidate-bundle API typechecks, but current Madaros imported/native lowering exits 139 at runtime
tests/run-pass/lorenz_i256_step5_taylor2_enclosure_validator_guard_imported.sio	0	PASS	12	systems::lorenz_i256_cert	known-failure: imported systems::lorenz_i256_cert step-5 Taylor-2 enclosure validator guard API typechecks, but current Madaros imported/native lowering exits 139 at runtime
tests/run-pass/lorenz_i256_step5_taylor2_flowpipe_obligation_imported.sio	0	PASS	12	systems::lorenz_i256_cert	known-failure: imported systems::lorenz_i256_cert step-5 Taylor-2 flowpipe obligation API typechecks, but current Madaros imported/native lowering exits 139 at runtime
tests/run-pass/lorenz_i256_step5_taylor2_local_containment_obligation_imported.sio	0	PASS	12	systems::lorenz_i256_cert	known-failure: imported systems::lorenz_i256_cert step-5 Taylor-2 local containment obligation API typechecks, but current Madaros imported/native lowering exits 139 at runtime
tests/run-pass/lorenz_i256_step5_taylor2_local_flowpipe_proof_imported.sio	0	PASS	12	systems::lorenz_i256_cert	known-failure: imported systems::lorenz_i256_cert step-5 Taylor-2 local flowpipe proof API typechecks, but current Madaros imported/native lowering exits 139 at runtime
tests/run-pass/lorenz_i256_step5_taylor2_local_flowpipe_seed_imported.sio	0	PASS	12	systems::lorenz_i256_cert	known-failure: imported systems::lorenz_i256_cert step-5 Taylor-2 local flowpipe seed API typechecks, but current Madaros imported/native lowering exits 139 at runtime
tests/run-pass/lorenz_i256_step5_taylor2_point_time_slab_containment_imported.sio	0	PASS	12	systems::lorenz_i256_cert	known-failure: imported systems::lorenz_i256_cert step-5 point time-slab containment API typechecks, but current Madaros imported/native lowering exits 139 at runtime
tests/run-pass/lorenz_i256_step5_taylor2_proof_trace_skeleton_imported.sio	0	PASS	12	systems::lorenz_i256_cert	known-failure: imported systems::lorenz_i256_cert step-5 Taylor-2 proof-trace skeleton API typechecks, but current Madaros imported/native lowering exits 139 at runtime
tests/run-pass/lorenz_i256_step5_taylor2_radius_artifact_imported.sio	0	PASS	12	systems::lorenz_i256_cert	known-failure: imported systems::lorenz_i256_cert step-5 radius artifact API typechecks, but current Madaros imported/native lowering exits 139 at runtime
tests/run-pass/lorenz_i256_step5_taylor2_remainder_obligation_imported.sio	0	PASS	12	systems::lorenz_i256_cert	known-failure: imported systems::lorenz_i256_cert step-5 remainder-obligation API typechecks, but current Madaros imported/native lowering exits 139 at runtime
tests/run-pass/lorenz_i256_step5_taylor2_replay_executor_imported.sio	0	PASS	12	systems::lorenz_i256_cert	known-failure: imported systems::lorenz_i256_cert step-5 Taylor-2 replay executor API typechecks, but current Madaros imported/native lowering exits 139 at runtime
tests/run-pass/lorenz_i256_step5_taylor2_replay_preflight_imported.sio	0	PASS	12	systems::lorenz_i256_cert	known-failure: imported systems::lorenz_i256_cert step-5 Taylor-2 replay preflight API typechecks, but current Madaros imported/native lowering exits 139 at runtime
tests/run-pass/lorenz_i256_step5_taylor2_response_envelope_imported.sio	0	PASS	12	systems::lorenz_i256_cert	known-failure: imported systems::lorenz_i256_cert response-envelope API typechecks, but current Madaros imported/native lowering exits 139 at runtime
tests/run-pass/lorenz_i256_step5_taylor2_time_slab_containment_imported.sio	0	PASS	12	systems::lorenz_i256_cert	known-failure: imported systems::lorenz_i256_cert step-5 Taylor-2 time-slab containment API typechecks, but current Madaros imported/native lowering exits 139 at runtime
tests/run-pass/lorenz_i256_step6_center_artifact_imported.sio	0	PASS	13	systems::lorenz_i256_cert	known-failure: imported systems::lorenz_i256_cert step-6 center artifact API typechecks, but current Madaros imported/native lowering exits 139 at runtime
tests/run-pass/lorenz_i256_step6_completed_candidate_bundle_imported.sio	0	PASS	12	systems::lorenz_i256_cert	known-failure: imported systems::lorenz_i256_cert step-6 completed candidate bundle API typechecks, but current Madaros imported/native lowering exits 139 at runtime
tests/run-pass/lorenz_i256_step6_enclosure_candidate_bundle_imported.sio	0	PASS	12	systems::lorenz_i256_cert	known-failure: imported systems::lorenz_i256_cert step-6 enclosure candidate bundle API typechecks, but current Madaros imported/native lowering exits 139 at runtime
tests/run-pass/lorenz_i256_step6_enclosure_projection_artifact_imported.sio	0	PASS	12	systems::lorenz_i256_cert	known-failure: imported systems::lorenz_i256_cert step-6 enclosure projection artifact API typechecks, but current Madaros imported/native lowering exits 139 at runtime
tests/run-pass/lorenz_i256_step6_enclosure_validator_guard_imported.sio	0	PASS	12	systems::lorenz_i256_cert	known-failure: imported systems::lorenz_i256_cert step-6 enclosure validator guard API typechecks, but current Madaros imported/native lowering exits 139 at runtime
tests/run-pass/lorenz_i256_step6_proof_trace_skeleton_imported.sio	0	PASS	12	systems::lorenz_i256_cert	known-failure: imported systems::lorenz_i256_cert step-6 proof-trace skeleton API typechecks, but current Madaros imported/native lowering exits 139 at runtime
tests/run-pass/lorenz_i256_step6_radius_artifact_imported.sio	0	PASS	13	systems::lorenz_i256_cert	known-failure: imported systems::lorenz_i256_cert step-6 radius artifact API typechecks, but current Madaros imported/native lowering exits 139 at runtime
tests/run-pass/lorenz_i256_step6_remainder_obligation_imported.sio	0	PASS	12	systems::lorenz_i256_cert	known-failure: imported systems::lorenz_i256_cert step-6 remainder obligation API typechecks, but current Madaros imported/native lowering exits 139 at runtime
tests/run-pass/lorenz_i256_step6_repaired_projection_inclusion_validator_imported.sio	0	PASS	12	systems::lorenz_i256_cert	known-failure: imported systems::lorenz_i256_cert step-6 repaired projection inclusion API typechecks, but current Madaros imported/native lowering exits 139 at runtime
tests/run-pass/lorenz_i256_step6_replay_executor_imported.sio	0	PASS	12	systems::lorenz_i256_cert	known-failure: imported systems::lorenz_i256_cert step-6 replay executor API typechecks, but current Madaros imported/native lowering exits 139 at runtime
tests/run-pass/lorenz_i256_step6_replay_preflight_imported.sio	0	PASS	13	systems::lorenz_i256_cert	known-failure: imported systems::lorenz_i256_cert step-6 replay preflight API typechecks, but current Madaros imported/native lowering exits 139 at runtime
tests/run-pass/lorenz_i256_step6_taylor2_flowpipe_link_preflight_imported.sio	0	PASS	16	systems::lorenz_i256_cert	known-failure: imported systems::lorenz_i256_cert step-6 Taylor-2 flowpipe link preflight API typechecks, but current Madaros imported/native lowering exits 139 at runtime
tests/run-pass/lorenz_i256_step6_taylor2_flowpipe_obligation_imported.sio	0	PASS	12	systems::lorenz_i256_cert	known-failure: imported systems::lorenz_i256_cert step-6 Taylor-2 flowpipe obligation API typechecks, but current Madaros imported/native lowering exits 139 at runtime
tests/run-pass/lorenz_i256_step6_taylor2_local_containment_obligation_imported.sio	0	PASS	12	systems::lorenz_i256_cert	known-failure: imported systems::lorenz_i256_cert step-6 Taylor-2 local containment obligation API typechecks, but current Madaros imported/native lowering exits 139 at runtime
tests/run-pass/lorenz_i256_step6_taylor2_local_flowpipe_proof_imported.sio	0	PASS	12	systems::lorenz_i256_cert	known-failure: imported systems::lorenz_i256_cert step-6 Taylor-2 local flowpipe proof API typechecks, but current Madaros imported/native lowering exits 139 at runtime
tests/run-pass/lorenz_i256_step6_taylor2_time_slab_containment_imported.sio	0	PASS	12	systems::lorenz_i256_cert	known-failure: imported systems::lorenz_i256_cert step-6 Taylor-2 time-slab containment API typechecks, but current Madaros imported/native lowering exits 139 at runtime
tests/run-pass/lorenz_i256_step6_z_margin_repair_imported.sio	0	PASS	12	systems::lorenz_i256_cert	known-failure: imported systems::lorenz_i256_cert step-6 z-margin repair API typechecks, but current Madaros imported/native lowering exits 139 at runtime
tests/run-pass/lorenz_i256_step_certificate_imported.sio	0	PASS	12	systems::lorenz_i256_cert	known-failure: imported systems::lorenz_i256_cert path checks, but current Madaros imported/native lowering exits 139 at runtime
tests/run-pass/lorenz_i256_taylor_ball_bridge_imported.sio	0	PASS	12	systems::lorenz_i256_cert	known-failure: imported systems::lorenz_i256_cert Taylor/ball bridge API typechecks, but current Madaros imported/native lowering exits 139 at runtime
tests/run-pass/lorenz_i256_trajectory2_acceptance_bounded_bridge_imported.sio	0	PASS	1	systems::lorenz_i256_trajectory2_manifest_bounded_bridge	known-failure: imported systems::lorenz_i256_trajectory2_acceptance_bounded_bridge API typechecks, but current Madaros imported/native lowering exits 139 at runtime
tests/run-pass/lorenz_i256_trajectory2_bounded_bridge_imported.sio	0	PASS	1	systems::lorenz_i256_xyz_step_bounded_bridge	known-failure: imported systems::lorenz_i256_trajectory2_bounded_bridge API typechecks, but current Madaros imported/native lowering exits 139 at runtime
tests/run-pass/lorenz_i256_trajectory2_certificate_bounded_bridge_imported.sio	0	PASS	2	systems::lorenz_i256_trajectory2_replay_bounded_bridge	known-failure: imported systems::lorenz_i256_trajectory2_certificate_bounded_bridge API typechecks, but current Madaros imported/native lowering exits 139 at runtime
tests/run-pass/lorenz_i256_trajectory2_manifest_bounded_bridge_imported.sio	0	PASS	2	systems::lorenz_i256_trajectory2_certificate_bounded_bridge	known-failure: imported systems::lorenz_i256_trajectory2_manifest_bounded_bridge API typechecks, but current Madaros imported/native lowering exits 139 at runtime
tests/run-pass/lorenz_i256_trajectory2_portfolio_local_guard_imported.sio	0	PASS	1	systems::lorenz_i256_trajectory2_acceptance_bounded_bridge	known-failure: imported systems::lorenz_i256_trajectory2_portfolio_local_guard API typechecks, but current Madaros imported/native lowering exits 139 at runtime
tests/run-pass/lorenz_i256_trajectory2_readiness_dispatch_envelope_imported.sio	0	PASS	1	systems::lorenz_i256_trajectory2_acceptance_bounded_bridge	known-failure: imported systems::lorenz_i256_trajectory2_readiness_dispatch_envelope API typechecks, but current Madaros imported/native lowering exits 139 at runtime
tests/run-pass/lorenz_i256_trajectory2_replay_bounded_bridge_imported.sio	0	PASS	2	systems::lorenz_i256_xyz_step_bounded_bridge	known-failure: imported systems::lorenz_i256_trajectory2_replay_bounded_bridge API typechecks, but current Madaros imported/native lowering exits 139 at runtime
tests/run-pass/lorenz_i256_trajectory5_certificate_imported.sio	0	PASS	12	systems::lorenz_i256_cert	known-failure: imported systems::lorenz_i256_cert path checks, but current Madaros imported/native lowering exits 139 at runtime
tests/run-pass/lorenz_i256_trajectory5_manifest_imported.sio	0	PASS	11	systems::lorenz_i256_cert	known-failure: imported systems::lorenz_i256_cert path checks, but current Madaros imported/native lowering exits 139 at runtime
tests/run-pass/lorenz_i256_trajectory5_step6_local_flowpipe_bridge_imported.sio	0	PASS	12	systems::lorenz_i256_cert	known-failure: imported systems::lorenz_i256_cert trajectory5 to step-6 local flowpipe bridge API typechecks, but current Madaros imported/native lowering exits 139 at runtime
tests/run-pass/lorenz_i256_x_step_bridge_imported.sio	0	PASS	1	systems::lorenz_i256_sigma_x_term_bridge	known-failure: imported systems::lorenz_i256_x_step_bridge API typechecks, but current Madaros imported/native lowering exits 139 at runtime
tests/run-pass/lorenz_i256_xyz_step_bounded_bridge_imported.sio	3	OTHER	2	systems::lorenz_i256_x_step_bridge	known-failure: imported systems::lorenz_i256_xyz_step_bounded_bridge API typechecks, but current Madaros imported/native lowering exits 139 at runtime
tests/run-pass/lorenz_i256_y_derivative_bounded_bridge_imported.sio	0	PASS	1	systems::lorenz_i256_scaled_product_bridge	known-failure: imported systems::lorenz_i256_y_derivative_bounded_bridge API typechecks, but current Madaros imported/native lowering exits 139 at runtime
tests/run-pass/lorenz_i256_y_step_bounded_bridge_imported.sio	4	OTHER	1	systems::lorenz_i256_limb_bridge	known-failure: imported systems::lorenz_i256_y_step_bounded_bridge API typechecks, but current Madaros imported/native lowering exits 139 at runtime
tests/run-pass/lorenz_i256_y_step_z0_bridge_imported.sio	0	PASS	1	systems::lorenz_i256_limb_bridge	known-failure: imported systems::lorenz_i256_y_step_z0_bridge API typechecks, but current Madaros imported/native lowering exits 139 at runtime
tests/run-pass/lorenz_i256_z_derivative_bounded_bridge_imported.sio	0	PASS	2	systems::lorenz_i256_scaled_product_bridge	known-failure: imported systems::lorenz_i256_z_derivative_bounded_bridge API typechecks, but current Madaros imported/native lowering exits 139 at runtime
tests/run-pass/lorenz_i256_z_step_bounded_bridge_imported.sio	0	PASS	1	systems::lorenz_i256_limb_bridge	known-failure: imported systems::lorenz_i256_z_step_bounded_bridge API typechecks, but current Madaros imported/native lowering exits 139 at runtime
tests/run-pass/lorenz_taylor2_adaptive_step_decision_imported.sio	0	PASS	5	systems::ball_fixed	known-failure: imported systems::ball_fixed Taylor-2 adaptive-step-decision API typechecks, but current Madaros imported/native lowering exits 139 at runtime
tests/run-pass/lorenz_taylor2_remainder_imported.sio	0	PASS	5	systems::ball_fixed	known-failure: imported systems::ball_fixed Taylor-2 remainder API typechecks, but current Madaros imported/native lowering exits 139 at runtime
tests/run-pass/lorenz_taylor2_response_envelope_imported.sio	0	PASS	6	systems::ball_fixed	known-failure: imported systems::ball_fixed Taylor-2 response-envelope API typechecks, but current Madaros imported/native lowering exits 139 at runtime
tests/run-pass/lorenz_taylor2_step_policy_imported.sio	0	PASS	5	systems::ball_fixed	known-failure: imported systems::ball_fixed Taylor-2 step-policy API typechecks, but current Madaros imported/native lowering exits 139 at runtime
tests/run-pass/lorenz_taylor2_step_request_imported.sio	0	PASS	5	systems::ball_fixed	known-failure: imported systems::ball_fixed Taylor-2 step-request API typechecks, but current Madaros imported/native lowering exits 139 at runtime
tests/run-pass/lorenz_taylor2_step_schedule_imported.sio	0	PASS	5	systems::ball_fixed	known-failure: imported systems::ball_fixed Taylor-2 step-schedule API typechecks, but current Madaros imported/native lowering exits 139 at runtime
tests/run-pass/lrat_binary_resolution_imported.sio	0	PASS	1	theorem::lrat	known-failure: imported theorem::lrat binary-resolution runtime currently depends on the array-backed LRAT module path, which still exits 139 in Madaros native lowering
tests/run-pass/lrat_chain_imported.sio	0	PASS	1	theorem::lrat	known-failure: imported theorem::lrat proof-chain runtime currently depends on the array-backed LRAT module path, which still exits 139 in Madaros native lowering
tests/run-pass/lrat_deletion_lifecycle_receipt_imported.sio	0	PASS	1	theorem::lrat	known-failure: imported theorem::lrat deletion-lifecycle receipt checks, but current array-backed LRAT module path exits 139 in Madaros native lowering
tests/run-pass/lrat_frat_elaboration_imported.sio	0	PASS	0	theorem::lrat	known-failure: imported theorem::lrat FRAT envelope path checks, but current array-backed imported/native lowering exits 139 at runtime
tests/run-pass/pb_cardinality_bridge_imported.sio	0	PASS	1	theorem::pb	known-failure: imported theorem::pb bridge runtime currently exits 139 in Madaros imported/native lowering; module check and self-contained gate cover the PB logic
tests/run-pass/pb_highwidth_microkernel_imported.sio	0	PASS	1	theorem::pb_highwidth_microkernel	known-failure: imported theorem::pb_highwidth_microkernel API typechecks, but current Madaros imported/native lowering exits 139 at runtime
tests/run-pass/pb_kernel_trace_propagation_imported.sio	1	FAIL1	1	theorem::pb	known-failure: imported theorem::pb kernel-trace API typechecks, but current Madaros imported/native lowering exits 139 at runtime
tests/run-pass/pb_row_chain_imported.sio	0	PASS	1	theorem::pb	known-failure: imported theorem::pb row-chain runtime currently exits 139 in Madaros imported/native lowering; module check and self-contained gate cover the PB logic
tests/run-pass/private_evidence_envelope_imported.sio	0	PASS	1	safety::private_evidence_envelope	known-failure: imported safety::private_evidence_envelope API typechecks, but current Madaros imported/native lowering exits 139 at runtime
tests/run-pass/proof_checker_family_matrix_imported.sio	0	PASS	1	safety::proof_checker_family_matrix	known-failure: imported safety::proof_checker_family_matrix API typechecks, but current Madaros imported/native lowering exits 139 at runtime
tests/run-pass/proof_checker_microkernel_suite_imported.sio	0	PASS	1	safety::proof_checker_microkernel_suite	known-failure: imported proof-checker microkernel APIs typecheck, but current Madaros imported/native lowering exits 139 at runtime
tests/run-pass/runtime_abi_gate_blocker_imported.sio	0	PASS	1	safety::runtime_abi_gate_blocker	known-failure: imported safety::runtime_abi_gate_blocker API typechecks, but current Madaros imported/native lowering exits 139 at runtime
tests/run-pass/runtime_abi_gate_blocker_query_envelope_imported.sio	0	PASS	1	safety::runtime_abi_gate_blocker_query_envelope	known-failure: imported systems::runtime_abi_gate_blocker_query_envelope API typechecks, but current Madaros imported/native lowering exits 139 at runtime
tests/run-pass/sat_rup_microkernel_imported.sio	0	PASS	1	theorem::sat_rup_microkernel	known-failure: imported theorem::sat_rup_microkernel API typechecks, but current Madaros imported/native lowering exits 139 at runtime
tests/run-pass/smt_alethe_micro_reconstruction_imported.sio	0	PASS	2	theorem::smt	known-failure: imported theorem::smt Alethe-micro path checks, but current Madaros imported/native lowering exits 139 at runtime
tests/run-pass/smt_assumption_core_imported.sio	0	PASS	2	theorem::smt	known-failure: imported theorem::smt assumption/core path checks, but current Madaros imported/native lowering exits 139 at runtime
tests/run-pass/smt_farkas_microkernel_imported.sio	0	PASS	1	theorem::smt_farkas_microkernel	known-failure: imported theorem::smt_farkas_microkernel API typechecks, but current Madaros imported/native lowering exits 139 at runtime
tests/run-pass/solver_portfolio_lorenz_i256_cover_child1_obligation_seed_v168_imported.sio	1	FAIL1	40	theorem::portfolio	known-failure: imported theorem::portfolio v168 cover-child1 obligation-seed compiles and runs; receipt fingerprint mismatches (main returns 1). Not 139; not a token/source-ceiling failure
tests/run-pass/solver_proof_profile_dispatch_envelope_imported.sio	9	OTHER	0	theorem::solver_proof_profile	known-failure: imported systems::solver_proof_profile_dispatch_envelope API typechecks, but current Madaros imported/native lowering exits 139 at runtime
tests/run-pass/solver_proof_profile_imported.sio	0	PASS	1	theorem::solver_proof_profile	known-failure: imported theorem::solver_proof_profile API typechecks, but current Madaros imported/native lowering exits 139 at runtime
tests/run-pass/test_qflra_exact.sio	0	PASS	1	theorem::qflra_exact	known-failure: imported rational/QF_LRA runtime currently exits 139 in Madaros native lowering; check-mode passes and qflra_farkas_checker_tiny covers executable Farkas proof-kernel evidence
