path	family	version	bytes	known_failure	block_reason	path_class	kf_note
tests/run-pass/lorenz_i256_portfolio_v16_composed_imported.sio	lorenz_i256_portfolio_composed	16	3203	yes	import_stdlib_theorem_portfolio_over_source_byte_wall	split_generated_module	//@ known-failure: composed imported systems/theorem path checks, but current Madaros imported/native lowering exits 139 at runtime
tests/run-pass/solver_portfolio_erdos_scope_v30_imported.sio	erdos_scope	30	1725	yes	import_stdlib_theorem_portfolio_over_source_byte_wall	split_generated_module	//@ known-failure: imported theorem::portfolio scope audit typechecks, but current Madaros imported/native lowering exits 139 at runtime
tests/run-pass/solver_portfolio_lorenz_ball_fixed_explicit_enclosure_v27_imported.sio	lorenz_ball_fixed_explicit_enclosure	27	2714	yes	import_stdlib_theorem_portfolio_over_source_byte_wall	split_generated_module	//@ known-failure: imported theorem::portfolio v27 Lorenz explicit-enclosure path checks, but current Madaros imported/native lowering exits 139 at runtime
tests/run-pass/solver_portfolio_lorenz_ball_fixed_policy_chain_v24_imported.sio	lorenz_ball_fixed_policy_chain	24	2896	yes	import_stdlib_theorem_portfolio_over_source_byte_wall	split_generated_module	//@ known-failure: imported theorem::portfolio v24 policy-chain path checks, but current Madaros imported/native lowering exits 139 at runtime
tests/run-pass/solver_portfolio_lorenz_ball_fixed_radius_budget_v19_imported.sio	lorenz_ball_fixed_radius_budget	19	2266	yes	import_stdlib_theorem_portfolio_over_source_byte_wall	split_generated_module	//@ known-failure: imported theorem::portfolio v19 Lorenz radius-budget path checks, but current Madaros imported/native lowering exits 139 at runtime
tests/run-pass/solver_portfolio_lorenz_ball_fixed_step_policy_guard_v23_imported.sio	lorenz_ball_fixed_step_policy_guard	23	2696	yes	import_stdlib_theorem_portfolio_over_source_byte_wall	split_generated_module	//@ known-failure: imported theorem::portfolio v23 guard-band step-policy path checks, but current Madaros imported/native lowering exits 139 at runtime
tests/run-pass/solver_portfolio_lorenz_ball_fixed_step_policy_margin_v22_imported.sio	lorenz_ball_fixed_step_policy_margin	22	2725	yes	import_stdlib_theorem_portfolio_over_source_byte_wall	split_generated_module	//@ known-failure: imported theorem::portfolio v22 step-policy margin path checks, but current Madaros imported/native lowering exits 139 at runtime
tests/run-pass/solver_portfolio_lorenz_ball_fixed_step_policy_v21_imported.sio	lorenz_ball_fixed_step_policy	21	2671	yes	import_stdlib_theorem_portfolio_over_source_byte_wall	split_generated_module	//@ known-failure: imported theorem::portfolio v21 step-policy path checks, but current Madaros imported/native lowering exits 139 at runtime
tests/run-pass/solver_portfolio_lorenz_ball_fixed_v17_imported.sio	lorenz_ball_fixed	17	2470	yes	import_stdlib_theorem_portfolio_over_source_byte_wall	split_generated_module	//@ known-failure: imported theorem::portfolio v17 path checks, but current Madaros imported/native lowering exits 139 at runtime
tests/run-pass/solver_portfolio_lorenz_i256_ball_fixed_bridge_v29_imported.sio	lorenz_i256_ball_fixed_bridge	29	2968	yes	import_stdlib_theorem_portfolio_over_source_byte_wall	split_generated_module	//@ known-failure: imported theorem::portfolio v29 Lorenz i256 bridge path checks, but current Madaros imported/native lowering exits 139 at runtime
tests/run-pass/solver_portfolio_lorenz_i256_cover_child0_axis_arithmetic_bundle_v164_imported.sio	lorenz_i256_cover_child0_axis_arithmetic_bundle	164	2193	yes	import_stdlib_theorem_portfolio_over_source_byte_wall	split_generated_module	//@ known-failure: imported theorem::portfolio Lorenz i256 cover child0 axis arithmetic bundle v164 API typechecks, but current Madaros imported/native lowering
tests/run-pass/solver_portfolio_lorenz_i256_cover_child0_axis_arithmetic_readiness_v165_imported.sio	lorenz_i256_cover_child0_axis_arithmetic_readiness	165	2381	yes	import_stdlib_theorem_portfolio_over_source_byte_wall	split_generated_module	//@ known-failure: imported theorem::portfolio Lorenz i256 cover child0 axis arithmetic readiness v165 API typechecks, but current Madaros imported/native lower
tests/run-pass/solver_portfolio_lorenz_i256_cover_child0_axis_witness_bundle_v160_imported.sio	lorenz_i256_cover_child0_axis_witness_bundle	160	2110	yes	import_stdlib_theorem_portfolio_over_source_byte_wall	split_generated_module	//@ known-failure: imported theorem::portfolio Lorenz i256 cover child0 axis witness bundle v160 API typechecks, but current Madaros imported/native lowering ex
tests/run-pass/solver_portfolio_lorenz_i256_cover_child0_containment_obligation_v155_imported.sio	lorenz_i256_cover_child0_containment_obligation	155	2337	yes	import_stdlib_theorem_portfolio_over_source_byte_wall	split_generated_module	//@ known-failure: imported theorem::portfolio Lorenz i256 cover child0 containment obligation v155 API typechecks, but current Madaros imported/native lowering
tests/run-pass/solver_portfolio_lorenz_i256_cover_child0_discharge_preflight_v167_imported.sio	lorenz_i256_cover_child0_discharge_preflight	167	2373	yes	import_stdlib_theorem_portfolio_over_source_byte_wall	split_generated_module	//@ known-failure: imported theorem::portfolio Lorenz i256 cover child0 discharge preflight v167 API typechecks, but current Madaros imported/native lowering ex
tests/run-pass/solver_portfolio_lorenz_i256_cover_child0_local_flowpipe_preflight_v152_imported.sio	lorenz_i256_cover_child0_local_flowpipe_preflight	152	2165	yes	import_stdlib_theorem_portfolio_over_source_byte_wall	split_generated_module	//@ known-failure: imported theorem::portfolio Lorenz i256 cover child0 local-flowpipe preflight v152 API typechecks, but current Madaros imported/native loweri
tests/run-pass/solver_portfolio_lorenz_i256_cover_child0_local_flowpipe_proof_skeleton_v153_imported.sio	lorenz_i256_cover_child0_local_flowpipe_proof_skeleton	153	2278	yes	import_stdlib_theorem_portfolio_over_source_byte_wall	split_generated_module	//@ known-failure: imported theorem::portfolio Lorenz i256 cover child0 local-flowpipe proof skeleton v153 API typechecks, but current Madaros imported/native l
tests/run-pass/solver_portfolio_lorenz_i256_cover_child0_local_flowpipe_replay_executor_v154_imported.sio	lorenz_i256_cover_child0_local_flowpipe_replay_executor	154	2354	yes	import_stdlib_theorem_portfolio_over_source_byte_wall	split_generated_module	//@ known-failure: imported theorem::portfolio Lorenz i256 cover child0 local-flowpipe replay executor v154 API typechecks, but current Madaros imported/native 
tests/run-pass/solver_portfolio_lorenz_i256_cover_child0_obligation_seed_v151_imported.sio	lorenz_i256_cover_child0_obligation_seed	151	2167	yes	import_stdlib_theorem_portfolio_over_source_byte_wall	split_generated_module	//@ known-failure: imported theorem::portfolio Lorenz i256 cover child0 obligation seed v151 API typechecks, but current Madaros imported/native lowering exits 
tests/run-pass/solver_portfolio_lorenz_i256_cover_child0_validation_core_v166_imported.sio	lorenz_i256_cover_child0_validation_core	166	2358	yes	import_stdlib_theorem_portfolio_over_source_byte_wall	split_generated_module	//@ known-failure: imported theorem::portfolio Lorenz i256 cover child0 validation core v166 API typechecks, but current Madaros imported/native lowering exits 
tests/run-pass/solver_portfolio_lorenz_i256_cover_child0_validation_guard_v156_imported.sio	lorenz_i256_cover_child0_validation_guard	156	2313	yes	import_stdlib_theorem_portfolio_over_source_byte_wall	split_generated_module	//@ known-failure: imported theorem::portfolio Lorenz i256 cover child0 validation guard v156 API typechecks, but current Madaros imported/native lowering exits
tests/run-pass/solver_portfolio_lorenz_i256_cover_child0_x_axis_arithmetic_validator_v161_imported.sio	lorenz_i256_cover_child0_x_axis_arithmetic_validator	161	2186	yes	import_stdlib_theorem_portfolio_over_source_byte_wall	split_generated_module	//@ known-failure: imported theorem::portfolio Lorenz i256 cover child0 x-axis arithmetic validator v161 API typechecks, but current Madaros imported/native low
tests/run-pass/solver_portfolio_lorenz_i256_cover_child0_x_axis_validation_witness_v157_imported.sio	lorenz_i256_cover_child0_x_axis_validation_witness	157	2451	yes	import_stdlib_theorem_portfolio_over_source_byte_wall	split_generated_module	//@ known-failure: imported theorem::portfolio Lorenz i256 cover child0 x-axis validation witness v157 API typechecks, but current Madaros imported/native lower
tests/run-pass/solver_portfolio_lorenz_i256_cover_child0_y_axis_arithmetic_validator_v162_imported.sio	lorenz_i256_cover_child0_y_axis_arithmetic_validator	162	2162	yes	import_stdlib_theorem_portfolio_over_source_byte_wall	split_generated_module	//@ known-failure: imported theorem::portfolio Lorenz i256 cover child0 y-axis arithmetic validator v162 API typechecks, but current Madaros imported/native low
tests/run-pass/solver_portfolio_lorenz_i256_cover_child0_y_axis_validation_witness_v158_imported.sio	lorenz_i256_cover_child0_y_axis_validation_witness	158	2288	yes	import_stdlib_theorem_portfolio_over_source_byte_wall	split_generated_module	//@ known-failure: imported theorem::portfolio Lorenz i256 cover child0 y-axis validation witness v158 API typechecks, but current Madaros imported/native lower
tests/run-pass/solver_portfolio_lorenz_i256_cover_child0_z_axis_arithmetic_validator_v163_imported.sio	lorenz_i256_cover_child0_z_axis_arithmetic_validator	163	2158	yes	import_stdlib_theorem_portfolio_over_source_byte_wall	split_generated_module	//@ known-failure: imported theorem::portfolio Lorenz i256 cover child0 z-axis arithmetic validator v163 API typechecks, but current Madaros imported/native low
tests/run-pass/solver_portfolio_lorenz_i256_cover_child0_z_axis_validation_witness_v159_imported.sio	lorenz_i256_cover_child0_z_axis_validation_witness	159	2290	yes	import_stdlib_theorem_portfolio_over_source_byte_wall	split_generated_module	//@ known-failure: imported theorem::portfolio Lorenz i256 cover child0 z-axis validation witness v159 API typechecks, but current Madaros imported/native lower
tests/run-pass/solver_portfolio_lorenz_i256_cover_child1_axis_witness_bundle_v177_imported.sio	lorenz_i256_cover_child1_axis_witness_bundle	177	1191	yes	import_stdlib_theorem_portfolio_over_source_byte_wall	split_generated_module	//@ known-failure: imported theorem::portfolio Lorenz i256 cover child1 axis witness bundle v177 API typechecks, but current Madaros imported/native lowering ex
tests/run-pass/solver_portfolio_lorenz_i256_cover_child1_containment_obligation_v172_imported.sio	lorenz_i256_cover_child1_containment_obligation	172	2357	yes	import_stdlib_theorem_portfolio_over_source_byte_wall	split_generated_module	//@ known-failure: imported theorem::portfolio Lorenz i256 cover child1 containment obligation v172 API typechecks, but current Madaros imported/native lowering
tests/run-pass/solver_portfolio_lorenz_i256_cover_child1_local_flowpipe_preflight_v169_imported.sio	lorenz_i256_cover_child1_local_flowpipe_preflight	169	2192	yes	import_stdlib_theorem_portfolio_over_source_byte_wall	split_generated_module	//@ known-failure: imported theorem::portfolio Lorenz i256 cover child1 local-flowpipe preflight v169 API typechecks, but current Madaros imported/native loweri
tests/run-pass/solver_portfolio_lorenz_i256_cover_child1_local_flowpipe_proof_skeleton_v170_imported.sio	lorenz_i256_cover_child1_local_flowpipe_proof_skeleton	170	2282	yes	import_stdlib_theorem_portfolio_over_source_byte_wall	split_generated_module	//@ known-failure: imported theorem::portfolio Lorenz i256 cover child1 local-flowpipe proof skeleton v170 API typechecks, but current Madaros imported/native l
tests/run-pass/solver_portfolio_lorenz_i256_cover_child1_local_flowpipe_replay_executor_v171_imported.sio	lorenz_i256_cover_child1_local_flowpipe_replay_executor	171	2414	yes	import_stdlib_theorem_portfolio_over_source_byte_wall	split_generated_module	//@ known-failure: imported theorem::portfolio Lorenz i256 cover child1 local-flowpipe replay executor v171 API typechecks, but current Madaros imported/native 
tests/run-pass/solver_portfolio_lorenz_i256_cover_child1_obligation_seed_v168_imported.sio	lorenz_i256_cover_child1_obligation_seed	168	2336	yes	import_stdlib_theorem_portfolio_over_source_byte_wall	split_generated_module	//@ known-failure: imported theorem::portfolio Lorenz i256 cover child1 obligation seed v168 API typechecks, but current Madaros imported/native lowering exits 
tests/run-pass/solver_portfolio_lorenz_i256_cover_child1_validation_guard_v173_imported.sio	lorenz_i256_cover_child1_validation_guard	173	2015	yes	import_stdlib_theorem_portfolio_over_source_byte_wall	split_generated_module	//@ known-failure: imported theorem::portfolio Lorenz i256 cover child1 validation guard v173 API typechecks, but current Madaros imported/native lowering exits
tests/run-pass/solver_portfolio_lorenz_i256_cover_child1_x_axis_validation_witness_v174_imported.sio	lorenz_i256_cover_child1_x_axis_validation_witness	174	2011	yes	import_stdlib_theorem_portfolio_over_source_byte_wall	split_generated_module	//@ known-failure: imported theorem::portfolio Lorenz i256 cover child1 x-axis validation witness v174 API typechecks, but current Madaros imported/native lower
tests/run-pass/solver_portfolio_lorenz_i256_cover_child1_y_axis_validation_witness_v175_imported.sio	lorenz_i256_cover_child1_y_axis_validation_witness	175	1986	yes	import_stdlib_theorem_portfolio_over_source_byte_wall	split_generated_module	//@ known-failure: imported theorem::portfolio Lorenz i256 cover child1 y-axis validation witness v175 API typechecks, but current Madaros imported/native lower
tests/run-pass/solver_portfolio_lorenz_i256_cover_child1_z_axis_validation_witness_v176_imported.sio	lorenz_i256_cover_child1_z_axis_validation_witness	176	1989	yes	import_stdlib_theorem_portfolio_over_source_byte_wall	split_generated_module	//@ known-failure: imported theorem::portfolio Lorenz i256 cover child1 z-axis validation witness v176 API typechecks, but current Madaros imported/native lower
tests/run-pass/solver_portfolio_lorenz_i256_cover_refinement_ledger_v150_imported.sio	lorenz_i256_cover_refinement_ledger	150	1979	yes	import_stdlib_theorem_portfolio_over_source_byte_wall	split_generated_module	//@ known-failure: imported theorem::portfolio Lorenz i256 cover-refinement ledger v150 API typechecks, but current Madaros imported/native lowering exits 139 a
tests/run-pass/solver_portfolio_lorenz_i256_finite_cover_candidate_v149_imported.sio	lorenz_i256_finite_cover_candidate	149	1975	yes	import_stdlib_theorem_portfolio_over_source_byte_wall	split_generated_module	//@ known-failure: imported theorem::portfolio Lorenz i256 finite-cover candidate v149 API typechecks, but current Madaros imported/native lowering exits 139 at
tests/run-pass/solver_portfolio_lorenz_i256_five_step_local_flowpipe_chain_v147_imported.sio	lorenz_i256_five_step_local_flowpipe_chain	147	2199	yes	import_stdlib_theorem_portfolio_over_source_byte_wall	split_generated_module	//@ known-failure: imported theorem::portfolio Lorenz i256 five-step local-flowpipe-chain v147 API typechecks, but current Madaros imported/native lowering exit
tests/run-pass/solver_portfolio_lorenz_i256_global_flowpipe_claim_preflight_v148_imported.sio	lorenz_i256_global_flowpipe_claim_preflight	148	1968	yes	import_stdlib_theorem_portfolio_over_source_byte_wall	split_generated_module	//@ known-failure: imported theorem::portfolio Lorenz i256 global-flowpipe preflight v148 API typechecks, but current Madaros imported/native lowering exits 139
tests/run-pass/solver_portfolio_lorenz_i256_projection_certificate_envelope_v37_imported.sio	lorenz_i256_projection_certificate_envelope	37	1771	yes	import_stdlib_theorem_portfolio_over_source_byte_wall	split_generated_module	//@ known-failure: imported theorem::portfolio projection certificate-envelope v37 API typechecks, but current Madaros imported/native lowering exits 139 at run
tests/run-pass/solver_portfolio_lorenz_i256_projection_dependency_dag_v38_imported.sio	lorenz_i256_projection_dependency_dag	38	1728	yes	import_stdlib_theorem_portfolio_over_source_byte_wall	split_generated_module	//@ known-failure: imported theorem::portfolio projection dependency-DAG v38 API typechecks, but current Madaros imported/native lowering exits 139 at runtime
tests/run-pass/solver_portfolio_lorenz_i256_projection_directed_rounding_v35_imported.sio	lorenz_i256_projection_directed_rounding	35	1784	yes	import_stdlib_theorem_portfolio_over_source_byte_wall	split_generated_module	//@ known-failure: imported theorem::portfolio projection directed-rounding v35 API typechecks, but current Madaros imported/native lowering exits 139 at runtim
tests/run-pass/solver_portfolio_lorenz_i256_projection_div_witness_v34_imported.sio	lorenz_i256_projection_div_witness	34	1737	yes	import_stdlib_theorem_portfolio_over_source_byte_wall	split_generated_module	//@ known-failure: imported theorem::portfolio projection div-witness v34 API typechecks, but current Madaros imported/native lowering exits 139 at runtime
tests/run-pass/solver_portfolio_lorenz_i256_projection_inclusion_v26_imported.sio	lorenz_i256_projection_inclusion	26	2790	yes	import_stdlib_theorem_portfolio_over_source_byte_wall	split_generated_module	//@ known-failure: imported theorem::portfolio v26 Lorenz projection-inclusion path checks, but current Madaros imported/native lowering exits 139 at runtime
tests/run-pass/solver_portfolio_lorenz_i256_projection_interval_containment_v36_imported.sio	lorenz_i256_projection_interval_containment	36	1620	yes	import_stdlib_theorem_portfolio_over_source_byte_wall	split_generated_module	//@ known-failure: imported theorem::portfolio projection interval-containment v36 API typechecks, but current Madaros imported/native lowering exits 139 at run
tests/run-pass/solver_portfolio_lorenz_i256_projection_margin_v33_imported.sio	lorenz_i256_projection_margin	33	1856	yes	import_stdlib_theorem_portfolio_over_source_byte_wall	split_generated_module	//@ known-failure: imported theorem::portfolio projection-margin v33 API typechecks, but current Madaros imported/native lowering exits 139 at runtime
tests/run-pass/solver_portfolio_lorenz_i256_projection_roundoff_v32_imported.sio	lorenz_i256_projection_roundoff	32	1855	yes	import_stdlib_theorem_portfolio_over_source_byte_wall	split_generated_module	//@ known-failure: imported theorem::portfolio projection-roundoff v32 API typechecks, but current Madaros imported/native lowering exits 139 at runtime
tests/run-pass/solver_portfolio_lorenz_i256_range_budget_v31_imported.sio	lorenz_i256_range_budget	31	1821	yes	import_stdlib_theorem_portfolio_over_source_byte_wall	split_generated_module	//@ known-failure: imported theorem::portfolio range-budget v31 API typechecks, but current Madaros imported/native lowering exits 139 at runtime
tests/run-pass/solver_portfolio_lorenz_i256_step1_step2_local_flowpipe_bridge_v143_imported.sio	lorenz_i256_step1_step2_local_flowpipe_bridge	143	1994	yes	import_stdlib_theorem_portfolio_over_source_byte_wall	split_generated_module	//@ known-failure: imported theorem::portfolio Lorenz i256 step-1-to-step-2 local-flowpipe-bridge v143 API typechecks, but current Madaros imported/native lower
tests/run-pass/solver_portfolio_lorenz_i256_step1_taylor2_center_artifact_v131_imported.sio	lorenz_i256_step1_taylor2_center_artifact	131	1913	yes	import_stdlib_theorem_portfolio_over_source_byte_wall	split_generated_module	//@ known-failure: imported theorem::portfolio Lorenz i256 step-1 Taylor-2 center-artifact v131 API typechecks, but current Madaros imported/native lowering exi
tests/run-pass/solver_portfolio_lorenz_i256_step1_taylor2_completed_candidate_bundle_v134_imported.sio	lorenz_i256_step1_taylor2_completed_candidate_bundle	134	1958	yes	import_stdlib_theorem_portfolio_over_source_byte_wall	split_generated_module	//@ known-failure: imported theorem::portfolio Lorenz i256 step-1 completed-candidate-bundle v134 API typechecks, but current Madaros imported/native lowering e
tests/run-pass/solver_portfolio_lorenz_i256_step1_taylor2_enclosure_validator_guard_v138_imported.sio	lorenz_i256_step1_taylor2_enclosure_validator_guard	138	1973	yes	import_stdlib_theorem_portfolio_over_source_byte_wall	split_generated_module	//@ known-failure: imported theorem::portfolio Lorenz i256 step-1 Taylor-2 enclosure-validator-guard v138 API typechecks, but current Madaros imported/native lo
tests/run-pass/solver_portfolio_lorenz_i256_step1_taylor2_flowpipe_obligation_v141_imported.sio	lorenz_i256_step1_taylor2_flowpipe_obligation	141	2005	yes	import_stdlib_theorem_portfolio_over_source_byte_wall	split_generated_module	//@ known-failure: imported theorem::portfolio Lorenz i256 step-1 Taylor-2 flowpipe-obligation v141 API typechecks, but current Madaros imported/native lowering
tests/run-pass/solver_portfolio_lorenz_i256_step1_taylor2_local_containment_obligation_v139_imported.sio	lorenz_i256_step1_taylor2_local_containment_obligation	139	1989	yes	import_stdlib_theorem_portfolio_over_source_byte_wall	split_generated_module	//@ known-failure: imported theorem::portfolio Lorenz i256 step-1 Taylor-2 local-containment-obligation v139 API typechecks, but current Madaros imported/native
tests/run-pass/solver_portfolio_lorenz_i256_step1_taylor2_local_flowpipe_proof_v142_imported.sio	lorenz_i256_step1_taylor2_local_flowpipe_proof	142	2060	yes	import_stdlib_theorem_portfolio_over_source_byte_wall	split_generated_module	//@ known-failure: imported theorem::portfolio Lorenz i256 step-1 Taylor-2 local-flowpipe-proof v142 API typechecks, but current Madaros imported/native lowerin
tests/run-pass/solver_portfolio_lorenz_i256_step1_taylor2_local_flowpipe_seed_v128_imported.sio	lorenz_i256_step1_taylor2_local_flowpipe_seed	128	2017	yes	import_stdlib_theorem_portfolio_over_source_byte_wall	split_generated_module	//@ known-failure: imported theorem::portfolio Lorenz i256 step-1 Taylor-2 local-flowpipe-seed v128 API typechecks, but current Madaros imported/native lowering
tests/run-pass/solver_portfolio_lorenz_i256_step1_taylor2_point_time_slab_containment_v129_imported.sio	lorenz_i256_step1_taylor2_point_time_slab_containment	129	1938	yes	import_stdlib_theorem_portfolio_over_source_byte_wall	split_generated_module	//@ known-failure: imported theorem::portfolio Lorenz i256 step-1 Taylor-2 point-time-slab v129 API typechecks, but current Madaros imported/native lowering exi
tests/run-pass/solver_portfolio_lorenz_i256_step1_taylor2_proof_trace_skeleton_v135_imported.sio	lorenz_i256_step1_taylor2_proof_trace_skeleton	135	1925	yes	import_stdlib_theorem_portfolio_over_source_byte_wall	split_generated_module	//@ known-failure: imported theorem::portfolio Lorenz i256 step-1 proof-trace-skeleton v135 API typechecks, but current Madaros imported/native lowering exits 1
tests/run-pass/solver_portfolio_lorenz_i256_step1_taylor2_radius_artifact_v132_imported.sio	lorenz_i256_step1_taylor2_radius_artifact	132	1912	yes	import_stdlib_theorem_portfolio_over_source_byte_wall	split_generated_module	//@ known-failure: imported theorem::portfolio Lorenz i256 step-1 Taylor-2 radius-artifact v132 API typechecks, but current Madaros imported/native lowering exi
tests/run-pass/solver_portfolio_lorenz_i256_step1_taylor2_remainder_obligation_v133_imported.sio	lorenz_i256_step1_taylor2_remainder_obligation	133	1938	yes	import_stdlib_theorem_portfolio_over_source_byte_wall	split_generated_module	//@ known-failure: imported theorem::portfolio Lorenz i256 step-1 Taylor-2 remainder-obligation v133 API typechecks, but current Madaros imported/native lowerin
tests/run-pass/solver_portfolio_lorenz_i256_step1_taylor2_replay_executor_v137_imported.sio	lorenz_i256_step1_taylor2_replay_executor	137	1935	yes	import_stdlib_theorem_portfolio_over_source_byte_wall	split_generated_module	//@ known-failure: imported theorem::portfolio Lorenz i256 step-1 Taylor-2 replay-executor v137 API typechecks, but current Madaros imported/native lowering exi
tests/run-pass/solver_portfolio_lorenz_i256_step1_taylor2_replay_preflight_v136_imported.sio	lorenz_i256_step1_taylor2_replay_preflight	136	1925	yes	import_stdlib_theorem_portfolio_over_source_byte_wall	split_generated_module	//@ known-failure: imported theorem::portfolio Lorenz i256 step-1 Taylor-2 replay-preflight v136 API typechecks, but current Madaros imported/native lowering ex
tests/run-pass/solver_portfolio_lorenz_i256_step1_taylor2_response_envelope_v130_imported.sio	lorenz_i256_step1_taylor2_response_envelope	130	1950	yes	import_stdlib_theorem_portfolio_over_source_byte_wall	split_generated_module	//@ known-failure: imported theorem::portfolio Lorenz i256 step-1 Taylor-2 response-envelope v130 API typechecks, but current Madaros imported/native lowering e
tests/run-pass/solver_portfolio_lorenz_i256_step1_taylor2_time_slab_containment_v140_imported.sio	lorenz_i256_step1_taylor2_time_slab_containment	140	1919	yes	import_stdlib_theorem_portfolio_over_source_byte_wall	split_generated_module	//@ known-failure: imported theorem::portfolio Lorenz i256 step-1 Taylor-2 time-slab-containment v140 API typechecks, but current Madaros imported/native loweri
tests/run-pass/solver_portfolio_lorenz_i256_step2_step3_local_flowpipe_bridge_v144_imported.sio	lorenz_i256_step2_step3_local_flowpipe_bridge	144	2040	yes	import_stdlib_theorem_portfolio_over_source_byte_wall	split_generated_module	//@ known-failure: imported theorem::portfolio Lorenz i256 step-2-to-step-3 local-flowpipe-bridge v144 API typechecks, but current Madaros imported/native lower
tests/run-pass/solver_portfolio_lorenz_i256_step2_taylor2_center_artifact_v116_imported.sio	lorenz_i256_step2_taylor2_center_artifact	116	1902	yes	import_stdlib_theorem_portfolio_over_source_byte_wall	split_generated_module	//@ known-failure: imported theorem::portfolio Lorenz i256 step-2 center-artifact v116 API typechecks, but current Madaros imported/native lowering exits 139 at
tests/run-pass/solver_portfolio_lorenz_i256_step2_taylor2_completed_candidate_bundle_v119_imported.sio	lorenz_i256_step2_taylor2_completed_candidate_bundle	119	1956	yes	import_stdlib_theorem_portfolio_over_source_byte_wall	split_generated_module	//@ known-failure: imported theorem::portfolio Lorenz i256 step-2 completed-candidate-bundle v119 API typechecks, but current Madaros imported/native lowering e
tests/run-pass/solver_portfolio_lorenz_i256_step2_taylor2_enclosure_validator_guard_v123_imported.sio	lorenz_i256_step2_taylor2_enclosure_validator_guard	123	1973	yes	import_stdlib_theorem_portfolio_over_source_byte_wall	split_generated_module	//@ known-failure: imported theorem::portfolio Lorenz i256 step-2 Taylor-2 enclosure-validator guard v123 API typechecks, but current Madaros imported/native lo
tests/run-pass/solver_portfolio_lorenz_i256_step2_taylor2_flowpipe_obligation_v126_imported.sio	lorenz_i256_step2_taylor2_flowpipe_obligation	126	2004	yes	import_stdlib_theorem_portfolio_over_source_byte_wall	split_generated_module	//@ known-failure: imported theorem::portfolio Lorenz i256 step-2 Taylor-2 flowpipe obligation v126 API typechecks, but current Madaros imported/native lowering
tests/run-pass/solver_portfolio_lorenz_i256_step2_taylor2_local_containment_obligation_v124_imported.sio	lorenz_i256_step2_taylor2_local_containment_obligation	124	1966	yes	import_stdlib_theorem_portfolio_over_source_byte_wall	split_generated_module	//@ known-failure: imported theorem::portfolio Lorenz i256 step-2 Taylor-2 local-containment obligation v124 API typechecks, but current Madaros imported/native
tests/run-pass/solver_portfolio_lorenz_i256_step2_taylor2_local_flowpipe_proof_v127_imported.sio	lorenz_i256_step2_taylor2_local_flowpipe_proof	127	2057	yes	import_stdlib_theorem_portfolio_over_source_byte_wall	split_generated_module	//@ known-failure: imported theorem::portfolio Lorenz i256 step-2 Taylor-2 local-flowpipe-proof v127 API typechecks, but current Madaros imported/native lowerin
tests/run-pass/solver_portfolio_lorenz_i256_step2_taylor2_local_flowpipe_seed_v113_imported.sio	lorenz_i256_step2_taylor2_local_flowpipe_seed	113	1992	yes	import_stdlib_theorem_portfolio_over_source_byte_wall	split_generated_module	//@ known-failure: imported theorem::portfolio Lorenz i256 step-2 Taylor-2 local-flowpipe-seed v113 API typechecks, but current Madaros imported/native lowering
tests/run-pass/solver_portfolio_lorenz_i256_step2_taylor2_point_time_slab_containment_v114_imported.sio	lorenz_i256_step2_taylor2_point_time_slab_containment	114	1963	yes	import_stdlib_theorem_portfolio_over_source_byte_wall	split_generated_module	//@ known-failure: imported theorem::portfolio Lorenz i256 step-2 Taylor-2 point-time-slab v114 API typechecks, but current Madaros imported/native lowering exi
tests/run-pass/solver_portfolio_lorenz_i256_step2_taylor2_proof_trace_skeleton_v120_imported.sio	lorenz_i256_step2_taylor2_proof_trace_skeleton	120	1929	yes	import_stdlib_theorem_portfolio_over_source_byte_wall	split_generated_module	//@ known-failure: imported theorem::portfolio Lorenz i256 step-2 proof-trace-skeleton v120 API typechecks, but current Madaros imported/native lowering exits 1
tests/run-pass/solver_portfolio_lorenz_i256_step2_taylor2_radius_artifact_v117_imported.sio	lorenz_i256_step2_taylor2_radius_artifact	117	1903	yes	import_stdlib_theorem_portfolio_over_source_byte_wall	split_generated_module	//@ known-failure: imported theorem::portfolio Lorenz i256 step-2 radius-artifact v117 API typechecks, but current Madaros imported/native lowering exits 139 at
tests/run-pass/solver_portfolio_lorenz_i256_step2_taylor2_remainder_obligation_v118_imported.sio	lorenz_i256_step2_taylor2_remainder_obligation	118	1927	yes	import_stdlib_theorem_portfolio_over_source_byte_wall	split_generated_module	//@ known-failure: imported theorem::portfolio Lorenz i256 step-2 remainder-obligation v118 API typechecks, but current Madaros imported/native lowering exits 1
tests/run-pass/solver_portfolio_lorenz_i256_step2_taylor2_replay_executor_v122_imported.sio	lorenz_i256_step2_taylor2_replay_executor	122	1941	yes	import_stdlib_theorem_portfolio_over_source_byte_wall	split_generated_module	//@ known-failure: imported theorem::portfolio Lorenz i256 step-2 Taylor-2 replay-executor v122 API typechecks, but current Madaros imported/native lowering exi
tests/run-pass/solver_portfolio_lorenz_i256_step2_taylor2_replay_preflight_v121_imported.sio	lorenz_i256_step2_taylor2_replay_preflight	121	1926	yes	import_stdlib_theorem_portfolio_over_source_byte_wall	split_generated_module	//@ known-failure: imported theorem::portfolio Lorenz i256 step-2 Taylor-2 replay-preflight v121 API typechecks, but current Madaros imported/native lowering ex
tests/run-pass/solver_portfolio_lorenz_i256_step2_taylor2_response_envelope_v115_imported.sio	lorenz_i256_step2_taylor2_response_envelope	115	1924	yes	import_stdlib_theorem_portfolio_over_source_byte_wall	split_generated_module	//@ known-failure: imported theorem::portfolio Lorenz i256 step-2 Taylor-2 response-envelope v115 API typechecks, but current Madaros imported/native lowering e
tests/run-pass/solver_portfolio_lorenz_i256_step2_taylor2_time_slab_containment_v125_imported.sio	lorenz_i256_step2_taylor2_time_slab_containment	125	1917	yes	import_stdlib_theorem_portfolio_over_source_byte_wall	split_generated_module	//@ known-failure: imported theorem::portfolio Lorenz i256 step-2 Taylor-2 time-slab containment v125 API typechecks, but current Madaros imported/native loweri
tests/run-pass/solver_portfolio_lorenz_i256_step3_step4_local_flowpipe_bridge_v145_imported.sio	lorenz_i256_step3_step4_local_flowpipe_bridge	145	2033	yes	import_stdlib_theorem_portfolio_over_source_byte_wall	split_generated_module	//@ known-failure: imported theorem::portfolio Lorenz i256 step-3-to-step-4 local-flowpipe-bridge v145 API typechecks, but current Madaros imported/native lower
tests/run-pass/solver_portfolio_lorenz_i256_step3_taylor2_center_artifact_v101_imported.sio	lorenz_i256_step3_taylor2_center_artifact	101	1898	yes	import_stdlib_theorem_portfolio_over_source_byte_wall	split_generated_module	//@ known-failure: imported theorem::portfolio Lorenz i256 step-3 center-artifact v101 API typechecks, but current Madaros imported/native lowering exits 139 at
tests/run-pass/solver_portfolio_lorenz_i256_step3_taylor2_completed_candidate_bundle_v104_imported.sio	lorenz_i256_step3_taylor2_completed_candidate_bundle	104	1957	yes	import_stdlib_theorem_portfolio_over_source_byte_wall	split_generated_module	//@ known-failure: imported theorem::portfolio Lorenz i256 step-3 completed-candidate-bundle v104 API typechecks, but current Madaros imported/native lowering e
tests/run-pass/solver_portfolio_lorenz_i256_step3_taylor2_enclosure_validator_guard_v108_imported.sio	lorenz_i256_step3_taylor2_enclosure_validator_guard	108	1970	yes	import_stdlib_theorem_portfolio_over_source_byte_wall	split_generated_module	//@ known-failure: imported theorem::portfolio Lorenz i256 step-3 Taylor-2 enclosure-validator guard v108 API typechecks, but current Madaros imported/native lo
tests/run-pass/solver_portfolio_lorenz_i256_step3_taylor2_flowpipe_obligation_v111_imported.sio	lorenz_i256_step3_taylor2_flowpipe_obligation	111	2005	yes	import_stdlib_theorem_portfolio_over_source_byte_wall	split_generated_module	//@ known-failure: imported theorem::portfolio Lorenz i256 step-3 Taylor-2 flowpipe obligation v111 API typechecks, but current Madaros imported/native lowering
tests/run-pass/solver_portfolio_lorenz_i256_step3_taylor2_local_containment_obligation_v109_imported.sio	lorenz_i256_step3_taylor2_local_containment_obligation	109	1965	yes	import_stdlib_theorem_portfolio_over_source_byte_wall	split_generated_module	//@ known-failure: imported theorem::portfolio Lorenz i256 step-3 Taylor-2 local-containment obligation v109 API typechecks, but current Madaros imported/native
tests/run-pass/solver_portfolio_lorenz_i256_step3_taylor2_local_flowpipe_proof_v112_imported.sio	lorenz_i256_step3_taylor2_local_flowpipe_proof	112	2054	yes	import_stdlib_theorem_portfolio_over_source_byte_wall	split_generated_module	//@ known-failure: imported theorem::portfolio Lorenz i256 step-3 Taylor-2 local-flowpipe-proof v112 API typechecks, but current Madaros imported/native lowerin
tests/run-pass/solver_portfolio_lorenz_i256_step3_taylor2_local_flowpipe_seed_v98_imported.sio	lorenz_i256_step3_taylor2_local_flowpipe_seed	98	1954	yes	import_stdlib_theorem_portfolio_over_source_byte_wall	split_generated_module	//@ known-failure: imported theorem::portfolio Lorenz i256 step-3 Taylor-2 local-flowpipe-seed v98 API typechecks, but current Madaros imported/native lowering 
tests/run-pass/solver_portfolio_lorenz_i256_step3_taylor2_point_time_slab_containment_v99_imported.sio	lorenz_i256_step3_taylor2_point_time_slab_containment	99	1938	yes	import_stdlib_theorem_portfolio_over_source_byte_wall	split_generated_module	//@ known-failure: imported theorem::portfolio Lorenz i256 step-3 Taylor-2 point-time-slab v99 API typechecks, but current Madaros imported/native lowering exit
tests/run-pass/solver_portfolio_lorenz_i256_step3_taylor2_proof_trace_skeleton_v105_imported.sio	lorenz_i256_step3_taylor2_proof_trace_skeleton	105	1936	yes	import_stdlib_theorem_portfolio_over_source_byte_wall	split_generated_module	//@ known-failure: imported theorem::portfolio Lorenz i256 step-3 Taylor-2 proof-trace-skeleton v105 API typechecks, but current Madaros imported/native lowerin
tests/run-pass/solver_portfolio_lorenz_i256_step3_taylor2_radius_artifact_v102_imported.sio	lorenz_i256_step3_taylor2_radius_artifact	102	1901	yes	import_stdlib_theorem_portfolio_over_source_byte_wall	split_generated_module	//@ known-failure: imported theorem::portfolio Lorenz i256 step-3 radius-artifact v102 API typechecks, but current Madaros imported/native lowering exits 139 at
tests/run-pass/solver_portfolio_lorenz_i256_step3_taylor2_remainder_obligation_v103_imported.sio	lorenz_i256_step3_taylor2_remainder_obligation	103	1925	yes	import_stdlib_theorem_portfolio_over_source_byte_wall	split_generated_module	//@ known-failure: imported theorem::portfolio Lorenz i256 step-3 remainder-obligation v103 API typechecks, but current Madaros imported/native lowering exits 1
tests/run-pass/solver_portfolio_lorenz_i256_step3_taylor2_replay_executor_v107_imported.sio	lorenz_i256_step3_taylor2_replay_executor	107	1939	yes	import_stdlib_theorem_portfolio_over_source_byte_wall	split_generated_module	//@ known-failure: imported theorem::portfolio Lorenz i256 step-3 Taylor-2 replay-executor v107 API typechecks, but current Madaros imported/native lowering exi
tests/run-pass/solver_portfolio_lorenz_i256_step3_taylor2_replay_preflight_v106_imported.sio	lorenz_i256_step3_taylor2_replay_preflight	106	1925	yes	import_stdlib_theorem_portfolio_over_source_byte_wall	split_generated_module	//@ known-failure: imported theorem::portfolio Lorenz i256 step-3 Taylor-2 replay-preflight v106 API typechecks, but current Madaros imported/native lowering ex
tests/run-pass/solver_portfolio_lorenz_i256_step3_taylor2_response_envelope_v100_imported.sio	lorenz_i256_step3_taylor2_response_envelope	100	1909	yes	import_stdlib_theorem_portfolio_over_source_byte_wall	split_generated_module	//@ known-failure: imported theorem::portfolio Lorenz i256 step-3 response-envelope v100 API typechecks, but current Madaros imported/native lowering exits 139 
tests/run-pass/solver_portfolio_lorenz_i256_step3_taylor2_time_slab_containment_v110_imported.sio	lorenz_i256_step3_taylor2_time_slab_containment	110	1921	yes	import_stdlib_theorem_portfolio_over_source_byte_wall	split_generated_module	//@ known-failure: imported theorem::portfolio Lorenz i256 step-3 Taylor-2 time-slab containment v110 API typechecks, but current Madaros imported/native loweri
tests/run-pass/solver_portfolio_lorenz_i256_step4_step5_local_flowpipe_bridge_v146_imported.sio	lorenz_i256_step4_step5_local_flowpipe_bridge	146	2033	yes	import_stdlib_theorem_portfolio_over_source_byte_wall	split_generated_module	//@ known-failure: imported theorem::portfolio Lorenz i256 step-4-to-step-5 local-flowpipe-bridge v146 API typechecks, but current Madaros imported/native lower
tests/run-pass/solver_portfolio_lorenz_i256_step4_taylor2_center_artifact_v86_imported.sio	lorenz_i256_step4_taylor2_center_artifact	86	1885	yes	import_stdlib_theorem_portfolio_over_source_byte_wall	split_generated_module	//@ known-failure: imported theorem::portfolio Lorenz i256 step-4 center-artifact v86 API typechecks, but current Madaros imported/native lowering exits 139 at 
tests/run-pass/solver_portfolio_lorenz_i256_step4_taylor2_completed_candidate_bundle_v89_imported.sio	lorenz_i256_step4_taylor2_completed_candidate_bundle	89	1938	yes	import_stdlib_theorem_portfolio_over_source_byte_wall	split_generated_module	//@ known-failure: imported theorem::portfolio Lorenz i256 step-4 completed-candidate-bundle v89 API typechecks, but current Madaros imported/native lowering ex
tests/run-pass/solver_portfolio_lorenz_i256_step4_taylor2_enclosure_validator_guard_v93_imported.sio	lorenz_i256_step4_taylor2_enclosure_validator_guard	93	1953	yes	import_stdlib_theorem_portfolio_over_source_byte_wall	split_generated_module	//@ known-failure: imported theorem::portfolio Lorenz i256 step-4 Taylor-2 enclosure-validator-guard v93 API typechecks, but current Madaros imported/native low
tests/run-pass/solver_portfolio_lorenz_i256_step4_taylor2_flowpipe_obligation_v96_imported.sio	lorenz_i256_step4_taylor2_flowpipe_obligation	96	1990	yes	import_stdlib_theorem_portfolio_over_source_byte_wall	split_generated_module	//@ known-failure: imported theorem::portfolio Lorenz i256 step-4 Taylor-2 flowpipe-obligation v96 API typechecks, but current Madaros imported/native lowering 
tests/run-pass/solver_portfolio_lorenz_i256_step4_taylor2_local_containment_obligation_v94_imported.sio	lorenz_i256_step4_taylor2_local_containment_obligation	94	1944	yes	import_stdlib_theorem_portfolio_over_source_byte_wall	split_generated_module	//@ known-failure: imported theorem::portfolio Lorenz i256 step-4 Taylor-2 local-containment-obligation v94 API typechecks, but current Madaros imported/native 
tests/run-pass/solver_portfolio_lorenz_i256_step4_taylor2_local_flowpipe_proof_v97_imported.sio	lorenz_i256_step4_taylor2_local_flowpipe_proof	97	2032	yes	import_stdlib_theorem_portfolio_over_source_byte_wall	split_generated_module	//@ known-failure: imported theorem::portfolio Lorenz i256 step-4 Taylor-2 local-flowpipe-proof v97 API typechecks, but current Madaros imported/native lowering
tests/run-pass/solver_portfolio_lorenz_i256_step4_taylor2_local_flowpipe_seed_v83_imported.sio	lorenz_i256_step4_taylor2_local_flowpipe_seed	83	1976	yes	import_stdlib_theorem_portfolio_over_source_byte_wall	split_generated_module	//@ known-failure: imported theorem::portfolio Lorenz i256 step-4 Taylor-2 local flowpipe seed v83 API typechecks, but current Madaros imported/native lowering 
tests/run-pass/solver_portfolio_lorenz_i256_step4_taylor2_point_time_slab_containment_v84_imported.sio	lorenz_i256_step4_taylor2_point_time_slab_containment	84	1937	yes	import_stdlib_theorem_portfolio_over_source_byte_wall	split_generated_module	//@ known-failure: imported theorem::portfolio Lorenz i256 step-4 point time-slab containment v84 API typechecks, but current Madaros imported/native lowering e
tests/run-pass/solver_portfolio_lorenz_i256_step4_taylor2_proof_trace_skeleton_v90_imported.sio	lorenz_i256_step4_taylor2_proof_trace_skeleton	90	1919	yes	import_stdlib_theorem_portfolio_over_source_byte_wall	split_generated_module	//@ known-failure: imported theorem::portfolio Lorenz i256 step-4 Taylor-2 proof-trace-skeleton v90 API typechecks, but current Madaros imported/native lowering
tests/run-pass/solver_portfolio_lorenz_i256_step4_taylor2_radius_artifact_v87_imported.sio	lorenz_i256_step4_taylor2_radius_artifact	87	1884	yes	import_stdlib_theorem_portfolio_over_source_byte_wall	split_generated_module	//@ known-failure: imported theorem::portfolio Lorenz i256 step-4 radius-artifact v87 API typechecks, but current Madaros imported/native lowering exits 139 at 
tests/run-pass/solver_portfolio_lorenz_i256_step4_taylor2_remainder_obligation_v88_imported.sio	lorenz_i256_step4_taylor2_remainder_obligation	88	1908	yes	import_stdlib_theorem_portfolio_over_source_byte_wall	split_generated_module	//@ known-failure: imported theorem::portfolio Lorenz i256 step-4 remainder-obligation v88 API typechecks, but current Madaros imported/native lowering exits 13
tests/run-pass/solver_portfolio_lorenz_i256_step4_taylor2_replay_executor_v92_imported.sio	lorenz_i256_step4_taylor2_replay_executor	92	1922	yes	import_stdlib_theorem_portfolio_over_source_byte_wall	split_generated_module	//@ known-failure: imported theorem::portfolio Lorenz i256 step-4 Taylor-2 replay-executor v92 API typechecks, but current Madaros imported/native lowering exit
tests/run-pass/solver_portfolio_lorenz_i256_step4_taylor2_replay_preflight_v91_imported.sio	lorenz_i256_step4_taylor2_replay_preflight	91	1910	yes	import_stdlib_theorem_portfolio_over_source_byte_wall	split_generated_module	//@ known-failure: imported theorem::portfolio Lorenz i256 step-4 Taylor-2 replay-preflight v91 API typechecks, but current Madaros imported/native lowering exi
tests/run-pass/solver_portfolio_lorenz_i256_step4_taylor2_response_envelope_v85_imported.sio	lorenz_i256_step4_taylor2_response_envelope	85	1894	yes	import_stdlib_theorem_portfolio_over_source_byte_wall	split_generated_module	//@ known-failure: imported theorem::portfolio Lorenz i256 step-4 response-envelope v85 API typechecks, but current Madaros imported/native lowering exits 139 a
tests/run-pass/solver_portfolio_lorenz_i256_step4_taylor2_time_slab_containment_v95_imported.sio	lorenz_i256_step4_taylor2_time_slab_containment	95	1902	yes	import_stdlib_theorem_portfolio_over_source_byte_wall	split_generated_module	//@ known-failure: imported theorem::portfolio Lorenz i256 step-4 Taylor-2 time-slab-containment v95 API typechecks, but current Madaros imported/native lowerin
tests/run-pass/solver_portfolio_lorenz_i256_step5_taylor2_center_artifact_v71_imported.sio	lorenz_i256_step5_taylor2_center_artifact	71	1882	yes	import_stdlib_theorem_portfolio_over_source_byte_wall	split_generated_module	//@ known-failure: imported theorem::portfolio Lorenz i256 step-5 center-artifact v71 API typechecks, but current Madaros imported/native lowering exits 139 at 
tests/run-pass/solver_portfolio_lorenz_i256_step5_taylor2_completed_candidate_bundle_v74_imported.sio	lorenz_i256_step5_taylor2_completed_candidate_bundle	74	1938	yes	import_stdlib_theorem_portfolio_over_source_byte_wall	split_generated_module	//@ known-failure: imported theorem::portfolio Lorenz i256 step-5 completed-candidate-bundle v74 API typechecks, but current Madaros imported/native lowering ex
tests/run-pass/solver_portfolio_lorenz_i256_step5_taylor2_enclosure_validator_guard_v78_imported.sio	lorenz_i256_step5_taylor2_enclosure_validator_guard	78	1858	yes	import_stdlib_theorem_portfolio_over_source_byte_wall	split_generated_module	//@ known-failure: imported theorem::portfolio Lorenz i256 step-5 Taylor-2 enclosure-validator-guard v78 API typechecks, but current Madaros imported/native low
tests/run-pass/solver_portfolio_lorenz_i256_step5_taylor2_flowpipe_obligation_v81_imported.sio	lorenz_i256_step5_taylor2_flowpipe_obligation	81	1985	yes	import_stdlib_theorem_portfolio_over_source_byte_wall	split_generated_module	//@ known-failure: imported theorem::portfolio Lorenz i256 step-5 Taylor-2 flowpipe-obligation v81 API typechecks, but current Madaros imported/native lowering 
tests/run-pass/solver_portfolio_lorenz_i256_step5_taylor2_local_containment_obligation_v79_imported.sio	lorenz_i256_step5_taylor2_local_containment_obligation	79	1949	yes	import_stdlib_theorem_portfolio_over_source_byte_wall	split_generated_module	//@ known-failure: imported theorem::portfolio Lorenz i256 step-5 Taylor-2 local-containment-obligation v79 API typechecks, but current Madaros imported/native 
tests/run-pass/solver_portfolio_lorenz_i256_step5_taylor2_local_flowpipe_proof_v82_imported.sio	lorenz_i256_step5_taylor2_local_flowpipe_proof	82	2031	yes	import_stdlib_theorem_portfolio_over_source_byte_wall	split_generated_module	//@ known-failure: imported theorem::portfolio Lorenz i256 step-5 Taylor-2 local-flowpipe-proof v82 API typechecks, but current Madaros imported/native lowering
tests/run-pass/solver_portfolio_lorenz_i256_step5_taylor2_local_flowpipe_seed_v68_imported.sio	lorenz_i256_step5_taylor2_local_flowpipe_seed	68	1996	yes	import_stdlib_theorem_portfolio_over_source_byte_wall	split_generated_module	//@ known-failure: imported theorem::portfolio Lorenz i256 step-5 Taylor-2 local flowpipe seed v68 API typechecks, but current Madaros imported/native lowering 
tests/run-pass/solver_portfolio_lorenz_i256_step5_taylor2_point_time_slab_containment_v69_imported.sio	lorenz_i256_step5_taylor2_point_time_slab_containment	69	1936	yes	import_stdlib_theorem_portfolio_over_source_byte_wall	split_generated_module	//@ known-failure: imported theorem::portfolio Lorenz i256 step-5 point time-slab containment v69 API typechecks, but current Madaros imported/native lowering e
tests/run-pass/solver_portfolio_lorenz_i256_step5_taylor2_proof_trace_skeleton_v75_imported.sio	lorenz_i256_step5_taylor2_proof_trace_skeleton	75	1919	yes	import_stdlib_theorem_portfolio_over_source_byte_wall	split_generated_module	//@ known-failure: imported theorem::portfolio Lorenz i256 step-5 Taylor-2 proof-trace-skeleton v75 API typechecks, but current Madaros imported/native lowering
tests/run-pass/solver_portfolio_lorenz_i256_step5_taylor2_radius_artifact_v72_imported.sio	lorenz_i256_step5_taylor2_radius_artifact	72	1883	yes	import_stdlib_theorem_portfolio_over_source_byte_wall	split_generated_module	//@ known-failure: imported theorem::portfolio Lorenz i256 step-5 radius-artifact v72 API typechecks, but current Madaros imported/native lowering exits 139 at 
tests/run-pass/solver_portfolio_lorenz_i256_step5_taylor2_remainder_obligation_v73_imported.sio	lorenz_i256_step5_taylor2_remainder_obligation	73	1903	yes	import_stdlib_theorem_portfolio_over_source_byte_wall	split_generated_module	//@ known-failure: imported theorem::portfolio Lorenz i256 step-5 remainder-obligation v73 API typechecks, but current Madaros imported/native lowering exits 13
tests/run-pass/solver_portfolio_lorenz_i256_step5_taylor2_replay_executor_v77_imported.sio	lorenz_i256_step5_taylor2_replay_executor	77	1808	yes	import_stdlib_theorem_portfolio_over_source_byte_wall	split_generated_module	//@ known-failure: imported theorem::portfolio Lorenz i256 step-5 Taylor-2 replay-executor v77 API typechecks, but current Madaros imported/native lowering exit
tests/run-pass/solver_portfolio_lorenz_i256_step5_taylor2_replay_preflight_v76_imported.sio	lorenz_i256_step5_taylor2_replay_preflight	76	1815	yes	import_stdlib_theorem_portfolio_over_source_byte_wall	split_generated_module	//@ known-failure: imported theorem::portfolio Lorenz i256 step-5 Taylor-2 replay-preflight v76 API typechecks, but current Madaros imported/native lowering exi
tests/run-pass/solver_portfolio_lorenz_i256_step5_taylor2_response_envelope_v70_imported.sio	lorenz_i256_step5_taylor2_response_envelope	70	1894	yes	import_stdlib_theorem_portfolio_over_source_byte_wall	split_generated_module	//@ known-failure: imported theorem::portfolio Lorenz i256 step-5 response-envelope v70 API typechecks, but current Madaros imported/native lowering exits 139 a
tests/run-pass/solver_portfolio_lorenz_i256_step5_taylor2_time_slab_containment_v80_imported.sio	lorenz_i256_step5_taylor2_time_slab_containment	80	1900	yes	import_stdlib_theorem_portfolio_over_source_byte_wall	split_generated_module	//@ known-failure: imported theorem::portfolio Lorenz i256 step-5 Taylor-2 time-slab-containment v80 API typechecks, but current Madaros imported/native lowerin
tests/run-pass/solver_portfolio_lorenz_i256_step6_center_artifact_v50_imported.sio	lorenz_i256_step6_center_artifact	50	1825	yes	import_stdlib_theorem_portfolio_over_source_byte_wall	split_generated_module	//@ known-failure: imported theorem::portfolio Lorenz i256 step-6 center artifact v50 API typechecks, but current Madaros imported/native lowering exits 139 at 
tests/run-pass/solver_portfolio_lorenz_i256_step6_completed_candidate_bundle_v55_imported.sio	lorenz_i256_step6_completed_candidate_bundle	55	1830	yes	import_stdlib_theorem_portfolio_over_source_byte_wall	split_generated_module	//@ known-failure: imported theorem::portfolio Lorenz i256 step-6 completed candidate bundle v55 API typechecks, but current Madaros imported/native lowering ex
tests/run-pass/solver_portfolio_lorenz_i256_step6_enclosure_candidate_bundle_v53_imported.sio	lorenz_i256_step6_enclosure_candidate_bundle	53	1878	yes	import_stdlib_theorem_portfolio_over_source_byte_wall	split_generated_module	//@ known-failure: imported theorem::portfolio Lorenz i256 step-6 enclosure candidate bundle v53 API typechecks, but current Madaros imported/native lowering ex
tests/run-pass/solver_portfolio_lorenz_i256_step6_enclosure_projection_artifact_v52_imported.sio	lorenz_i256_step6_enclosure_projection_artifact	52	1897	yes	import_stdlib_theorem_portfolio_over_source_byte_wall	split_generated_module	//@ known-failure: imported theorem::portfolio Lorenz i256 step-6 enclosure projection artifact v52 API typechecks, but current Madaros imported/native lowering
tests/run-pass/solver_portfolio_lorenz_i256_step6_enclosure_validator_guard_v59_imported.sio	lorenz_i256_step6_enclosure_validator_guard	59	1825	yes	import_stdlib_theorem_portfolio_over_source_byte_wall	split_generated_module	//@ known-failure: imported theorem::portfolio Lorenz i256 step-6 enclosure validator guard v59 API typechecks, but current Madaros imported/native lowering exi
tests/run-pass/solver_portfolio_lorenz_i256_step6_proof_trace_skeleton_v56_imported.sio	lorenz_i256_step6_proof_trace_skeleton	56	1800	yes	import_stdlib_theorem_portfolio_over_source_byte_wall	split_generated_module	//@ known-failure: imported theorem::portfolio Lorenz i256 step-6 proof-trace skeleton v56 API typechecks, but current Madaros imported/native lowering exits 13
tests/run-pass/solver_portfolio_lorenz_i256_step6_radius_artifact_v51_imported.sio	lorenz_i256_step6_radius_artifact	51	1825	yes	import_stdlib_theorem_portfolio_over_source_byte_wall	split_generated_module	//@ known-failure: imported theorem::portfolio Lorenz i256 step-6 radius artifact v51 API typechecks, but current Madaros imported/native lowering exits 139 at 
tests/run-pass/solver_portfolio_lorenz_i256_step6_remainder_obligation_v54_imported.sio	lorenz_i256_step6_remainder_obligation	54	1796	yes	import_stdlib_theorem_portfolio_over_source_byte_wall	split_generated_module	//@ known-failure: imported theorem::portfolio Lorenz i256 step-6 remainder obligation v54 API typechecks, but current Madaros imported/native lowering exits 13
tests/run-pass/solver_portfolio_lorenz_i256_step6_repaired_projection_inclusion_validator_v61_imported.sio	lorenz_i256_step6_repaired_projection_inclusion_validator	61	1882	yes	import_stdlib_theorem_portfolio_over_source_byte_wall	split_generated_module	//@ known-failure: imported theorem::portfolio Lorenz i256 step-6 repaired projection inclusion v61 API typechecks, but current Madaros imported/native lowering
tests/run-pass/solver_portfolio_lorenz_i256_step6_replay_executor_v58_imported.sio	lorenz_i256_step6_replay_executor	58	1772	yes	import_stdlib_theorem_portfolio_over_source_byte_wall	split_generated_module	//@ known-failure: imported theorem::portfolio Lorenz i256 step-6 replay executor v58 API typechecks, but current Madaros imported/native lowering exits 139 at 
tests/run-pass/solver_portfolio_lorenz_i256_step6_replay_preflight_v57_imported.sio	lorenz_i256_step6_replay_preflight	57	1781	yes	import_stdlib_theorem_portfolio_over_source_byte_wall	split_generated_module	//@ known-failure: imported theorem::portfolio Lorenz i256 step-6 replay preflight v57 API typechecks, but current Madaros imported/native lowering exits 139 at
tests/run-pass/solver_portfolio_lorenz_i256_step6_taylor2_flowpipe_link_preflight_v62_imported.sio	lorenz_i256_step6_taylor2_flowpipe_link_preflight	62	1931	yes	import_stdlib_theorem_portfolio_over_source_byte_wall	split_generated_module	//@ known-failure: imported theorem::portfolio Lorenz i256 step-6 Taylor-2 flowpipe link preflight v62 API typechecks, but current Madaros imported/native lower
tests/run-pass/solver_portfolio_lorenz_i256_step6_taylor2_flowpipe_obligation_v65_imported.sio	lorenz_i256_step6_taylor2_flowpipe_obligation	65	1981	yes	import_stdlib_theorem_portfolio_over_source_byte_wall	split_generated_module	//@ known-failure: imported theorem::portfolio Lorenz i256 step-6 Taylor-2 flowpipe obligation v65 API typechecks, but current Madaros imported/native lowering 
tests/run-pass/solver_portfolio_lorenz_i256_step6_taylor2_local_containment_obligation_v63_imported.sio	lorenz_i256_step6_taylor2_local_containment_obligation	63	1952	yes	import_stdlib_theorem_portfolio_over_source_byte_wall	split_generated_module	//@ known-failure: imported theorem::portfolio Lorenz i256 step-6 Taylor-2 local containment obligation v63 API typechecks, but current Madaros imported/native 
tests/run-pass/solver_portfolio_lorenz_i256_step6_taylor2_local_flowpipe_proof_v66_imported.sio	lorenz_i256_step6_taylor2_local_flowpipe_proof	66	2038	yes	import_stdlib_theorem_portfolio_over_source_byte_wall	split_generated_module	//@ known-failure: imported theorem::portfolio Lorenz i256 step-6 Taylor-2 local flowpipe proof v66 API typechecks, but current Madaros imported/native lowering
tests/run-pass/solver_portfolio_lorenz_i256_step6_taylor2_time_slab_containment_v64_imported.sio	lorenz_i256_step6_taylor2_time_slab_containment	64	1920	yes	import_stdlib_theorem_portfolio_over_source_byte_wall	split_generated_module	//@ known-failure: imported theorem::portfolio Lorenz i256 step-6 Taylor-2 time-slab containment v64 API typechecks, but current Madaros imported/native lowerin
tests/run-pass/solver_portfolio_lorenz_i256_step6_z_margin_repair_v60_imported.sio	lorenz_i256_step6_z_margin_repair	60	1772	yes	import_stdlib_theorem_portfolio_over_source_byte_wall	split_generated_module	//@ known-failure: imported theorem::portfolio Lorenz i256 step-6 z-margin repair v60 API typechecks, but current Madaros imported/native lowering exits 139 at 
tests/run-pass/solver_portfolio_lorenz_i256_taylor2_adaptive_step_decision_v46_imported.sio	lorenz_i256_taylor2_adaptive_step_decision	46	1867	yes	import_stdlib_theorem_portfolio_over_source_byte_wall	split_generated_module	//@ known-failure: imported theorem::portfolio Lorenz i256 Taylor-2 adaptive-step-decision v46 API typechecks, but current Madaros imported/native lowering exit
tests/run-pass/solver_portfolio_lorenz_i256_taylor2_remainder_v44_imported.sio	lorenz_i256_taylor2_remainder	44	1798	yes	import_stdlib_theorem_portfolio_over_source_byte_wall	split_generated_module	//@ known-failure: imported theorem::portfolio Lorenz i256 Taylor-2 remainder v44 API typechecks, but current Madaros imported/native lowering exits 139 at runt
tests/run-pass/solver_portfolio_lorenz_i256_taylor2_response_envelope_v49_imported.sio	lorenz_i256_taylor2_response_envelope	49	1847	yes	import_stdlib_theorem_portfolio_over_source_byte_wall	split_generated_module	//@ known-failure: imported theorem::portfolio Lorenz i256 Taylor-2 response-envelope v49 API typechecks, but current Madaros imported/native lowering exits 139
tests/run-pass/solver_portfolio_lorenz_i256_taylor2_step_policy_v45_imported.sio	lorenz_i256_taylor2_step_policy	45	1824	yes	import_stdlib_theorem_portfolio_over_source_byte_wall	split_generated_module	//@ known-failure: imported theorem::portfolio Lorenz i256 Taylor-2 step-policy v45 API typechecks, but current Madaros imported/native lowering exits 139 at ru
tests/run-pass/solver_portfolio_lorenz_i256_taylor2_step_request_v48_imported.sio	lorenz_i256_taylor2_step_request	48	1814	yes	import_stdlib_theorem_portfolio_over_source_byte_wall	split_generated_module	//@ known-failure: imported theorem::portfolio Lorenz i256 Taylor-2 step-request v48 API typechecks, but current Madaros imported/native lowering exits 139 at r
tests/run-pass/solver_portfolio_lorenz_i256_taylor2_step_schedule_v47_imported.sio	lorenz_i256_taylor2_step_schedule	47	1830	yes	import_stdlib_theorem_portfolio_over_source_byte_wall	split_generated_module	//@ known-failure: imported theorem::portfolio Lorenz i256 Taylor-2 step-schedule v47 API typechecks, but current Madaros imported/native lowering exits 139 at 
tests/run-pass/solver_portfolio_lorenz_i256_taylor_ball_bridge_v43_imported.sio	lorenz_i256_taylor_ball_bridge	43	1831	yes	import_stdlib_theorem_portfolio_over_source_byte_wall	split_generated_module	//@ known-failure: imported theorem::portfolio Lorenz i256 Taylor/ball bridge v43 API typechecks, but current Madaros imported/native lowering exits 139 at runt
tests/run-pass/solver_portfolio_lorenz_i256_trajectory5_step6_local_flowpipe_bridge_v67_imported.sio	lorenz_i256_trajectory5_step6_local_flowpipe_bridge	67	2024	yes	import_stdlib_theorem_portfolio_over_source_byte_wall	split_generated_module	//@ known-failure: imported theorem::portfolio Lorenz i256 trajectory5 to step-6 local flowpipe bridge v67 API typechecks, but current Madaros imported/native l
tests/run-pass/solver_portfolio_lorenz_i256_trajectory_v16_imported.sio	lorenz_i256_trajectory	16	2696	yes	import_stdlib_theorem_portfolio_over_source_byte_wall	split_generated_module	//@ known-failure: imported theorem::portfolio path checks, but current Madaros imported/native lowering exits 139 at runtime
tests/run-pass/solver_portfolio_lorenz_wide_precision_ladder_v20_imported.sio	lorenz_wide_precision_ladder	20	2997	yes	import_stdlib_theorem_portfolio_over_source_byte_wall	split_generated_module	//@ known-failure: imported theorem::portfolio v20 wide-precision ladder path checks, but current Madaros imported/native lowering exits 139 at runtime
tests/run-pass/solver_portfolio_lrat_deletion_lifecycle_v28_imported.sio	lrat_deletion_lifecycle	28	2589	yes	import_stdlib_theorem_portfolio_over_source_byte_wall	split_generated_module	//@ known-failure: imported theorem::portfolio v28 LRAT deletion-lifecycle path checks, but current Madaros imported/native lowering exits 139 at runtime
tests/run-pass/solver_portfolio_pb_kernel_trace_v41_imported.sio	pb_kernel_trace	41	1732	yes	import_stdlib_theorem_portfolio_over_source_byte_wall	split_generated_module	//@ known-failure: imported theorem::portfolio PB-kernel v41 API typechecks, but current Madaros imported/native lowering exits 139 at runtime
tests/run-pass/solver_portfolio_proof_trace_interop_v40_imported.sio	proof_trace_interop	40	1800	yes	import_stdlib_theorem_portfolio_over_source_byte_wall	split_generated_module	//@ known-failure: imported theorem::portfolio proof-trace interop v40 API typechecks, but current Madaros imported/native lowering exits 139 at runtime
tests/run-pass/solver_portfolio_sat_frat_elaboration_v25_imported.sio	sat_frat_elaboration	25	2578	yes	import_stdlib_theorem_portfolio_over_source_byte_wall	split_generated_module	//@ known-failure: imported theorem::portfolio v25 FRAT elaboration path checks, but current Madaros imported/native lowering exits 139 at runtime
tests/run-pass/solver_portfolio_smt_alethe_micro_reconstruction_v42_imported.sio	smt_alethe_micro_reconstruction	42	1803	yes	import_stdlib_theorem_portfolio_over_source_byte_wall	split_generated_module	//@ known-failure: imported theorem::portfolio SMT Alethe-micro v42 API typechecks, but current Madaros imported/native lowering exits 139 at runtime
tests/run-pass/solver_portfolio_smt_external_proof_v18_imported.sio	smt_external_proof	18	2475	yes	import_stdlib_theorem_portfolio_over_source_byte_wall	split_generated_module	//@ known-failure: imported theorem::portfolio v18 SMT external proof path checks, but current Madaros imported/native lowering exits 139 at runtime
tests/run-pass/solver_portfolio_sota_alignment_v39_imported.sio	sota_alignment	39	1848	yes	import_stdlib_theorem_portfolio_over_source_byte_wall	split_generated_module	//@ known-failure: imported theorem::portfolio SOTA-alignment v39 API typechecks, but current Madaros imported/native lowering exits 139 at runtime
tests/run-pass/solver_portfolio_v16_acceptance_from_counts_imported.sio	v16_acceptance_from_counts	16	987	yes	import_stdlib_theorem_portfolio_over_source_byte_wall	split_generated_module	//@ known-failure: imported theorem::portfolio acceptance-from-counts path checks, but current Madaros imported/native lowering exits 139 at runtime
tests/run-pass/solver_portfolio_v16_acceptance_from_entries_imported.sio	v16_acceptance_from_entries	16	4844	yes	import_stdlib_theorem_portfolio_over_source_byte_wall	split_generated_module	//@ known-failure: imported theorem::portfolio acceptance-from-entries path checks, but current Madaros imported/native lowering exits 139 at runtime
tests/run-pass/solver_portfolio_v16_acceptance_receipt_imported.sio	v16_acceptance_receipt	16	811	yes	import_stdlib_theorem_portfolio_over_source_byte_wall	split_generated_module	//@ known-failure: imported theorem::portfolio acceptance receipt path checks, but current Madaros imported/native lowering exits 139 at runtime
tests/run-pass/solver_portfolio_v16_audit_receipt_imported.sio	v16_audit_receipt	16	1576	yes	import_stdlib_theorem_portfolio_over_source_byte_wall	split_generated_module	//@ known-failure: imported theorem::portfolio audit receipt path checks, but current Madaros imported/native lowering exits 139 at runtime
tests/run-pass/solver_portfolio_v16_checker_family_coverage_imported.sio	v16_checker_family_coverage	16	1139	yes	import_stdlib_theorem_portfolio_over_source_byte_wall	split_generated_module	//@ known-failure: imported theorem::portfolio checker-family coverage path checks, but current Madaros imported/native lowering exits 139 at runtime
tests/run-pass/solver_portfolio_v16_coverage_imported.sio	v16_coverage	16	945	yes	import_stdlib_theorem_portfolio_over_source_byte_wall	split_generated_module	//@ known-failure: imported theorem::portfolio coverage path checks, but current Madaros imported/native lowering exits 139 at runtime
