sample	kpc_before_rc	kpc_after_rc	kpc_before_cpu	kpc_after_cpu	kpc_accepted	thread_before_rc	thread_after_rc	thread_cycles_delta	thread_instructions_delta	absolute_time_delta	uptime_raw_delta
0	-1	-1	-1	-1	0	88	88	3148	4612	7	83
1	-1	-1	-1	-1	0	88	88	1502	4612	2	83
2	-1	-1	-1	-1	0	88	88	1380	4612	2	83
3	-1	-1	-1	-1	0	88	88	1333	4612	3	84
4	-1	-1	-1	-1	0	88	88	1392	4612	3	125
5	-1	-1	-1	-1	0	88	88	1329	4612	3	83
6	-1	-1	-1	-1	0	88	88	1342	4612	3	83
7	-1	-1	-1	-1	0	88	88	1356	4612	3	84
8	-1	-1	-1	-1	0	88	88	1330	4612	3	83
9	-1	-1	-1	-1	0	88	88	1331	4612	2	83
10	-1	-1	-1	-1	0	88	88	1341	4612	3	125
11	-1	-1	-1	-1	0	88	88	1361	4612	3	84
12	-1	-1	-1	-1	0	88	88	1361	4612	3	83
13	-1	-1	-1	-1	0	88	88	1356	4612	2	84
14	-1	-1	-1	-1	0	88	88	1351	4612	3	83
15	-1	-1	-1	-1	0	88	88	1354	4612	3	83
16	-1	-1	-1	-1	0	88	88	1357	4612	3	125
17	-1	-1	-1	-1	0	88	88	1380	4612	2	83
18	-1	-1	-1	-1	0	88	88	1367	4612	3	83
19	-1	-1	-1	-1	0	88	88	1337	4612	3	83
20	-1	-1	-1	-1	0	88	88	1330	4612	3	84
21	-1	-1	-1	-1	0	88	88	1331	4612	3	125
22	-1	-1	-1	-1	0	88	88	1327	4612	3	83
23	-1	-1	-1	-1	0	88	88	1328	4612	3	125
24	-1	-1	-1	-1	0	88	88	1333	4612	3	83
25	-1	-1	-1	-1	0	88	88	1328	4612	3	84
26	-1	-1	-1	-1	0	88	88	1324	4612	3	84
27	-1	-1	-1	-1	0	88	88	1324	4612	3	125
28	-1	-1	-1	-1	0	88	88	1328	4612	3	125
29	-1	-1	-1	-1	0	88	88	1556	4611	3	83
30	-1	-1	-1	-1	0	88	88	1331	4611	3	83
31	-1	-1	-1	-1	0	88	88	1353	4611	3	84
32	-1	-1	-1	-1	0	88	88	1323	4611	3	84
33	-1	-1	-1	-1	0	88	88	1836	4612	2	83
34	-1	-1	-1	-1	0	88	88	1366	4612	3	84
35	-1	-1	-1	-1	0	88	88	1331	4612	3	83
36	-1	-1	-1	-1	0	88	88	1359	4612	2	83
37	-1	-1	-1	-1	0	88	88	1350	4612	2	84
38	-1	-1	-1	-1	0	88	88	1354	4612	3	84
39	-1	-1	-1	-1	0	88	88	1348	4612	2	83
40	-1	-1	-1	-1	0	88	88	1402	4612	3	83
41	-1	-1	-1	-1	0	88	88	1340	4612	3	125
42	-1	-1	-1	-1	0	88	88	1366	4612	3	125
43	-1	-1	-1	-1	0	88	88	1326	4612	3	83
44	-1	-1	-1	-1	0	88	88	1414	4612	3	125
45	-1	-1	-1	-1	0	88	88	1368	4612	3	125
46	-1	-1	-1	-1	0	88	88	1341	4612	3	125
47	-1	-1	-1	-1	0	88	88	1351	4612	3	125
48	-1	-1	-1	-1	0	88	88	1326	4612	3	83
49	-1	-1	-1	-1	0	88	88	1350	4612	2	83
50	-1	-1	-1	-1	0	88	88	1357	4611	3	83
51	-1	-1	-1	-1	0	88	88	1368	4611	3	84
52	-1	-1	-1	-1	0	88	88	1345	4612	3	125
53	-1	-1	-1	-1	0	88	88	1349	4612	2	83
54	-1	-1	-1	-1	0	88	88	1518	4611	3	83
55	-1	-1	-1	-1	0	88	88	1389	4611	3	83
56	-1	-1	-1	-1	0	88	88	1473	4612	3	125
57	-1	-1	-1	-1	0	88	88	1354	4612	3	125
58	-1	-1	-1	-1	0	88	88	1484	4611	3	125
59	-1	-1	-1	-1	0	88	88	1378	4611	3	83
60	-1	-1	-1	-1	0	88	88	1354	4612	3	125
61	-1	-1	-1	-1	0	88	88	1348	4612	3	125
62	-1	-1	-1	-1	0	88	88	1373	4611	3	125
63	-1	-1	-1	-1	0	88	88	1392	4611	3	83
64	-1	-1	-1	-1	0	88	88	1328	4612	3	125
65	-1	-1	-1	-1	0	88	88	1383	4611	3	83
66	-1	-1	-1	-1	0	88	88	1351	4611	3	84
67	-1	-1	-1	-1	0	88	88	1380	4612	3	125
68	-1	-1	-1	-1	0	88	88	1343	4612	3	83
69	-1	-1	-1	-1	0	88	88	1361	4612	3	125
70	-1	-1	-1	-1	0	88	88	1497	4611	3	83
71	-1	-1	-1	-1	0	88	88	1372	4611	3	83
72	-1	-1	-1	-1	0	88	88	1483	4612	3	83
73	-1	-1	-1	-1	0	88	88	1332	4612	3	125
74	-1	-1	-1	-1	0	88	88	1380	4611	3	125
75	-1	-1	-1	-1	0	88	88	1336	4611	3	83
76	-1	-1	-1	-1	0	88	88	1373	4612	3	84
77	-1	-1	-1	-1	0	88	88	1326	4612	2	83
78	-1	-1	-1	-1	0	88	88	1393	4611	3	83
79	-1	-1	-1	-1	0	88	88	1438	4612	2	83
80	-1	-1	-1	-1	0	88	88	1367	4612	3	83
81	-1	-1	-1	-1	0	88	88	1500	4611	3	125
82	-1	-1	-1	-1	0	88	88	1370	4611	3	83
83	-1	-1	-1	-1	0	88	88	1322	4612	2	84
84	-1	-1	-1	-1	0	88	88	1352	4612	3	83
85	-1	-1	-1	-1	0	88	88	1376	4611	3	84
86	-1	-1	-1	-1	0	88	88	1367	4611	3	125
87	-1	-1	-1	-1	0	88	88	1361	4612	3	83
88	-1	-1	-1	-1	0	88	88	1826	4629	3	83
89	-1	-1	-1	-1	0	88	88	1384	4611	3	125
90	-1	-1	-1	-1	0	88	88	1445	4612	3	83
91	-1	-1	-1	-1	0	88	88	1356	4612	3	83
92	-1	-1	-1	-1	0	88	88	1326	4612	3	83
93	-1	-1	-1	-1	0	88	88	1344	4612	2	83
94	-1	-1	-1	-1	0	88	88	1329	4612	3	84
95	-1	-1	-1	-1	0	88	88	1347	4612	3	125
96	-1	-1	-1	-1	0	88	88	1368	4612	3	125
97	-1	-1	-1	-1	0	88	88	1332	4612	2	84
98	-1	-1	-1	-1	0	88	88	1351	4612	3	83
99	-1	-1	-1	-1	0	88	88	1368	4612	3	125
100	-1	-1	-1	-1	0	88	88	1346	4612	3	125
101	-1	-1	-1	-1	0	88	88	1333	4612	3	83
102	-1	-1	-1	-1	0	88	88	1356	4612	3	83
103	-1	-1	-1	-1	0	88	88	1346	4612	3	84
104	-1	-1	-1	-1	0	88	88	1368	4612	3	83
105	-1	-1	-1	-1	0	88	88	1347	4612	2	83
106	-1	-1	-1	-1	0	88	88	1366	4612	3	84
107	-1	-1	-1	-1	0	88	88	1944	4612	4	125
108	-1	-1	-1	-1	0	88	88	1367	4612	3	84
109	-1	-1	-1	-1	0	88	88	1359	4612	3	83
110	-1	-1	-1	-1	0	88	88	1337	4612	2	84
111	-1	-1	-1	-1	0	88	88	1498	4611	3	125
112	-1	-1	-1	-1	0	88	88	1348	4611	3	84
113	-1	-1	-1	-1	0	88	88	1320	4611	3	83
114	-1	-1	-1	-1	0	88	88	1352	4612	3	125
115	-1	-1	-1	-1	0	88	88	1363	4612	3	125
116	-1	-1	-1	-1	0	88	88	1323	4612	3	125
117	-1	-1	-1	-1	0	88	88	1359	4612	3	83
118	-1	-1	-1	-1	0	88	88	1339	4612	3	125
119	-1	-1	-1	-1	0	88	88	1353	4611	3	83
120	-1	-1	-1	-1	0	88	88	1449	4612	3	125
121	-1	-1	-1	-1	0	88	88	1340	4612	3	83
122	-1	-1	-1	-1	0	88	88	1337	4612	3	83
123	-1	-1	-1	-1	0	88	88	1327	4612	3	84
124	-1	-1	-1	-1	0	88	88	1341	4612	3	125
125	-1	-1	-1	-1	0	88	88	1327	4612	3	125
126	-1	-1	-1	-1	0	88	88	1353	4611	2	83
127	-1	-1	-1	-1	0	88	88	1358	4611	2	83
128	-1	-1	-1	-1	0	88	88	1332	4611	3	84
129	-1	-1	-1	-1	0	88	88	1402	4612	3	83
130	-1	-1	-1	-1	0	88	88	1332	4612	3	84
131	-1	-1	-1	-1	0	88	88	1329	4612	2	83
132	-1	-1	-1	-1	0	88	88	1372	4611	2	83
133	-1	-1	-1	-1	0	88	88	1453	4612	2	83
134	-1	-1	-1	-1	0	88	88	1331	4612	3	125
135	-1	-1	-1	-1	0	88	88	1330	4612	3	83
136	-1	-1	-1	-1	0	88	88	1338	4612	2	84
137	-1	-1	-1	-1	0	88	88	1318	4612	3	125
138	-1	-1	-1	-1	0	88	88	1355	4612	3	83
139	-1	-1	-1	-1	0	88	88	1323	4612	3	83
140	-1	-1	-1	-1	0	88	88	1337	4612	3	125
141	-1	-1	-1	-1	0	88	88	1378	4611	3	125
142	-1	-1	-1	-1	0	88	88	1374	4611	3	125
143	-1	-1	-1	-1	0	88	88	1439	4612	3	125
144	-1	-1	-1	-1	0	88	88	1358	4612	3	125
145	-1	-1	-1	-1	0	88	88	1363	4612	3	125
146	-1	-1	-1	-1	0	88	88	1325	4612	3	83
147	-1	-1	-1	-1	0	88	88	1334	4612	3	125
148	-1	-1	-1	-1	0	88	88	1345	4612	3	84
149	-1	-1	-1	-1	0	88	88	1340	4612	3	83
150	-1	-1	-1	-1	0	88	88	1351	4611	2	83
151	-1	-1	-1	-1	0	88	88	1449	4612	3	83
152	-1	-1	-1	-1	0	88	88	1326	4612	2	83
153	-1	-1	-1	-1	0	88	88	1498	4611	3	83
154	-1	-1	-1	-1	0	88	88	1352	4611	2	83
155	-1	-1	-1	-1	0	88	88	1340	4612	3	84
156	-1	-1	-1	-1	0	88	88	1328	4612	2	83
157	-1	-1	-1	-1	0	88	88	1363	4611	3	83
158	-1	-1	-1	-1	0	88	88	1349	4611	2	83
159	-1	-1	-1	-1	0	88	88	1333	4612	3	125
160	-1	-1	-1	-1	0	88	88	1705	4612	3	125
161	-1	-1	-1	-1	0	88	88	1351	4611	3	83
162	-1	-1	-1	-1	0	88	88	1455	4612	3	125
163	-1	-1	-1	-1	0	88	88	1361	4612	3	83
164	-1	-1	-1	-1	0	88	88	1504	4611	2	84
165	-1	-1	-1	-1	0	88	88	1357	4611	3	125
166	-1	-1	-1	-1	0	88	88	1364	4612	3	83
167	-1	-1	-1	-1	0	88	88	1328	4612	3	125
168	-1	-1	-1	-1	0	88	88	1367	4611	3	125
169	-1	-1	-1	-1	0	88	88	1352	4611	3	83
170	-1	-1	-1	-1	0	88	88	1339	4611	3	84
171	-1	-1	-1	-1	0	88	88	1348	4611	3	125
172	-1	-1	-1	-1	0	88	88	1369	4611	3	83
173	-1	-1	-1	-1	0	88	88	1335	4611	2	84
174	-1	-1	-1	-1	0	88	88	2798	4612	2	84
175	-1	-1	-1	-1	0	88	88	1507	4612	4	125
176	-1	-1	-1	-1	0	88	88	1352	4612	3	84
177	-1	-1	-1	-1	0	88	88	1340	4612	3	83
178	-1	-1	-1	-1	0	88	88	1335	4612	3	125
179	-1	-1	-1	-1	0	88	88	1331	4612	3	125
180	-1	-1	-1	-1	0	88	88	1322	4612	3	83
181	-1	-1	-1	-1	0	88	88	1331	4611	3	83
182	-1	-1	-1	-1	0	88	88	1337	4611	3	84
183	-1	-1	-1	-1	0	88	88	1329	4611	2	83
184	-1	-1	-1	-1	0	88	88	1345	4611	3	125
185	-1	-1	-1	-1	0	88	88	1351	4612	3	83
186	-1	-1	-1	-1	0	88	88	1357	4612	2	83
187	-1	-1	-1	-1	0	88	88	1340	4612	4	125
188	-1	-1	-1	-1	0	88	88	1323	4612	3	125
189	-1	-1	-1	-1	0	88	88	2020	4623	3	83
190	-1	-1	-1	-1	0	88	88	1339	4612	3	125
191	-1	-1	-1	-1	0	88	88	1333	4612	3	83
192	-1	-1	-1	-1	0	88	88	1322	4612	2	83
193	-1	-1	-1	-1	0	88	88	1529	4611	2	84
194	-1	-1	-1	-1	0	88	88	1354	4611	3	125
195	-1	-1	-1	-1	0	88	88	1345	4611	3	125
196	-1	-1	-1	-1	0	88	88	1364	4612	2	84
197	-1	-1	-1	-1	0	88	88	1331	4612	2	83
198	-1	-1	-1	-1	0	88	88	1361	4611	3	83
199	-1	-1	-1	-1	0	88	88	1331	4611	3	83
200	-1	-1	-1	-1	0	88	88	1337	4611	3	125
201	-1	-1	-1	-1	0	88	88	1354	4612	3	83
202	-1	-1	-1	-1	0	88	88	1359	4612	3	84
203	-1	-1	-1	-1	0	88	88	1507	4611	3	125
204	-1	-1	-1	-1	0	88	88	1335	4611	2	84
205	-1	-1	-1	-1	0	88	88	1346	4611	3	125
206	-1	-1	-1	-1	0	88	88	1392	4612	3	125
207	-1	-1	-1	-1	0	88	88	1377	4612	3	125
208	-1	-1	-1	-1	0	88	88	1328	4612	3	83
209	-1	-1	-1	-1	0	88	88	1386	4611	3	125
210	-1	-1	-1	-1	0	88	88	1331	4611	3	83
211	-1	-1	-1	-1	0	88	88	1950	4612	4	84
212	-1	-1	-1	-1	0	88	88	1372	4612	3	84
213	-1	-1	-1	-1	0	88	88	1338	4612	3	83
214	-1	-1	-1	-1	0	88	88	1337	4612	3	84
215	-1	-1	-1	-1	0	88	88	1327	4612	2	83
216	-1	-1	-1	-1	0	88	88	1332	4612	3	83
217	-1	-1	-1	-1	0	88	88	1329	4612	3	83
218	-1	-1	-1	-1	0	88	88	1335	4612	3	84
219	-1	-1	-1	-1	0	88	88	1325	4612	3	84
220	-1	-1	-1	-1	0	88	88	1328	4612	3	83
221	-1	-1	-1	-1	0	88	88	1332	4612	3	83
222	-1	-1	-1	-1	0	88	88	1333	4612	3	84
223	-1	-1	-1	-1	0	88	88	1337	4612	3	84
224	-1	-1	-1	-1	0	88	88	1334	4612	3	83
225	-1	-1	-1	-1	0	88	88	1331	4612	3	83
226	-1	-1	-1	-1	0	88	88	1329	4612	2	83
227	-1	-1	-1	-1	0	88	88	1328	4612	3	125
228	-1	-1	-1	-1	0	88	88	1326	4612	3	125
229	-1	-1	-1	-1	0	88	88	1326	4612	3	83
230	-1	-1	-1	-1	0	88	88	1345	4612	2	83
231	-1	-1	-1	-1	0	88	88	1336	4612	2	84
232	-1	-1	-1	-1	0	88	88	1328	4612	3	125
233	-1	-1	-1	-1	0	88	88	1332	4612	3	83
234	-1	-1	-1	-1	0	88	88	1329	4612	2	83
235	-1	-1	-1	-1	0	88	88	1325	4612	3	125
236	-1	-1	-1	-1	0	88	88	1324	4612	3	83
237	-1	-1	-1	-1	0	88	88	1331	4612	3	125
238	-1	-1	-1	-1	0	88	88	1318	4612	3	125
239	-1	-1	-1	-1	0	88	88	1335	4612	3	84
240	-1	-1	-1	-1	0	88	88	1332	4612	3	83
241	-1	-1	-1	-1	0	88	88	1333	4612	3	83
242	-1	-1	-1	-1	0	88	88	1335	4612	3	125
243	-1	-1	-1	-1	0	88	88	1327	4612	3	125
244	-1	-1	-1	-1	0	88	88	1334	4612	3	83
245	-1	-1	-1	-1	0	88	88	1333	4612	3	125
246	-1	-1	-1	-1	0	88	88	1328	4612	3	125
247	-1	-1	-1	-1	0	88	88	1326	4612	3	84
248	-1	-1	-1	-1	0	88	88	1342	4612	3	83
249	-1	-1	-1	-1	0	88	88	1337	4612	3	83
250	-1	-1	-1	-1	0	88	88	1330	4612	3	83
251	-1	-1	-1	-1	0	88	88	1332	4612	3	84
252	-1	-1	-1	-1	0	88	88	1339	4612	3	125
253	-1	-1	-1	-1	0	88	88	1328	4612	3	83
254	-1	-1	-1	-1	0	88	88	1324	4612	3	83
255	-1	-1	-1	-1	0	88	88	1327	4612	3	83
256	-1	-1	-1	-1	0	88	88	1322	4612	3	125
257	-1	-1	-1	-1	0	88	88	1600	4612	3	125
258	-1	-1	-1	-1	0	88	88	1341	4612	2	83
259	-1	-1	-1	-1	0	88	88	1337	4611	3	83
260	-1	-1	-1	-1	0	88	88	1336	4611	3	83
261	-1	-1	-1	-1	0	88	88	1342	4611	2	83
262	-1	-1	-1	-1	0	88	88	1335	4611	3	84
263	-1	-1	-1	-1	0	88	88	1357	4612	2	83
264	-1	-1	-1	-1	0	88	88	1354	4612	2	84
265	-1	-1	-1	-1	0	88	88	1331	4612	3	125
266	-1	-1	-1	-1	0	88	88	1329	4612	3	125
267	-1	-1	-1	-1	0	88	88	1339	4612	3	83
268	-1	-1	-1	-1	0	88	88	1334	4612	3	83
269	-1	-1	-1	-1	0	88	88	1323	4612	3	125
270	-1	-1	-1	-1	0	88	88	1331	4612	2	84
271	-1	-1	-1	-1	0	88	88	1326	4612	3	125
272	-1	-1	-1	-1	0	88	88	1335	4612	3	83
273	-1	-1	-1	-1	0	88	88	1334	4612	3	83
274	-1	-1	-1	-1	0	88	88	1332	4612	3	83
275	-1	-1	-1	-1	0	88	88	1327	4612	3	84
276	-1	-1	-1	-1	0	88	88	1337	4612	3	84
277	-1	-1	-1	-1	0	88	88	1322	4612	2	83
278	-1	-1	-1	-1	0	88	88	1335	4612	2	83
279	-1	-1	-1	-1	0	88	88	1506	4611	3	125
280	-1	-1	-1	-1	0	88	88	1352	4611	2	83
281	-1	-1	-1	-1	0	88	88	1340	4611	3	84
282	-1	-1	-1	-1	0	88	88	1515	4612	3	125
283	-1	-1	-1	-1	0	88	88	1360	4612	3	84
284	-1	-1	-1	-1	0	88	88	1327	4612	2	83
285	-1	-1	-1	-1	0	88	88	1337	4612	3	125
286	-1	-1	-1	-1	0	88	88	1323	4612	3	84
287	-1	-1	-1	-1	0	88	88	1330	4612	3	125
288	-1	-1	-1	-1	0	88	88	1341	4612	3	83
289	-1	-1	-1	-1	0	88	88	1371	4611	3	83
290	-1	-1	-1	-1	0	88	88	1351	4611	3	83
291	-1	-1	-1	-1	0	88	88	1321	4612	3	83
292	-1	-1	-1	-1	0	88	88	1328	4612	3	83
293	-1	-1	-1	-1	0	88	88	1327	4612	3	83
294	-1	-1	-1	-1	0	88	88	1334	4612	2	84
295	-1	-1	-1	-1	0	88	88	1331	4612	3	125
296	-1	-1	-1	-1	0	88	88	1321	4612	3	83
297	-1	-1	-1	-1	0	88	88	1326	4612	3	83
298	-1	-1	-1	-1	0	88	88	1325	4612	3	83
299	-1	-1	-1	-1	0	88	88	1352	4611	3	83
300	-1	-1	-1	-1	0	88	88	1351	4611	3	84
301	-1	-1	-1	-1	0	88	88	1335	4611	3	83
302	-1	-1	-1	-1	0	88	88	1357	4612	3	125
303	-1	-1	-1	-1	0	88	88	1331	4612	3	83
304	-1	-1	-1	-1	0	88	88	1331	4612	3	83
305	-1	-1	-1	-1	0	88	88	1330	4612	3	83
306	-1	-1	-1	-1	0	88	88	1329	4612	3	83
307	-1	-1	-1	-1	0	88	88	1356	4611	2	83
308	-1	-1	-1	-1	0	88	88	1363	4611	3	84
309	-1	-1	-1	-1	0	88	88	1325	4612	3	83
310	-1	-1	-1	-1	0	88	88	1335	4612	2	84
311	-1	-1	-1	-1	0	88	88	1327	4612	3	125
312	-1	-1	-1	-1	0	88	88	1322	4612	3	83
313	-1	-1	-1	-1	0	88	88	1330	4612	3	83
314	-1	-1	-1	-1	0	88	88	1324	4612	3	83
315	-1	-1	-1	-1	0	88	88	1331	4612	2	84
316	-1	-1	-1	-1	0	88	88	2287	4611	5	167
317	-1	-1	-1	-1	0	88	88	1552	4611	2	0
318	-1	-1	-1	-1	0	88	88	1335	4612	2	83
319	-1	-1	-1	-1	0	88	88	1334	4612	3	84
320	-1	-1	-1	-1	0	88	88	1489	4611	3	84
321	-1	-1	-1	-1	0	88	88	1347	4611	3	84
322	-1	-1	-1	-1	0	88	88	1331	4612	3	83
323	-1	-1	-1	-1	0	88	88	1330	4612	3	83
324	-1	-1	-1	-1	0	88	88	1838	4622	3	84
325	-1	-1	-1	-1	0	88	88	1358	4611	3	125
326	-1	-1	-1	-1	0	88	88	1322	4612	2	83
327	-1	-1	-1	-1	0	88	88	1338	4612	3	125
328	-1	-1	-1	-1	0	88	88	1356	4611	3	83
329	-1	-1	-1	-1	0	88	88	1350	4611	3	84
330	-1	-1	-1	-1	0	88	88	1319	4612	3	125
331	-1	-1	-1	-1	0	88	88	1320	4612	3	83
332	-1	-1	-1	-1	0	88	88	1358	4611	3	83
333	-1	-1	-1	-1	0	88	88	1355	4611	3	83
334	-1	-1	-1	-1	0	88	88	1330	4612	3	83
335	-1	-1	-1	-1	0	88	88	1327	4612	3	125
336	-1	-1	-1	-1	0	88	88	1352	4611	3	83
337	-1	-1	-1	-1	0	88	88	1458	4612	3	125
338	-1	-1	-1	-1	0	88	88	1326	4612	3	83
339	-1	-1	-1	-1	0	88	88	1501	4611	3	125
340	-1	-1	-1	-1	0	88	88	1359	4611	2	83
341	-1	-1	-1	-1	0	88	88	1328	4612	3	125
342	-1	-1	-1	-1	0	88	88	1328	4612	2	83
343	-1	-1	-1	-1	0	88	88	1335	4612	3	125
344	-1	-1	-1	-1	0	88	88	1324	4612	2	83
345	-1	-1	-1	-1	0	88	88	1326	4612	3	125
346	-1	-1	-1	-1	0	88	88	1352	4611	3	83
347	-1	-1	-1	-1	0	88	88	1366	4611	3	83
348	-1	-1	-1	-1	0	88	88	1327	4612	3	83
349	-1	-1	-1	-1	0	88	88	1345	4612	3	83
350	-1	-1	-1	-1	0	88	88	1348	4611	2	83
351	-1	-1	-1	-1	0	88	88	1380	4611	3	83
352	-1	-1	-1	-1	0	88	88	1328	4612	3	125
353	-1	-1	-1	-1	0	88	88	1319	4612	2	83
354	-1	-1	-1	-1	0	88	88	1355	4611	3	83
355	-1	-1	-1	-1	0	88	88	1445	4612	3	125
356	-1	-1	-1	-1	0	88	88	1334	4612	3	125
357	-1	-1	-1	-1	0	88	88	1502	4611	3	125
358	-1	-1	-1	-1	0	88	88	1358	4611	2	83
359	-1	-1	-1	-1	0	88	88	1324	4612	2	83
360	-1	-1	-1	-1	0	88	88	1326	4612	3	125
361	-1	-1	-1	-1	0	88	88	1361	4611	3	83
362	-1	-1	-1	-1	0	88	88	1348	4611	3	83
363	-1	-1	-1	-1	0	88	88	1336	4612	3	125
364	-1	-1	-1	-1	0	88	88	1332	4612	3	83
365	-1	-1	-1	-1	0	88	88	1356	4611	3	83
366	-1	-1	-1	-1	0	88	88	1452	4612	3	84
367	-1	-1	-1	-1	0	88	88	1325	4612	3	83
368	-1	-1	-1	-1	0	88	88	1320	4612	3	83
369	-1	-1	-1	-1	0	88	88	1349	4611	3	83
370	-1	-1	-1	-1	0	88	88	1455	4612	3	84
371	-1	-1	-1	-1	0	88	88	1330	4612	3	83
372	-1	-1	-1	-1	0	88	88	1500	4611	3	83
373	-1	-1	-1	-1	0	88	88	1360	4611	3	125
374	-1	-1	-1	-1	0	88	88	1330	4612	2	83
375	-1	-1	-1	-1	0	88	88	1325	4612	3	83
376	-1	-1	-1	-1	0	88	88	1503	4611	3	125
377	-1	-1	-1	-1	0	88	88	1355	4611	3	83
378	-1	-1	-1	-1	0	88	88	1331	4612	3	83
379	-1	-1	-1	-1	0	88	88	1337	4612	3	83
380	-1	-1	-1	-1	0	88	88	1335	4612	3	83
381	-1	-1	-1	-1	0	88	88	1327	4612	3	84
382	-1	-1	-1	-1	0	88	88	1331	4612	3	84
383	-1	-1	-1	-1	0	88	88	1330	4612	3	83
384	-1	-1	-1	-1	0	88	88	1333	4612	3	83
385	-1	-1	-1	-1	0	88	88	1337	4612	3	83
386	-1	-1	-1	-1	0	88	88	1324	4612	3	83
387	-1	-1	-1	-1	0	88	88	1321	4612	3	125
388	-1	-1	-1	-1	0	88	88	1327	4612	3	84
389	-1	-1	-1	-1	0	88	88	1331	4612	3	83
390	-1	-1	-1	-1	0	88	88	1323	4612	3	84
391	-1	-1	-1	-1	0	88	88	1332	4612	2	83
392	-1	-1	-1	-1	0	88	88	1332	4612	3	125
393	-1	-1	-1	-1	0	88	88	1334	4612	3	83
394	-1	-1	-1	-1	0	88	88	1331	4612	3	84
395	-1	-1	-1	-1	0	88	88	1327	4612	3	84
396	-1	-1	-1	-1	0	88	88	1334	4612	3	125
397	-1	-1	-1	-1	0	88	88	1322	4612	3	83
398	-1	-1	-1	-1	0	88	88	1335	4612	3	83
399	-1	-1	-1	-1	0	88	88	1324	4612	3	125
400	-1	-1	-1	-1	0	88	88	1336	4612	2	84
401	-1	-1	-1	-1	0	88	88	1326	4612	3	125
402	-1	-1	-1	-1	0	88	88	1331	4612	3	83
403	-1	-1	-1	-1	0	88	88	1324	4612	2	83
404	-1	-1	-1	-1	0	88	88	1342	4612	3	125
405	-1	-1	-1	-1	0	88	88	1326	4612	3	84
406	-1	-1	-1	-1	0	88	88	1340	4612	3	125
407	-1	-1	-1	-1	0	88	88	1325	4612	3	83
408	-1	-1	-1	-1	0	88	88	1331	4612	3	83
409	-1	-1	-1	-1	0	88	88	1324	4612	3	83
410	-1	-1	-1	-1	0	88	88	1328	4612	3	83
411	-1	-1	-1	-1	0	88	88	1326	4612	3	83
412	-1	-1	-1	-1	0	88	88	1324	4612	3	83
413	-1	-1	-1	-1	0	88	88	1327	4612	3	83
414	-1	-1	-1	-1	0	88	88	1330	4612	3	84
415	-1	-1	-1	-1	0	88	88	1332	4612	3	84
416	-1	-1	-1	-1	0	88	88	1325	4612	3	83
417	-1	-1	-1	-1	0	88	88	1333	4612	3	83
418	-1	-1	-1	-1	0	88	88	1330	4612	3	83
419	-1	-1	-1	-1	0	88	88	1325	4612	3	83
420	-1	-1	-1	-1	0	88	88	1886	4611	3	125
421	-1	-1	-1	-1	0	88	88	1367	4611	3	83
422	-1	-1	-1	-1	0	88	88	1350	4611	2	83
423	-1	-1	-1	-1	0	88	88	1388	4612	3	83
424	-1	-1	-1	-1	0	88	88	1325	4612	3	83
425	-1	-1	-1	-1	0	88	88	1326	4612	3	84
426	-1	-1	-1	-1	0	88	88	1338	4612	3	125
427	-1	-1	-1	-1	0	88	88	1484	4612	3	83
428	-1	-1	-1	-1	0	88	88	1339	4612	3	84
429	-1	-1	-1	-1	0	88	88	1331	4612	3	83
430	-1	-1	-1	-1	0	88	88	1473	4611	3	125
431	-1	-1	-1	-1	0	88	88	1324	4612	3	84
432	-1	-1	-1	-1	0	88	88	1320	4612	3	84
433	-1	-1	-1	-1	0	88	88	1348	4611	3	84
434	-1	-1	-1	-1	0	88	88	1433	4611	3	83
435	-1	-1	-1	-1	0	88	88	1457	4612	3	83
436	-1	-1	-1	-1	0	88	88	1325	4612	3	83
437	-1	-1	-1	-1	0	88	88	1327	4612	3	125
438	-1	-1	-1	-1	0	88	88	1346	4612	3	125
439	-1	-1	-1	-1	0	88	88	1346	4612	3	125
440	-1	-1	-1	-1	0	88	88	1505	4611	3	83
441	-1	-1	-1	-1	0	88	88	1353	4611	3	83
442	-1	-1	-1	-1	0	88	88	1334	4612	3	125
443	-1	-1	-1	-1	0	88	88	1328	4612	3	83
444	-1	-1	-1	-1	0	88	88	1332	4612	3	83
445	-1	-1	-1	-1	0	88	88	1331	4612	3	125
446	-1	-1	-1	-1	0	88	88	1323	4612	2	84
447	-1	-1	-1	-1	0	88	88	1360	4611	3	84
448	-1	-1	-1	-1	0	88	88	1350	4611	3	83
449	-1	-1	-1	-1	0	88	88	1327	4611	3	83
450	-1	-1	-1	-1	0	88	88	1359	4612	3	125
451	-1	-1	-1	-1	0	88	88	1323	4612	3	125
452	-1	-1	-1	-1	0	88	88	1326	4612	3	83
453	-1	-1	-1	-1	0	88	88	1327	4612	2	84
454	-1	-1	-1	-1	0	88	88	1357	4611	3	83
455	-1	-1	-1	-1	0	88	88	1461	4612	3	125
456	-1	-1	-1	-1	0	88	88	1320	4612	3	83
457	-1	-1	-1	-1	0	88	88	1330	4612	3	84
458	-1	-1	-1	-1	0	88	88	1322	4612	3	83
459	-1	-1	-1	-1	0	88	88	1327	4612	3	83
460	-1	-1	-1	-1	0	88	88	1322	4612	3	83
461	-1	-1	-1	-1	0	88	88	1328	4612	3	125
462	-1	-1	-1	-1	0	88	88	1333	4612	3	125
463	-1	-1	-1	-1	0	88	88	1331	4612	2	83
464	-1	-1	-1	-1	0	88	88	1351	4611	3	125
465	-1	-1	-1	-1	0	88	88	1352	4611	3	83
466	-1	-1	-1	-1	0	88	88	1458	4612	2	84
467	-1	-1	-1	-1	0	88	88	1344	4612	3	83
468	-1	-1	-1	-1	0	88	88	1332	4612	3	125
469	-1	-1	-1	-1	0	88	88	1439	4604	3	125
470	-1	-1	-1	-1	0	88	88	1361	4611	3	83
471	-1	-1	-1	-1	0	88	88	1360	4611	3	83
472	-1	-1	-1	-1	0	88	88	1327	4612	3	125
473	-1	-1	-1	-1	0	88	88	1326	4612	3	83
474	-1	-1	-1	-1	0	88	88	1353	4611	3	83
475	-1	-1	-1	-1	0	88	88	1448	4612	3	83
476	-1	-1	-1	-1	0	88	88	1336	4612	3	125
477	-1	-1	-1	-1	0	88	88	1876	4612	4	84
478	-1	-1	-1	-1	0	88	88	1369	4612	3	83
479	-1	-1	-1	-1	0	88	88	1325	4612	3	125
480	-1	-1	-1	-1	0	88	88	1331	4612	3	83
481	-1	-1	-1	-1	0	88	88	1335	4612	2	84
482	-1	-1	-1	-1	0	88	88	1357	4611	3	83
483	-1	-1	-1	-1	0	88	88	1355	4611	3	84
484	-1	-1	-1	-1	0	88	88	1334	4611	2	83
485	-1	-1	-1	-1	0	88	88	1354	4612	2	84
486	-1	-1	-1	-1	0	88	88	1326	4612	3	83
487	-1	-1	-1	-1	0	88	88	1334	4612	3	125
488	-1	-1	-1	-1	0	88	88	1324	4612	3	83
489	-1	-1	-1	-1	0	88	88	6083	9380	3	125
490	-1	-1	-1	-1	0	88	88	1335	4612	2	83
491	-1	-1	-1	-1	0	88	88	1339	4612	3	125
492	-1	-1	-1	-1	0	88	88	1489	4611	3	83
493	-1	-1	-1	-1	0	88	88	1360	4611	3	125
494	-1	-1	-1	-1	0	88	88	1334	4611	3	83
495	-1	-1	-1	-1	0	88	88	1519	4612	3	83
496	-1	-1	-1	-1	0	88	88	1359	4612	3	125
497	-1	-1	-1	-1	0	88	88	1332	4612	3	125
498	-1	-1	-1	-1	0	88	88	1331	4612	3	125
499	-1	-1	-1	-1	0	88	88	1492	4611	3	83
500	-1	-1	-1	-1	0	88	88	1350	4611	3	84
501	-1	-1	-1	-1	0	88	88	1346	4611	3	125
502	-1	-1	-1	-1	0	88	88	1353	4612	3	125
503	-1	-1	-1	-1	0	88	88	1338	4612	3	125
504	-1	-1	-1	-1	0	88	88	1334	4612	3	83
505	-1	-1	-1	-1	0	88	88	1362	4611	2	83
506	-1	-1	-1	-1	0	88	88	1368	4611	3	84
507	-1	-1	-1	-1	0	88	88	1435	4612	3	83
508	-1	-1	-1	-1	0	88	88	2726	4611	3	84
509	-1	-1	-1	-1	0	88	88	1400	4611	2	83
510	-1	-1	-1	-1	0	88	88	1365	4612	3	83
511	-1	-1	-1	-1	0	88	88	1331	4612	3	84
512	-1	-1	-1	-1	0	88	88	1336	4612	3	83
513	-1	-1	-1	-1	0	88	88	1581	4611	3	83
514	-1	-1	-1	-1	0	88	88	1364	4611	3	125
515	-1	-1	-1	-1	0	88	88	1354	4612	3	83
516	-1	-1	-1	-1	0	88	88	1352	4612	2	83
517	-1	-1	-1	-1	0	88	88	1344	4612	3	125
518	-1	-1	-1	-1	0	88	88	1366	4612	3	125
519	-1	-1	-1	-1	0	88	88	1359	4612	3	125
520	-1	-1	-1	-1	0	88	88	1351	4612	3	125
521	-1	-1	-1	-1	0	88	88	1357	4612	3	125
522	-1	-1	-1	-1	0	88	88	1342	4612	3	83
523	-1	-1	-1	-1	0	88	88	1335	4612	3	83
524	-1	-1	-1	-1	0	88	88	1657	4612	4	84
525	-1	-1	-1	-1	0	88	88	1343	4612	3	84
526	-1	-1	-1	-1	0	88	88	1329	4612	3	83
527	-1	-1	-1	-1	0	88	88	1317	4612	3	83
528	-1	-1	-1	-1	0	88	88	1339	4612	3	83
529	-1	-1	-1	-1	0	88	88	1485	4612	2	42
530	-1	-1	-1	-1	0	88	88	1329	4612	2	83
531	-1	-1	-1	-1	0	88	88	1324	4612	3	84
532	-1	-1	-1	-1	0	88	88	1348	4612	2	83
533	-1	-1	-1	-1	0	88	88	1324	4612	3	125
534	-1	-1	-1	-1	0	88	88	1360	4612	3	84
535	-1	-1	-1	-1	0	88	88	1333	4612	2	84
536	-1	-1	-1	-1	0	88	88	1331	4612	3	125
537	-1	-1	-1	-1	0	88	88	1349	4612	4	125
538	-1	-1	-1	-1	0	88	88	1324	4612	3	84
539	-1	-1	-1	-1	0	88	88	1325	4612	3	125
540	-1	-1	-1	-1	0	88	88	1326	4612	3	83
541	-1	-1	-1	-1	0	88	88	1327	4612	3	83
542	-1	-1	-1	-1	0	88	88	1326	4612	3	83
543	-1	-1	-1	-1	0	88	88	1328	4612	2	84
544	-1	-1	-1	-1	0	88	88	1325	4612	3	83
545	-1	-1	-1	-1	0	88	88	1326	4612	3	83
546	-1	-1	-1	-1	0	88	88	1335	4612	3	125
547	-1	-1	-1	-1	0	88	88	1360	4612	3	125
548	-1	-1	-1	-1	0	88	88	1354	4612	3	83
549	-1	-1	-1	-1	0	88	88	1327	4612	3	125
550	-1	-1	-1	-1	0	88	88	1352	4612	3	84
551	-1	-1	-1	-1	0	88	88	1336	4612	3	83
552	-1	-1	-1	-1	0	88	88	1324	4612	3	83
553	-1	-1	-1	-1	0	88	88	1328	4612	3	125
554	-1	-1	-1	-1	0	88	88	1361	4612	3	125
555	-1	-1	-1	-1	0	88	88	1369	4611	3	125
556	-1	-1	-1	-1	0	88	88	1387	4611	2	83
557	-1	-1	-1	-1	0	88	88	1330	4611	2	84
558	-1	-1	-1	-1	0	88	88	1335	4611	3	83
559	-1	-1	-1	-1	0	88	88	1331	4611	3	125
560	-1	-1	-1	-1	0	88	88	1361	4611	3	125
561	-1	-1	-1	-1	0	88	88	1334	4611	3	125
562	-1	-1	-1	-1	0	88	88	1359	4611	3	83
563	-1	-1	-1	-1	0	88	88	1327	4611	3	84
564	-1	-1	-1	-1	0	88	88	1422	4612	3	125
565	-1	-1	-1	-1	0	88	88	1345	4612	3	83
566	-1	-1	-1	-1	0	88	88	1335	4612	3	125
567	-1	-1	-1	-1	0	88	88	1325	4612	3	84
568	-1	-1	-1	-1	0	88	88	1322	4612	2	83
569	-1	-1	-1	-1	0	88	88	1321	4612	3	125
570	-1	-1	-1	-1	0	88	88	1359	4612	3	125
571	-1	-1	-1	-1	0	88	88	1512	4612	1	42
572	-1	-1	-1	-1	0	88	88	1337	4612	3	84
573	-1	-1	-1	-1	0	88	88	1500	4612	1	42
574	-1	-1	-1	-1	0	88	88	1335	4612	3	125
575	-1	-1	-1	-1	0	88	88	1359	4612	3	125
576	-1	-1	-1	-1	0	88	88	1365	4612	3	125
577	-1	-1	-1	-1	0	88	88	1371	4611	3	125
578	-1	-1	-1	-1	0	88	88	1381	4611	2	84
579	-1	-1	-1	-1	0	88	88	1333	4611	3	83
580	-1	-1	-1	-1	0	88	88	1446	4612	2	83
581	-1	-1	-1	-1	0	88	88	1356	4612	3	83
582	-1	-1	-1	-1	0	88	88	1343	4612	3	83
583	-1	-1	-1	-1	0	88	88	1355	4611	3	125
584	-1	-1	-1	-1	0	88	88	1365	4611	2	83
585	-1	-1	-1	-1	0	88	88	1346	4611	3	84
586	-1	-1	-1	-1	0	88	88	1361	4612	2	83
587	-1	-1	-1	-1	0	88	88	1346	4612	3	84
588	-1	-1	-1	-1	0	88	88	1484	4611	3	83
589	-1	-1	-1	-1	0	88	88	1335	4611	3	125
590	-1	-1	-1	-1	0	88	88	1374	4611	3	83
591	-1	-1	-1	-1	0	88	88	1519	4612	3	125
592	-1	-1	-1	-1	0	88	88	1380	4612	3	125
593	-1	-1	-1	-1	0	88	88	1345	4612	3	83
594	-1	-1	-1	-1	0	88	88	1364	4611	3	125
595	-1	-1	-1	-1	0	88	88	1347	4611	3	125
596	-1	-1	-1	-1	0	88	88	1593	4612	3	125
597	-1	-1	-1	-1	0	88	88	1373	4612	2	84
598	-1	-1	-1	-1	0	88	88	1332	4612	3	125
599	-1	-1	-1	-1	0	88	88	1376	4612	1	42
600	-1	-1	-1	-1	0	88	88	1495	4612	1	42
601	-1	-1	-1	-1	0	88	88	1329	4612	3	125
602	-1	-1	-1	-1	0	88	88	1378	4611	3	125
603	-1	-1	-1	-1	0	88	88	1376	4611	3	83
604	-1	-1	-1	-1	0	88	88	1498	4611	2	42
605	-1	-1	-1	-1	0	88	88	1331	4611	3	83
606	-1	-1	-1	-1	0	88	88	1344	4611	2	84
607	-1	-1	-1	-1	0	88	88	1330	4611	3	125
608	-1	-1	-1	-1	0	88	88	1358	4611	3	83
609	-1	-1	-1	-1	0	88	88	1348	4612	2	83
610	-1	-1	-1	-1	0	88	88	1366	4612	3	83
611	-1	-1	-1	-1	0	88	88	1323	4612	3	84
612	-1	-1	-1	-1	0	88	88	1487	4611	3	83
613	-1	-1	-1	-1	0	88	88	1342	4611	3	84
614	-1	-1	-1	-1	0	88	88	1336	4611	3	83
615	-1	-1	-1	-1	0	88	88	1350	4612	3	125
616	-1	-1	-1	-1	0	88	88	16333	16333	278	11333
617	-1	-1	-1	-1	0	88	88	1887	4612	6	125
618	-1	-1	-1	-1	0	88	88	1474	4611	4	125
619	-1	-1	-1	-1	0	88	88	1339	4611	3	84
620	-1	-1	-1	-1	0	88	88	1429	4612	2	83
621	-1	-1	-1	-1	0	88	88	1440	4612	3	125
622	-1	-1	-1	-1	0	88	88	1500	4611	2	84
623	-1	-1	-1	-1	0	88	88	1335	4611	3	83
624	-1	-1	-1	-1	0	88	88	1345	4611	3	84
625	-1	-1	-1	-1	0	88	88	1370	4612	3	84
626	-1	-1	-1	-1	0	88	88	1357	4612	3	83
627	-1	-1	-1	-1	0	88	88	1344	4611	3	125
628	-1	-1	-1	-1	0	88	88	2397	4612	2	41
629	-1	-1	-1	-1	0	88	88	1531	4612	1	42
630	-1	-1	-1	-1	0	88	88	1494	4612	2	42
631	-1	-1	-1	-1	0	88	88	1339	4612	3	83
632	-1	-1	-1	-1	0	88	88	1331	4612	3	84
633	-1	-1	-1	-1	0	88	88	1336	4612	3	84
634	-1	-1	-1	-1	0	88	88	1334	4612	3	83
635	-1	-1	-1	-1	0	88	88	1330	4612	3	125
636	-1	-1	-1	-1	0	88	88	1327	4612	3	84
637	-1	-1	-1	-1	0	88	88	1333	4612	3	83
638	-1	-1	-1	-1	0	88	88	1328	4612	3	83
639	-1	-1	-1	-1	0	88	88	1322	4612	3	83
640	-1	-1	-1	-1	0	88	88	1327	4612	3	83
641	-1	-1	-1	-1	0	88	88	1365	4612	3	125
642	-1	-1	-1	-1	0	88	88	1343	4612	3	83
643	-1	-1	-1	-1	0	88	88	1353	4612	3	83
644	-1	-1	-1	-1	0	88	88	1336	4612	3	125
645	-1	-1	-1	-1	0	88	88	1332	4612	3	84
646	-1	-1	-1	-1	0	88	88	1357	4612	3	83
647	-1	-1	-1	-1	0	88	88	1321	4612	3	125
648	-1	-1	-1	-1	0	88	88	1347	4612	3	125
649	-1	-1	-1	-1	0	88	88	1324	4612	3	84
650	-1	-1	-1	-1	0	88	88	1336	4612	3	83
651	-1	-1	-1	-1	0	88	88	1346	4612	3	125
652	-1	-1	-1	-1	0	88	88	1334	4612	3	83
653	-1	-1	-1	-1	0	88	88	1357	4611	3	125
654	-1	-1	-1	-1	0	88	88	1361	4611	3	84
655	-1	-1	-1	-1	0	88	88	1329	4611	3	125
656	-1	-1	-1	-1	0	88	88	1372	4612	3	83
657	-1	-1	-1	-1	0	88	88	1338	4612	3	84
658	-1	-1	-1	-1	0	88	88	1332	4612	3	84
659	-1	-1	-1	-1	0	88	88	1339	4612	3	83
660	-1	-1	-1	-1	0	88	88	1339	4612	2	83
661	-1	-1	-1	-1	0	88	88	1337	4612	3	125
662	-1	-1	-1	-1	0	88	88	1333	4612	2	83
663	-1	-1	-1	-1	0	88	88	1337	4612	3	125
664	-1	-1	-1	-1	0	88	88	1341	4612	3	84
665	-1	-1	-1	-1	0	88	88	1338	4612	3	83
666	-1	-1	-1	-1	0	88	88	1339	4612	3	125
667	-1	-1	-1	-1	0	88	88	1321	4612	3	83
668	-1	-1	-1	-1	0	88	88	1385	4612	3	84
669	-1	-1	-1	-1	0	88	88	1348	4612	3	83
670	-1	-1	-1	-1	0	88	88	1348	4612	3	83
671	-1	-1	-1	-1	0	88	88	1337	4612	3	83
672	-1	-1	-1	-1	0	88	88	1340	4612	2	84
673	-1	-1	-1	-1	0	88	88	1339	4612	3	125
674	-1	-1	-1	-1	0	88	88	1334	4612	3	83
675	-1	-1	-1	-1	0	88	88	1340	4612	3	125
676	-1	-1	-1	-1	0	88	88	1353	4612	3	125
677	-1	-1	-1	-1	0	88	88	1333	4612	3	83
678	-1	-1	-1	-1	0	88	88	1335	4612	3	83
679	-1	-1	-1	-1	0	88	88	1329	4612	2	84
680	-1	-1	-1	-1	0	88	88	1507	4611	3	125
681	-1	-1	-1	-1	0	88	88	1388	4611	3	125
682	-1	-1	-1	-1	0	88	88	1341	4611	3	83
683	-1	-1	-1	-1	0	88	88	1333	4611	3	84
684	-1	-1	-1	-1	0	88	88	1339	4611	2	83
685	-1	-1	-1	-1	0	88	88	1351	4612	2	84
686	-1	-1	-1	-1	0	88	88	1362	4612	2	83
687	-1	-1	-1	-1	0	88	88	1331	4612	3	125
688	-1	-1	-1	-1	0	88	88	1335	4612	3	84
689	-1	-1	-1	-1	0	88	88	1344	4612	3	83
690	-1	-1	-1	-1	0	88	88	1356	4612	3	125
691	-1	-1	-1	-1	0	88	88	1338	4612	2	83
692	-1	-1	-1	-1	0	88	88	1339	4612	3	125
693	-1	-1	-1	-1	0	88	88	1326	4612	3	83
694	-1	-1	-1	-1	0	88	88	1324	4612	3	125
695	-1	-1	-1	-1	0	88	88	1341	4612	3	83
696	-1	-1	-1	-1	0	88	88	1335	4612	3	84
697	-1	-1	-1	-1	0	88	88	2723	4612	4	84
698	-1	-1	-1	-1	0	88	88	1446	4612	3	125
699	-1	-1	-1	-1	0	88	88	1395	4612	3	84
700	-1	-1	-1	-1	0	88	88	1335	4612	3	83
701	-1	-1	-1	-1	0	88	88	1335	4612	3	84
702	-1	-1	-1	-1	0	88	88	1333	4612	3	84
703	-1	-1	-1	-1	0	88	88	1329	4612	2	83
704	-1	-1	-1	-1	0	88	88	1375	4612	3	125
705	-1	-1	-1	-1	0	88	88	1342	4612	3	84
706	-1	-1	-1	-1	0	88	88	1334	4612	3	125
707	-1	-1	-1	-1	0	88	88	1348	4612	3	83
708	-1	-1	-1	-1	0	88	88	1332	4612	3	84
709	-1	-1	-1	-1	0	88	88	1571	4611	3	84
710	-1	-1	-1	-1	0	88	88	1331	4611	2	84
711	-1	-1	-1	-1	0	88	88	1348	4611	3	125
712	-1	-1	-1	-1	0	88	88	1350	4611	3	83
713	-1	-1	-1	-1	0	88	88	1345	4611	3	125
714	-1	-1	-1	-1	0	88	88	1345	4612	2	83
715	-1	-1	-1	-1	0	88	88	1336	4612	3	125
716	-1	-1	-1	-1	0	88	88	1335	4612	3	125
717	-1	-1	-1	-1	0	88	88	1342	4612	3	83
718	-1	-1	-1	-1	0	88	88	1350	4612	3	83
719	-1	-1	-1	-1	0	88	88	1335	4612	3	125
720	-1	-1	-1	-1	0	88	88	1341	4611	3	125
721	-1	-1	-1	-1	0	88	88	1342	4611	3	125
722	-1	-1	-1	-1	0	88	88	1363	4612	3	84
723	-1	-1	-1	-1	0	88	88	1359	4612	2	83
724	-1	-1	-1	-1	0	88	88	1328	4612	3	83
725	-1	-1	-1	-1	0	88	88	1331	4612	3	83
726	-1	-1	-1	-1	0	88	88	1338	4612	2	84
727	-1	-1	-1	-1	0	88	88	1334	4612	3	125
728	-1	-1	-1	-1	0	88	88	1337	4612	3	125
729	-1	-1	-1	-1	0	88	88	1330	4612	3	83
730	-1	-1	-1	-1	0	88	88	1329	4612	3	125
731	-1	-1	-1	-1	0	88	88	1331	4612	3	125
732	-1	-1	-1	-1	0	88	88	2173	4612	4	83
733	-1	-1	-1	-1	0	88	88	1382	4612	3	84
734	-1	-1	-1	-1	0	88	88	1337	4612	2	83
735	-1	-1	-1	-1	0	88	88	1340	4611	3	125
736	-1	-1	-1	-1	0	88	88	1335	4611	2	84
737	-1	-1	-1	-1	0	88	88	1345	4612	2	83
738	-1	-1	-1	-1	0	88	88	1356	4612	2	84
739	-1	-1	-1	-1	0	88	88	1326	4612	3	125
740	-1	-1	-1	-1	0	88	88	1358	4611	3	125
741	-1	-1	-1	-1	0	88	88	1330	4611	3	125
742	-1	-1	-1	-1	0	88	88	1367	4612	3	83
743	-1	-1	-1	-1	0	88	88	1334	4612	3	125
744	-1	-1	-1	-1	0	88	88	1352	4611	2	83
745	-1	-1	-1	-1	0	88	88	1340	4611	3	84
746	-1	-1	-1	-1	0	88	88	1355	4612	2	83
747	-1	-1	-1	-1	0	88	88	1328	4612	2	84
748	-1	-1	-1	-1	0	88	88	1653	4620	3	84
749	-1	-1	-1	-1	0	88	88	1355	4611	3	83
750	-1	-1	-1	-1	0	88	88	1429	4612	3	83
751	-1	-1	-1	-1	0	88	88	1331	4612	3	125
752	-1	-1	-1	-1	0	88	88	1341	4612	3	83
753	-1	-1	-1	-1	0	88	88	1357	4611	3	83
754	-1	-1	-1	-1	0	88	88	1363	4611	3	125
755	-1	-1	-1	-1	0	88	88	1324	4612	2	83
756	-1	-1	-1	-1	0	88	88	1324	4612	3	84
757	-1	-1	-1	-1	0	88	88	1357	4611	3	125
758	-1	-1	-1	-1	0	88	88	1352	4611	3	125
759	-1	-1	-1	-1	0	88	88	1329	4612	3	125
760	-1	-1	-1	-1	0	88	88	1336	4612	3	125
761	-1	-1	-1	-1	0	88	88	1623	4612	3	125
762	-1	-1	-1	-1	0	88	88	1334	4612	2	84
763	-1	-1	-1	-1	0	88	88	1341	4612	3	125
764	-1	-1	-1	-1	0	88	88	1354	4611	3	84
765	-1	-1	-1	-1	0	88	88	1348	4611	3	125
766	-1	-1	-1	-1	0	88	88	1331	4612	3	125
767	-1	-1	-1	-1	0	88	88	1324	4612	3	83
768	-1	-1	-1	-1	0	88	88	1341	4612	3	84
769	-1	-1	-1	-1	0	88	88	1357	4611	2	84
770	-1	-1	-1	-1	0	88	88	1351	4611	3	83
771	-1	-1	-1	-1	0	88	88	1336	4612	3	125
772	-1	-1	-1	-1	0	88	88	1340	4612	3	125
773	-1	-1	-1	-1	0	88	88	1364	4611	3	83
774	-1	-1	-1	-1	0	88	88	1353	4611	3	125
775	-1	-1	-1	-1	0	88	88	1343	4612	2	83
776	-1	-1	-1	-1	0	88	88	1330	4612	3	84
777	-1	-1	-1	-1	0	88	88	1497	4611	3	83
778	-1	-1	-1	-1	0	88	88	1365	4611	2	84
779	-1	-1	-1	-1	0	88	88	1337	4612	3	83
780	-1	-1	-1	-1	0	88	88	1341	4612	3	84
781	-1	-1	-1	-1	0	88	88	1354	4611	3	83
782	-1	-1	-1	-1	0	88	88	1362	4611	3	125
783	-1	-1	-1	-1	0	88	88	1329	4612	2	84
784	-1	-1	-1	-1	0	88	88	1333	4612	3	125
785	-1	-1	-1	-1	0	88	88	1353	4611	3	84
786	-1	-1	-1	-1	0	88	88	1433	4612	3	83
787	-1	-1	-1	-1	0	88	88	1333	4612	3	83
788	-1	-1	-1	-1	0	88	88	1499	4611	3	84
789	-1	-1	-1	-1	0	88	88	1367	4611	2	83
790	-1	-1	-1	-1	0	88	88	1335	4612	2	83
791	-1	-1	-1	-1	0	88	88	1331	4612	3	83
792	-1	-1	-1	-1	0	88	88	1360	4611	3	83
793	-1	-1	-1	-1	0	88	88	1352	4611	3	83
794	-1	-1	-1	-1	0	88	88	1333	4612	3	125
795	-1	-1	-1	-1	0	88	88	1326	4612	3	83
796	-1	-1	-1	-1	0	88	88	1352	4611	3	83
797	-1	-1	-1	-1	0	88	88	1351	4611	2	84
798	-1	-1	-1	-1	0	88	88	1329	4612	3	83
799	-1	-1	-1	-1	0	88	88	1331	4612	3	84
800	-1	-1	-1	-1	0	88	88	1325	4612	3	84
801	-1	-1	-1	-1	0	88	88	1332	4612	2	83
802	-1	-1	-1	-1	0	88	88	1336	4612	3	125
803	-1	-1	-1	-1	0	88	88	1332	4612	3	84
804	-1	-1	-1	-1	0	88	88	1352	4612	3	84
805	-1	-1	-1	-1	0	88	88	1335	4612	2	83
806	-1	-1	-1	-1	0	88	88	1329	4612	3	125
807	-1	-1	-1	-1	0	88	88	1325	4612	3	125
808	-1	-1	-1	-1	0	88	88	1336	4612	3	84
809	-1	-1	-1	-1	0	88	88	1340	4612	3	83
810	-1	-1	-1	-1	0	88	88	1340	4612	3	125
811	-1	-1	-1	-1	0	88	88	1333	4612	3	83
812	-1	-1	-1	-1	0	88	88	1331	4612	3	84
813	-1	-1	-1	-1	0	88	88	1331	4612	3	84
814	-1	-1	-1	-1	0	88	88	1328	4612	2	83
815	-1	-1	-1	-1	0	88	88	1334	4612	3	83
816	-1	-1	-1	-1	0	88	88	1329	4612	2	83
817	-1	-1	-1	-1	0	88	88	1487	4612	1	41
818	-1	-1	-1	-1	0	88	88	1327	4612	3	83
819	-1	-1	-1	-1	0	88	88	1324	4612	3	83
820	-1	-1	-1	-1	0	88	88	1333	4612	3	83
821	-1	-1	-1	-1	0	88	88	1328	4612	3	84
822	-1	-1	-1	-1	0	88	88	1331	4612	3	125
823	-1	-1	-1	-1	0	88	88	1330	4612	3	83
824	-1	-1	-1	-1	0	88	88	1332	4612	3	125
825	-1	-1	-1	-1	0	88	88	1481	4612	1	41
826	-1	-1	-1	-1	0	88	88	2916	5791	3	83
827	-1	-1	-1	-1	0	88	88	1333	4612	3	83
828	-1	-1	-1	-1	0	88	88	1325	4612	3	83
829	-1	-1	-1	-1	0	88	88	1328	4612	3	83
830	-1	-1	-1	-1	0	88	88	1332	4612	3	84
831	-1	-1	-1	-1	0	88	88	1321	4612	3	84
832	-1	-1	-1	-1	0	88	88	1330	4612	3	83
833	-1	-1	-1	-1	0	88	88	1326	4612	3	83
834	-1	-1	-1	-1	0	88	88	1326	4612	3	83
835	-1	-1	-1	-1	0	88	88	1331	4612	3	125
836	-1	-1	-1	-1	0	88	88	1330	4612	2	84
837	-1	-1	-1	-1	0	88	88	1601	4612	3	84
838	-1	-1	-1	-1	0	88	88	1356	4612	3	125
839	-1	-1	-1	-1	0	88	88	1365	4612	3	83
840	-1	-1	-1	-1	0	88	88	1354	4612	3	125
841	-1	-1	-1	-1	0	88	88	1331	4612	3	84
842	-1	-1	-1	-1	0	88	88	1339	4612	3	83
843	-1	-1	-1	-1	0	88	88	1330	4612	3	83
844	-1	-1	-1	-1	0	88	88	1363	4611	3	83
845	-1	-1	-1	-1	0	88	88	1362	4611	3	83
846	-1	-1	-1	-1	0	88	88	1338	4611	3	125
847	-1	-1	-1	-1	0	88	88	1434	4612	3	84
848	-1	-1	-1	-1	0	88	88	1368	4612	2	83
849	-1	-1	-1	-1	0	88	88	1335	4612	2	84
850	-1	-1	-1	-1	0	88	88	1326	4612	3	125
851	-1	-1	-1	-1	0	88	88	1333	4612	3	83
852	-1	-1	-1	-1	0	88	88	1521	4612	3	125
853	-1	-1	-1	-1	0	88	88	1342	4612	3	83
854	-1	-1	-1	-1	0	88	88	1334	4612	3	125
855	-1	-1	-1	-1	0	88	88	1329	4612	3	83
856	-1	-1	-1	-1	0	88	88	1333	4612	3	125
857	-1	-1	-1	-1	0	88	88	1511	4611	3	83
858	-1	-1	-1	-1	0	88	88	1362	4611	3	125
859	-1	-1	-1	-1	0	88	88	1341	4611	3	83
860	-1	-1	-1	-1	0	88	88	1352	4612	2	83
861	-1	-1	-1	-1	0	88	88	1332	4612	3	125
862	-1	-1	-1	-1	0	88	88	1333	4612	3	125
863	-1	-1	-1	-1	0	88	88	1339	4612	3	84
864	-1	-1	-1	-1	0	88	88	1331	4612	3	125
865	-1	-1	-1	-1	0	88	88	1353	4611	3	125
866	-1	-1	-1	-1	0	88	88	1443	4612	3	125
867	-1	-1	-1	-1	0	88	88	1334	4612	3	84
868	-1	-1	-1	-1	0	88	88	1330	4612	3	83
869	-1	-1	-1	-1	0	88	88	1333	4612	3	125
870	-1	-1	-1	-1	0	88	88	1335	4612	2	83
871	-1	-1	-1	-1	0	88	88	1351	4612	3	125
872	-1	-1	-1	-1	0	88	88	1350	4611	3	125
873	-1	-1	-1	-1	0	88	88	1361	4611	3	83
874	-1	-1	-1	-1	0	88	88	1449	4612	3	83
875	-1	-1	-1	-1	0	88	88	1333	4612	3	83
876	-1	-1	-1	-1	0	88	88	1337	4612	3	83
877	-1	-1	-1	-1	0	88	88	1335	4612	3	83
878	-1	-1	-1	-1	0	88	88	1359	4611	3	83
879	-1	-1	-1	-1	0	88	88	1356	4611	3	83
880	-1	-1	-1	-1	0	88	88	1331	4612	3	83
881	-1	-1	-1	-1	0	88	88	1343	4612	3	125
882	-1	-1	-1	-1	0	88	88	1328	4612	3	125
883	-1	-1	-1	-1	0	88	88	1331	4612	3	84
884	-1	-1	-1	-1	0	88	88	1333	4612	3	125
885	-1	-1	-1	-1	0	88	88	1322	4612	3	83
886	-1	-1	-1	-1	0	88	88	1774	4620	3	125
887	-1	-1	-1	-1	0	88	88	1387	4611	3	83
888	-1	-1	-1	-1	0	88	88	1356	4611	2	83
889	-1	-1	-1	-1	0	88	88	1337	4612	2	83
890	-1	-1	-1	-1	0	88	88	1332	4612	3	125
891	-1	-1	-1	-1	0	88	88	1325	4612	3	83
892	-1	-1	-1	-1	0	88	88	1330	4612	3	125
893	-1	-1	-1	-1	0	88	88	1328	4612	3	84
894	-1	-1	-1	-1	0	88	88	1329	4612	3	125
895	-1	-1	-1	-1	0	88	88	1378	4611	2	83
896	-1	-1	-1	-1	0	88	88	1360	4611	2	84
897	-1	-1	-1	-1	0	88	88	1329	4612	3	83
898	-1	-1	-1	-1	0	88	88	1334	4612	3	125
899	-1	-1	-1	-1	0	88	88	1357	4611	3	83
900	-1	-1	-1	-1	0	88	88	1352	4611	3	84
901	-1	-1	-1	-1	0	88	88	1333	4612	3	83
902	-1	-1	-1	-1	0	88	88	1323	4612	3	125
903	-1	-1	-1	-1	0	88	88	1363	4611	3	83
904	-1	-1	-1	-1	0	88	88	1441	4612	3	84
905	-1	-1	-1	-1	0	88	88	1330	4612	3	125
906	-1	-1	-1	-1	0	88	88	1498	4611	3	83
907	-1	-1	-1	-1	0	88	88	1346	4611	3	125
908	-1	-1	-1	-1	0	88	88	1337	4612	3	125
909	-1	-1	-1	-1	0	88	88	1342	4612	3	125
910	-1	-1	-1	-1	0	88	88	1361	4611	3	83
911	-1	-1	-1	-1	0	88	88	1349	4611	3	83
912	-1	-1	-1	-1	0	88	88	1334	4612	3	83
913	-1	-1	-1	-1	0	88	88	1633	4620	2	83
914	-1	-1	-1	-1	0	88	88	1367	4611	3	125
915	-1	-1	-1	-1	0	88	88	1329	4612	3	125
916	-1	-1	-1	-1	0	88	88	1341	4612	3	83
917	-1	-1	-1	-1	0	88	88	1359	4611	2	83
918	-1	-1	-1	-1	0	88	88	1521	4612	3	83
919	-1	-1	-1	-1	0	88	88	1328	4612	2	83
920	-1	-1	-1	-1	0	88	88	1330	4612	3	125
921	-1	-1	-1	-1	0	88	88	1332	4612	2	83
922	-1	-1	-1	-1	0	88	88	1321	4612	3	125
923	-1	-1	-1	-1	0	88	88	1360	4611	2	83
924	-1	-1	-1	-1	0	88	88	1443	4612	2	83
925	-1	-1	-1	-1	0	88	88	1332	4612	3	125
926	-1	-1	-1	-1	0	88	88	1492	4611	3	83
927	-1	-1	-1	-1	0	88	88	1359	4611	3	84
928	-1	-1	-1	-1	0	88	88	1331	4612	3	83
929	-1	-1	-1	-1	0	88	88	1349	4612	3	125
930	-1	-1	-1	-1	0	88	88	1327	4612	3	125
931	-1	-1	-1	-1	0	88	88	1338	4612	3	83
932	-1	-1	-1	-1	0	88	88	1333	4612	3	83
933	-1	-1	-1	-1	0	88	88	1356	4611	3	83
934	-1	-1	-1	-1	0	88	88	1359	4611	3	83
935	-1	-1	-1	-1	0	88	88	1331	4612	3	83
936	-1	-1	-1	-1	0	88	88	1340	4612	3	125
937	-1	-1	-1	-1	0	88	88	1350	4611	3	83
938	-1	-1	-1	-1	0	88	88	1354	4611	3	83
939	-1	-1	-1	-1	0	88	88	1427	4612	2	84
940	-1	-1	-1	-1	0	88	88	1321	4612	3	125
941	-1	-1	-1	-1	0	88	88	2118	4611	3	125
942	-1	-1	-1	-1	0	88	88	1337	4612	3	83
943	-1	-1	-1	-1	0	88	88	1331	4612	3	125
944	-1	-1	-1	-1	0	88	88	1336	4612	3	125
945	-1	-1	-1	-1	0	88	88	1329	4612	2	83
946	-1	-1	-1	-1	0	88	88	1351	4611	3	125
947	-1	-1	-1	-1	0	88	88	1361	4611	3	125
948	-1	-1	-1	-1	0	88	88	1332	4612	3	125
949	-1	-1	-1	-1	0	88	88	1331	4612	2	83
950	-1	-1	-1	-1	0	88	88	1503	4611	3	125
951	-1	-1	-1	-1	0	88	88	1353	4611	2	83
952	-1	-1	-1	-1	0	88	88	1449	4612	2	84
953	-1	-1	-1	-1	0	88	88	1323	4612	2	83
954	-1	-1	-1	-1	0	88	88	1334	4612	3	125
955	-1	-1	-1	-1	0	88	88	1354	4611	3	83
956	-1	-1	-1	-1	0	88	88	1355	4611	3	84
957	-1	-1	-1	-1	0	88	88	1333	4612	3	83
958	-1	-1	-1	-1	0	88	88	1335	4612	2	84
959	-1	-1	-1	-1	0	88	88	1360	4611	3	125
960	-1	-1	-1	-1	0	88	88	1356	4611	3	125
961	-1	-1	-1	-1	0	88	88	1337	4612	2	84
962	-1	-1	-1	-1	0	88	88	1342	4612	3	125
963	-1	-1	-1	-1	0	88	88	1336	4612	3	83
964	-1	-1	-1	-1	0	88	88	1330	4612	3	83
965	-1	-1	-1	-1	0	88	88	1327	4612	2	83
966	-1	-1	-1	-1	0	88	88	1327	4612	3	125
967	-1	-1	-1	-1	0	88	88	1325	4612	3	84
968	-1	-1	-1	-1	0	88	88	1330	4612	3	125
969	-1	-1	-1	-1	0	88	88	1323	4612	2	83
970	-1	-1	-1	-1	0	88	88	1326	4612	3	125
971	-1	-1	-1	-1	0	88	88	1339	4612	3	125
972	-1	-1	-1	-1	0	88	88	1342	4612	3	125
973	-1	-1	-1	-1	0	88	88	1332	4612	3	83
974	-1	-1	-1	-1	0	88	88	1335	4612	3	125
975	-1	-1	-1	-1	0	88	88	1325	4612	3	83
976	-1	-1	-1	-1	0	88	88	1330	4612	3	125
977	-1	-1	-1	-1	0	88	88	1329	4612	3	84
978	-1	-1	-1	-1	0	88	88	1337	4612	3	83
979	-1	-1	-1	-1	0	88	88	1334	4612	2	83
980	-1	-1	-1	-1	0	88	88	1334	4612	3	125
981	-1	-1	-1	-1	0	88	88	1329	4612	3	83
982	-1	-1	-1	-1	0	88	88	1326	4612	3	125
983	-1	-1	-1	-1	0	88	88	1326	4612	3	84
984	-1	-1	-1	-1	0	88	88	1335	4612	3	83
985	-1	-1	-1	-1	0	88	88	1334	4612	3	83
986	-1	-1	-1	-1	0	88	88	1344	4612	4	84
987	-1	-1	-1	-1	0	88	88	1338	4612	3	83
988	-1	-1	-1	-1	0	88	88	1337	4612	3	83
989	-1	-1	-1	-1	0	88	88	1331	4612	3	125
990	-1	-1	-1	-1	0	88	88	1342	4612	3	125
991	-1	-1	-1	-1	0	88	88	1333	4612	3	125
992	-1	-1	-1	-1	0	88	88	1328	4612	2	83
993	-1	-1	-1	-1	0	88	88	1335	4612	3	125
994	-1	-1	-1	-1	0	88	88	1339	4612	2	83
995	-1	-1	-1	-1	0	88	88	1336	4612	3	125
996	-1	-1	-1	-1	0	88	88	1319	4612	3	84
997	-1	-1	-1	-1	0	88	88	1338	4612	3	125
998	-1	-1	-1	-1	0	88	88	1325	4612	3	83
999	-1	-1	-1	-1	0	88	88	1347	4612	3	125
1000	-1	-1	-1	-1	0	88	88	1328	4612	3	84
