stem	verdict	n_enums	occurrences	bridge_evidence
acquisitionplan	same_type	2	TypeExprKind@self-hosted/parser/ast.sio:TypeAcquisitionPlan;TypeKind@self-hosted/check/types.sio:TyAcquisitionPlan	self-hosted/check/check.sio: co-mentions ['TyAcquisitionPlan', 'TypeAcquisitionPlan'] layers=['self-hosted/check/types.sio', 'self-hosted/parser/ast.sio']
acquisitionpolicy	same_type	2	TypeExprKind@self-hosted/parser/ast.sio:TypeAcquisitionPolicy;TypeKind@self-hosted/check/types.sio:TyAcquisitionPolicy	self-hosted/check/check.sio: co-mentions ['TyAcquisitionPolicy', 'TypeAcquisitionPolicy'] layers=['self-hosted/check/types.sio', 'self-hosted/parser/ast.sio']
admissible	same_type	2	TypeExprKind@self-hosted/parser/ast.sio:TypeAdmissible;TypeKind@self-hosted/check/types.sio:TyAdmissible	self-hosted/check/check.sio: co-mentions ['TyAdmissible', 'TypeAdmissible'] layers=['self-hosted/check/types.sio', 'self-hosted/parser/ast.sio']
aleatoric	same_type	2	TypeExprKind@self-hosted/parser/ast.sio:TypeAleatoric;TypeKind@self-hosted/check/types.sio:TyAleatoric	self-hosted/check/check.sio: co-mentions ['TyAleatoric', 'TypeAleatoric'] layers=['self-hosted/check/types.sio', 'self-hosted/parser/ast.sio']
alternativeoption	same_type	2	TypeExprKind@self-hosted/parser/ast.sio:TypeAlternativeOption;TypeKind@self-hosted/check/types.sio:TyAlternativeOption	self-hosted/check/check.sio: co-mentions ['TyAlternativeOption', 'TypeAlternativeOption'] layers=['self-hosted/check/types.sio', 'self-hosted/parser/ast.sio']
alternativepolicy	same_type	2	TypeExprKind@self-hosted/parser/ast.sio:TypeAlternativePolicy;TypeKind@self-hosted/check/types.sio:TyAlternativePolicy	self-hosted/check/check.sio: co-mentions ['TyAlternativePolicy', 'TypeAlternativePolicy'] layers=['self-hosted/check/types.sio', 'self-hosted/parser/ast.sio']
alternativeset	same_type	2	TypeExprKind@self-hosted/parser/ast.sio:TypeAlternativeSet;TypeKind@self-hosted/check/types.sio:TyAlternativeSet	self-hosted/check/check.sio: co-mentions ['TyAlternativeSet', 'TypeAlternativeSet'] layers=['self-hosted/check/types.sio', 'self-hosted/parser/ast.sio']
array	same_type	5	HlirTypeKind@self-hosted/hlir/ir.sio:HlirTypeArray;LayTypeKind@self-hosted/check/layout.sio:TkArray;TypeExprKind@self-hosted/parser/ast.sio:TypeArray;TypeKind@self-hosted/check/types.sio:TyArray;TypeKind@self-hosted/compiler/parser.sio:Array	self-hosted/check/check.sio: co-mentions ['Array', 'TyArray', 'TypeArray'] layers=['self-hosted/check/layout.sio', 'self-hosted/check/types.sio', 'self-hosted/compiler/parser.sio', 'self-hosted/hlir/ir.sio', 'self-hosted/parser/ast.sio'] | self-hosted/check/types.sio: co-mentions ['Array', 'TyArray'] layers=['self-hosted/check/layout.sio', 'self-hosted/check/types.sio', 'self-hosted/compiler/parser.sio', 'self-hosted/hlir/ir.sio', 'self-hosted/parser/ast.sio'] | self-hosted/ir/lower.sio: co-mentions ['Array', 'TypeArray'] layers=['self-hosted/check/layout.sio', 'self-hosted/check/types.sio', 'self-hosted/compiler/parser.sio', 'self-hosted/hlir/ir.sio', 'self-hosted/parser/ast.sio']
axiom	same_type	2	TypeExprKind@self-hosted/parser/ast.sio:TypeAxiom;TypeKind@self-hosted/check/types.sio:TyAxiom	self-hosted/check/check.sio: co-mentions ['TyAxiom', 'TypeAxiom'] layers=['self-hosted/check/types.sio', 'self-hosted/parser/ast.sio']
bool	same_type	4	GpuType@self-hosted/gpu/kernel_ir.sio:GpuBool;HlirTypeKind@self-hosted/hlir/ir.sio:HlirTypeBool;LayTypeKind@self-hosted/check/layout.sio:TkBool;TypeKind@self-hosted/check/types.sio:TyBool	self-hosted/check/check.sio: co-mentions ['TyBool', 'bool'] layers=['self-hosted/check/layout.sio', 'self-hosted/check/types.sio', 'self-hosted/gpu/kernel_ir.sio', 'self-hosted/hlir/ir.sio'] | self-hosted/check/types.sio: co-mentions ['TyBool', 'bool'] layers=['self-hosted/check/layout.sio', 'self-hosted/check/types.sio', 'self-hosted/gpu/kernel_ir.sio', 'self-hosted/hlir/ir.sio'] | self-hosted/llvm/type_convert.sio: co-mentions ['HlirTypeBool', 'bool'] layers=['self-hosted/check/layout.sio', 'self-hosted/check/types.sio', 'self-hosted/gpu/kernel_ir.sio', 'self-hosted/hlir/ir.sio']
causaleffect	same_type	2	TypeExprKind@self-hosted/parser/ast.sio:TypeCausalEffect;TypeKind@self-hosted/check/types.sio:TyCausalEffect	MANUAL_BRIDGE: self-hosted/check/check.sio:16257 TypeExprKind::TypeCausalEffect => lower_causal_effect_annotation; types.sio:71 TyCausalEffect
chan	same_type	2	TypeExprKind@self-hosted/parser/ast.sio:TypeChan;TypeKind@self-hosted/check/types.sio:TyChan	self-hosted/check/check.sio: co-mentions ['TyChan', 'TypeChan'] layers=['self-hosted/check/types.sio', 'self-hosted/parser/ast.sio']
contest	same_type	3	HlirTypeKind@self-hosted/hlir/ir.sio:HlirTypeContest;TypeExprKind@self-hosted/parser/ast.sio:TypeContest;TypeKind@self-hosted/check/types.sio:TyContest	self-hosted/check/check.sio: co-mentions ['TyContest', 'TypeContest'] layers=['self-hosted/check/types.sio', 'self-hosted/hlir/ir.sio', 'self-hosted/parser/ast.sio']
counterfactual	same_type	3	HlirTypeKind@self-hosted/hlir/ir.sio:HlirTypeCounterfactual;TypeExprKind@self-hosted/parser/ast.sio:TypeCounterfactual;TypeKind@self-hosted/check/types.sio:TyCounterfactual	self-hosted/check/check.sio: co-mentions ['TyCounterfactual', 'TypeCounterfactual'] layers=['self-hosted/check/types.sio', 'self-hosted/hlir/ir.sio', 'self-hosted/parser/ast.sio'] | self-hosted/llvm/type_convert.sio: co-mentions ['HlirTypeCounterfactual', 'TypeCounterfactual'] layers=['self-hosted/check/types.sio', 'self-hosted/hlir/ir.sio', 'self-hosted/parser/ast.sio']
decisionpolicy	same_type	2	TypeExprKind@self-hosted/parser/ast.sio:TypeDecisionPolicy;TypeKind@self-hosted/check/types.sio:TyDecisionPolicy	self-hosted/check/check.sio: co-mentions ['TyDecisionPolicy', 'TypeDecisionPolicy'] layers=['self-hosted/check/types.sio', 'self-hosted/parser/ast.sio']
deferralpolicy	same_type	2	TypeExprKind@self-hosted/parser/ast.sio:TypeDeferralPolicy;TypeKind@self-hosted/check/types.sio:TyDeferralPolicy	self-hosted/check/check.sio: co-mentions ['TyDeferralPolicy', 'TypeDeferralPolicy'] layers=['self-hosted/check/types.sio', 'self-hosted/parser/ast.sio']
deferred	same_type	2	TypeExprKind@self-hosted/parser/ast.sio:TypeDeferred;TypeKind@self-hosted/check/types.sio:TyDeferred	self-hosted/check/check.sio: co-mentions ['TyDeferred', 'TypeDeferred'] layers=['self-hosted/check/types.sio', 'self-hosted/parser/ast.sio']
diffprivate	same_type	2	TypeExprKind@self-hosted/parser/ast.sio:TypeDiffPrivate;TypeKind@self-hosted/check/types.sio:TyDiffPrivate	self-hosted/check/check.sio: co-mentions ['TyDiffPrivate', 'TypeDiffPrivate'] layers=['self-hosted/check/types.sio', 'self-hosted/parser/ast.sio']
dpbudget	same_type	2	TypeExprKind@self-hosted/parser/ast.sio:TypeDPBudget;TypeKind@self-hosted/check/types.sio:TyDPBudget	self-hosted/check/check.sio: co-mentions ['TyDPBudget', 'TypeDPBudget'] layers=['self-hosted/check/types.sio', 'self-hosted/parser/ast.sio']
f32	same_type	4	GpuType@self-hosted/gpu/kernel_ir.sio:GpuF32;HlirTypeKind@self-hosted/hlir/ir.sio:HlirTypeF32;LayTypeKind@self-hosted/check/layout.sio:TkF32;TypeKind@self-hosted/check/types.sio:TyF32	MANUAL_BRIDGE: TyF32 + HlirTypeF32 + TkF32 + GpuF32 via type_convert.sio
f64	same_type	4	GpuType@self-hosted/gpu/kernel_ir.sio:GpuF64;HlirTypeKind@self-hosted/hlir/ir.sio:HlirTypeF64;LayTypeKind@self-hosted/check/layout.sio:TkF64;TypeKind@self-hosted/check/types.sio:TyF64	self-hosted/check/check.sio: co-mentions ['TyF64', 'f64'] layers=['self-hosted/check/layout.sio', 'self-hosted/check/types.sio', 'self-hosted/gpu/kernel_ir.sio', 'self-hosted/hlir/ir.sio'] | self-hosted/check/types.sio: co-mentions ['TyF64', 'f64'] layers=['self-hosted/check/layout.sio', 'self-hosted/check/types.sio', 'self-hosted/gpu/kernel_ir.sio', 'self-hosted/hlir/ir.sio'] | self-hosted/check/epistemic.sio: co-mentions ['TyF64', 'f64'] layers=['self-hosted/check/layout.sio', 'self-hosted/check/types.sio', 'self-hosted/gpu/kernel_ir.sio', 'self-hosted/hlir/ir.sio']
fn	same_type	4	HlirTypeKind@self-hosted/hlir/ir.sio:HlirTypeFunction;TypeExprKind@self-hosted/parser/ast.sio:TypeFn;TypeKind@self-hosted/check/types.sio:TyFn;TypeKind@self-hosted/compiler/parser.sio:Function	self-hosted/check/check.sio: co-mentions ['Function', 'TyFn', 'TypeFn'] layers=['self-hosted/check/types.sio', 'self-hosted/compiler/parser.sio', 'self-hosted/hlir/ir.sio', 'self-hosted/parser/ast.sio'] | self-hosted/llvm/type_convert.sio: co-mentions ['Function', 'HlirTypeFunction'] layers=['self-hosted/check/types.sio', 'self-hosted/compiler/parser.sio', 'self-hosted/hlir/ir.sio', 'self-hosted/parser/ast.sio']
i128	same_type	2	HlirTypeKind@self-hosted/hlir/ir.sio:HlirTypeI128;TypeKind@self-hosted/check/types.sio:TyI128	self-hosted/check/check.sio: co-mentions ['TyI128', 'i128'] layers=['self-hosted/check/types.sio', 'self-hosted/hlir/ir.sio'] | self-hosted/check/types.sio: co-mentions ['TyI128', 'i128'] layers=['self-hosted/check/types.sio', 'self-hosted/hlir/ir.sio']
i16	same_type	2	HlirTypeKind@self-hosted/hlir/ir.sio:HlirTypeI16;LayTypeKind@self-hosted/check/layout.sio:TkI16	MANUAL_BRIDGE: self-hosted/hlir/ir.sio HlirTypeI16; self-hosted/check/layout.sio TkI16; type_convert I16 arms
i32	same_type	4	GpuType@self-hosted/gpu/kernel_ir.sio:GpuI32;HlirTypeKind@self-hosted/hlir/ir.sio:HlirTypeI32;LayTypeKind@self-hosted/check/layout.sio:TkI32;TypeKind@self-hosted/check/types.sio:TyI32	MANUAL_BRIDGE: TyI32 + HlirTypeI32 + TkI32 + GpuI32 via type_convert.sio + layout.sio
i64	same_type	4	GpuType@self-hosted/gpu/kernel_ir.sio:GpuI64;HlirTypeKind@self-hosted/hlir/ir.sio:HlirTypeI64;LayTypeKind@self-hosted/check/layout.sio:TkI64;TypeKind@self-hosted/check/types.sio:TyI64	self-hosted/check/check.sio: co-mentions ['TyI64', 'i64'] layers=['self-hosted/check/layout.sio', 'self-hosted/check/types.sio', 'self-hosted/gpu/kernel_ir.sio', 'self-hosted/hlir/ir.sio'] | self-hosted/check/types.sio: co-mentions ['TyI64', 'i64'] layers=['self-hosted/check/layout.sio', 'self-hosted/check/types.sio', 'self-hosted/gpu/kernel_ir.sio', 'self-hosted/hlir/ir.sio'] | self-hosted/llvm/type_convert.sio: co-mentions ['HlirTypeI64', 'i64'] layers=['self-hosted/check/layout.sio', 'self-hosted/check/types.sio', 'self-hosted/gpu/kernel_ir.sio', 'self-hosted/hlir/ir.sio']
i8	same_type	3	HlirTypeKind@self-hosted/hlir/ir.sio:HlirTypeI8;LayTypeKind@self-hosted/check/layout.sio:TkI8;TypeKind@self-hosted/check/types.sio:TyI8	MANUAL_BRIDGE: self-hosted/check/types.sio:32 TyI8; self-hosted/llvm/type_convert.sio:96 HlirTypeI8; self-hosted/check/layout.sio:46 TkI8
intervention	same_type	3	HlirTypeKind@self-hosted/hlir/ir.sio:HlirTypeIntervention;TypeExprKind@self-hosted/parser/ast.sio:TypeIntervention;TypeKind@self-hosted/check/types.sio:TyIntervention	self-hosted/check/check.sio: co-mentions ['TyIntervention', 'TypeIntervention'] layers=['self-hosted/check/types.sio', 'self-hosted/hlir/ir.sio', 'self-hosted/parser/ast.sio'] | self-hosted/llvm/type_convert.sio: co-mentions ['HlirTypeIntervention', 'TypeIntervention'] layers=['self-hosted/check/types.sio', 'self-hosted/hlir/ir.sio', 'self-hosted/parser/ast.sio']
knowledge	same_type	3	HlirTypeKind@self-hosted/hlir/ir.sio:HlirTypeKnowledge;TypeExprKind@self-hosted/parser/ast.sio:TypeKnowledge;TypeKind@self-hosted/check/types.sio:TyKnowledge	self-hosted/check/check.sio: co-mentions ['Knowledge', 'TyKnowledge', 'TypeKnowledge'] layers=['self-hosted/check/types.sio', 'self-hosted/hlir/ir.sio', 'self-hosted/parser/ast.sio'] | self-hosted/check/types.sio: co-mentions ['Knowledge', 'TyKnowledge'] layers=['self-hosted/check/types.sio', 'self-hosted/hlir/ir.sio', 'self-hosted/parser/ast.sio'] | self-hosted/check/epistemic.sio: co-mentions ['Knowledge', 'TyKnowledge'] layers=['self-hosted/check/types.sio', 'self-hosted/hlir/ir.sio', 'self-hosted/parser/ast.sio']
lemma	same_type	2	TypeExprKind@self-hosted/parser/ast.sio:TypeLemma;TypeKind@self-hosted/check/types.sio:TyLemma	self-hosted/check/check.sio: co-mentions ['TyLemma', 'TypeLemma'] layers=['self-hosted/check/types.sio', 'self-hosted/parser/ast.sio']
model	same_type	2	TypeExprKind@self-hosted/parser/ast.sio:TypeModel;TypeKind@self-hosted/check/types.sio:TyModel	self-hosted/check/check.sio: co-mentions ['TyModel', 'TypeModel'] layers=['self-hosted/check/types.sio', 'self-hosted/parser/ast.sio']
monitoringpolicy	same_type	2	TypeExprKind@self-hosted/parser/ast.sio:TypeMonitoringPolicy;TypeKind@self-hosted/check/types.sio:TyMonitoringPolicy	self-hosted/check/check.sio: co-mentions ['TyMonitoringPolicy', 'TypeMonitoringPolicy'] layers=['self-hosted/check/types.sio', 'self-hosted/parser/ast.sio']
named	same_type	3	TypeExprKind@self-hosted/parser/ast.sio:TypeNamed;TypeKind@self-hosted/check/types.sio:TyNamed;TypeKind@self-hosted/compiler/parser.sio:Named	self-hosted/check/check.sio: co-mentions ['Named', 'TyNamed', 'TypeNamed'] layers=['self-hosted/check/types.sio', 'self-hosted/compiler/parser.sio', 'self-hosted/parser/ast.sio'] | self-hosted/check/types.sio: co-mentions ['Named', 'TyNamed'] layers=['self-hosted/check/types.sio', 'self-hosted/compiler/parser.sio'] | self-hosted/ir/lower.sio: co-mentions ['Named', 'TypeNamed'] layers=['self-hosted/compiler/parser.sio', 'self-hosted/parser/ast.sio']
never	same_type	3	LayTypeKind@self-hosted/check/layout.sio:TkNever;TypeExprKind@self-hosted/parser/ast.sio:TypeNever;TypeKind@self-hosted/check/types.sio:TyNever	self-hosted/check/check.sio: co-mentions ['TyNever', 'TypeNever'] layers=['self-hosted/check/types.sio', 'self-hosted/parser/ast.sio']
observedtransition	same_type	2	TypeExprKind@self-hosted/parser/ast.sio:TypeObservedTransition;TypeKind@self-hosted/check/types.sio:TyObservedTransition	self-hosted/check/check.sio: co-mentions ['TyObservedTransition', 'TypeObservedTransition'] layers=['self-hosted/check/types.sio', 'self-hosted/parser/ast.sio']
policy	same_type	2	TypeExprKind@self-hosted/parser/ast.sio:TypePolicy;TypeKind@self-hosted/check/types.sio:TyPolicy	self-hosted/check/check.sio: co-mentions ['TyPolicy', 'TypePolicy'] layers=['self-hosted/check/types.sio', 'self-hosted/parser/ast.sio']
potentialoutcome	same_type	2	TypeExprKind@self-hosted/parser/ast.sio:TypePotentialOutcome;TypeKind@self-hosted/check/types.sio:TyPotentialOutcome	self-hosted/check/check.sio: co-mentions ['TyPotentialOutcome', 'TypePotentialOutcome'] layers=['self-hosted/check/types.sio', 'self-hosted/parser/ast.sio']
proof	same_type	2	TypeExprKind@self-hosted/parser/ast.sio:TypeProof;TypeKind@self-hosted/check/types.sio:TyProof	self-hosted/check/check.sio: co-mentions ['TyProof', 'TypeProof'] layers=['self-hosted/check/types.sio', 'self-hosted/parser/ast.sio']
rawptr	same_type	5	GpuType@self-hosted/gpu/kernel_ir.sio:GpuPtr;HlirTypeKind@self-hosted/hlir/ir.sio:HlirTypePtr;LayTypeKind@self-hosted/check/layout.sio:TkPtr;TypeExprKind@self-hosted/parser/ast.sio:TypeRawPtr;TypeKind@self-hosted/check/types.sio:TyRawPtr	self-hosted/check/check.sio: co-mentions ['TyRawPtr', 'TypeRawPtr'] layers=['self-hosted/check/layout.sio', 'self-hosted/check/types.sio', 'self-hosted/gpu/kernel_ir.sio', 'self-hosted/hlir/ir.sio', 'self-hosted/parser/ast.sio']
recourseplan	same_type	2	TypeExprKind@self-hosted/parser/ast.sio:TypeRecoursePlan;TypeKind@self-hosted/check/types.sio:TyRecoursePlan	self-hosted/check/check.sio: co-mentions ['TyRecoursePlan', 'TypeRecoursePlan'] layers=['self-hosted/check/types.sio', 'self-hosted/parser/ast.sio']
recoursepolicy	same_type	2	TypeExprKind@self-hosted/parser/ast.sio:TypeRecoursePolicy;TypeKind@self-hosted/check/types.sio:TyRecoursePolicy	self-hosted/check/check.sio: co-mentions ['TyRecoursePolicy', 'TypeRecoursePolicy'] layers=['self-hosted/check/types.sio', 'self-hosted/parser/ast.sio']
ref	same_type	3	LayTypeKind@self-hosted/check/layout.sio:TkRef;TypeKind@self-hosted/check/types.sio:TyRef;TypeKind@self-hosted/compiler/parser.sio:Ref	self-hosted/check/check.sio: co-mentions ['Ref', 'TyRef'] layers=['self-hosted/check/types.sio', 'self-hosted/compiler/parser.sio'] | self-hosted/check/types.sio: co-mentions ['Ref', 'TyRef'] layers=['self-hosted/check/types.sio', 'self-hosted/compiler/parser.sio'] | self-hosted/check/layout.sio: co-mentions ['Ref', 'TkRef'] layers=['self-hosted/check/layout.sio', 'self-hosted/compiler/parser.sio']
refmut	same_type	4	LayTypeKind@self-hosted/check/layout.sio:TkMutRef;TypeExprKind@self-hosted/parser/ast.sio:TypeRefMut;TypeKind@self-hosted/check/types.sio:TyRefMut;TypeKind@self-hosted/compiler/parser.sio:RefMut	self-hosted/check/check.sio: co-mentions ['RefMut', 'TyRefMut', 'TypeRefMut'] layers=['self-hosted/check/layout.sio', 'self-hosted/check/types.sio', 'self-hosted/compiler/parser.sio', 'self-hosted/parser/ast.sio'] | self-hosted/check/types.sio: co-mentions ['RefMut', 'TyRefMut'] layers=['self-hosted/check/layout.sio', 'self-hosted/check/types.sio', 'self-hosted/compiler/parser.sio', 'self-hosted/parser/ast.sio'] | self-hosted/ir/lower.sio: co-mentions ['RefMut', 'TypeRefMut'] layers=['self-hosted/check/layout.sio', 'self-hosted/check/types.sio', 'self-hosted/compiler/parser.sio', 'self-hosted/parser/ast.sio']
robust	same_type	3	HlirTypeKind@self-hosted/hlir/ir.sio:HlirTypeRobust;TypeExprKind@self-hosted/parser/ast.sio:TypeRobust;TypeKind@self-hosted/check/types.sio:TyRobust	self-hosted/check/check.sio: co-mentions ['TyRobust', 'TypeRobust'] layers=['self-hosted/check/types.sio', 'self-hosted/hlir/ir.sio', 'self-hosted/parser/ast.sio']
rollbackcertificate	same_type	2	TypeExprKind@self-hosted/parser/ast.sio:TypeRollbackCertificate;TypeKind@self-hosted/check/types.sio:TyRollbackCertificate	self-hosted/check/check.sio: co-mentions ['TyRollbackCertificate', 'TypeRollbackCertificate'] layers=['self-hosted/check/types.sio', 'self-hosted/parser/ast.sio']
session	same_type	2	TypeExprKind@self-hosted/parser/ast.sio:TypeSession;TypeKind@self-hosted/check/types.sio:TySession	self-hosted/check/check.sio: co-mentions ['TySession', 'TypeSession'] layers=['self-hosted/check/types.sio', 'self-hosted/parser/ast.sio']
struct	same_type	2	HlirTypeKind@self-hosted/hlir/ir.sio:HlirTypeStruct;LayTypeKind@self-hosted/check/layout.sio:TkStruct	MANUAL_BRIDGE: HlirTypeStruct + TkStruct; layout.sio + hlir — nominal aggregate
transitionplan	same_type	2	TypeExprKind@self-hosted/parser/ast.sio:TypeTransitionPlan;TypeKind@self-hosted/check/types.sio:TyTransitionPlan	self-hosted/check/check.sio: co-mentions ['TyTransitionPlan', 'TypeTransitionPlan'] layers=['self-hosted/check/types.sio', 'self-hosted/parser/ast.sio']
transitionpolicy	same_type	2	TypeExprKind@self-hosted/parser/ast.sio:TypeTransitionPolicy;TypeKind@self-hosted/check/types.sio:TyTransitionPolicy	self-hosted/check/check.sio: co-mentions ['TyTransitionPolicy', 'TypeTransitionPolicy'] layers=['self-hosted/check/types.sio', 'self-hosted/parser/ast.sio']
tuple	same_type	5	HlirTypeKind@self-hosted/hlir/ir.sio:HlirTypeTuple;LayTypeKind@self-hosted/check/layout.sio:TkTuple;TypeExprKind@self-hosted/parser/ast.sio:TypeTuple;TypeKind@self-hosted/check/types.sio:TyTuple;TypeKind@self-hosted/compiler/parser.sio:Tuple	self-hosted/check/check.sio: co-mentions ['Tuple', 'TyTuple', 'TypeTuple'] layers=['self-hosted/check/types.sio', 'self-hosted/compiler/parser.sio', 'self-hosted/parser/ast.sio'] | self-hosted/check/types.sio: co-mentions ['Tuple', 'TyTuple'] layers=['self-hosted/check/types.sio', 'self-hosted/compiler/parser.sio'] | self-hosted/ir/lower.sio: co-mentions ['Tuple', 'TypeTuple'] layers=['self-hosted/compiler/parser.sio', 'self-hosted/parser/ast.sio']
u128	same_type	2	HlirTypeKind@self-hosted/hlir/ir.sio:HlirTypeU128;TypeKind@self-hosted/check/types.sio:TyU128	self-hosted/check/check.sio: co-mentions ['TyU128', 'u128'] layers=['self-hosted/check/types.sio', 'self-hosted/hlir/ir.sio'] | self-hosted/check/types.sio: co-mentions ['TyU128', 'u128'] layers=['self-hosted/check/types.sio', 'self-hosted/hlir/ir.sio']
u32	same_type	3	GpuType@self-hosted/gpu/kernel_ir.sio:GpuU32;HlirTypeKind@self-hosted/hlir/ir.sio:HlirTypeU32;TypeKind@self-hosted/check/types.sio:TyU32	self-hosted/check/check.sio: co-mentions ['GpuU32', 'TyU32'] layers=['self-hosted/check/types.sio', 'self-hosted/gpu/kernel_ir.sio']
u64	same_type	3	GpuType@self-hosted/gpu/kernel_ir.sio:GpuU64;HlirTypeKind@self-hosted/hlir/ir.sio:HlirTypeU64;TypeKind@self-hosted/check/types.sio:TyU64	MANUAL_BRIDGE: TyU64 + HlirTypeU64 + GpuU64 via type_convert.sio
u8	same_type	2	HlirTypeKind@self-hosted/hlir/ir.sio:HlirTypeU8;TypeKind@self-hosted/check/types.sio:TyU8	MANUAL_BRIDGE: TyU8 + HlirTypeU8 via type_convert.sio
unit	same_type	5	HlirTypeKind@self-hosted/hlir/ir.sio:HlirTypeVoid;LayTypeKind@self-hosted/check/layout.sio:TkUnit;TypeExprKind@self-hosted/parser/ast.sio:TypeUnit;TypeKind@self-hosted/check/types.sio:TyUnit;TypeKind@self-hosted/compiler/parser.sio:Unit	self-hosted/check/check.sio: co-mentions ['TyUnit', 'TypeUnit', 'Unit'] layers=['self-hosted/check/layout.sio', 'self-hosted/check/types.sio', 'self-hosted/compiler/parser.sio', 'self-hosted/hlir/ir.sio', 'self-hosted/parser/ast.sio'] | self-hosted/check/types.sio: co-mentions ['TyUnit', 'Unit'] layers=['self-hosted/check/layout.sio', 'self-hosted/check/types.sio', 'self-hosted/compiler/parser.sio', 'self-hosted/hlir/ir.sio', 'self-hosted/parser/ast.sio'] | self-hosted/ir/lower.sio: co-mentions ['TypeUnit', 'Unit'] layers=['self-hosted/check/layout.sio', 'self-hosted/check/types.sio', 'self-hosted/compiler/parser.sio', 'self-hosted/hlir/ir.sio', 'self-hosted/parser/ast.sio']
unknown	same_type	2	TypeExprKind@self-hosted/parser/ast.sio:TypeInfer;TypeKind@self-hosted/check/types.sio:TyUnknown	self-hosted/check/check.sio: co-mentions ['TyUnknown', 'TypeInfer'] layers=['self-hosted/check/types.sio', 'self-hosted/parser/ast.sio']
validated	same_type	3	HlirTypeKind@self-hosted/hlir/ir.sio:HlirTypeValidated;TypeExprKind@self-hosted/parser/ast.sio:TypeValidated;TypeKind@self-hosted/check/types.sio:TyValidated	self-hosted/check/check.sio: co-mentions ['TyValidated', 'TypeValidated'] layers=['self-hosted/check/types.sio', 'self-hosted/hlir/ir.sio', 'self-hosted/parser/ast.sio'] | self-hosted/llvm/type_convert.sio: co-mentions ['HlirTypeValidated', 'TypeValidated'] layers=['self-hosted/check/types.sio', 'self-hosted/hlir/ir.sio', 'self-hosted/parser/ast.sio']
