patient_id,age,sex,weight_kg,height_cm,scr_mg_dl,crcl_ml_min,dose_mg,interval_h,measured_cmin_mg_l,sofa,nephrotoxic_coexposure,outcome_cure,outcome_aki_kdigo
P001,58,M,78.5,178,1.1,68,1000,12,15.4,7,0,1,0
P002,72,F,62.0,162,1.4,38,1000,12,18.9,9,1,1,1
P003,45,M,95.0,182,0.9,108,1500,12,12.1,5,0,1,0
P004,67,F,55.0,158,1.6,28,750,24,16.8,8,0,1,0
P005,39,M,82.0,175,1.0,95,1000,8,11.7,4,0,1,0
P006,71,M,68.0,170,1.8,32,750,24,21.3,11,1,0,1
P007,55,F,72.0,168,1.2,52,1000,12,14.2,6,0,1,0
P008,29,M,90.0,185,0.8,135,1500,8,10.4,3,0,1,0
P009,84,F,48.0,155,2.1,18,500,24,19.8,12,1,0,1
P010,52,M,76.0,176,1.0,82,1000,12,13.5,7,0,1,0
P011,63,F,65.0,160,1.5,38,750,12,17.6,10,1,1,0
P012,77,M,71.0,170,1.7,32,750,24,20.1,9,0,1,1
P013,49,F,58.0,162,1.1,58,1000,12,14.7,6,0,1,0
P014,66,M,88.0,180,1.3,68,1250,12,15.9,8,1,1,0
P015,42,M,79.0,176,0.9,98,1000,8,12.3,5,0,1,0
P016,73,F,52.0,156,1.9,22,500,24,18.2,11,1,0,1
P017,58,M,84.0,178,1.0,88,1500,12,16.4,7,0,1,0
P018,69,F,67.0,164,1.4,42,1000,24,19.1,9,0,1,0
P019,38,M,73.0,174,0.8,118,1000,8,11.0,4,0,1,0
P020,75,F,49.0,154,2.0,18,500,24,22.6,12,1,0,1
