model	seed	site	subjects	accuracy_pct	balanced_accuracy_pct	macro_f1_pct	auroc_pct	brier	ece_pct	assoc_mean
H-SSM	11111	OHSU	10	80.0	50.0	44.444444	0.0	0.21488337	36.5728	0.0
H-SSM	11111	OLIN	34	44.117647	50.0	30.612245	0.0	0.30426636	12.261647	0.0
H-SSM	11111	PITT	56	51.785714	50.0	34.117647	0.0	0.26102079	10.648786	0.0
H-SSM	11223	OHSU	10	20.0	50.0	16.666667	0.0	0.46048158	54.8162	0.0
H-SSM	11223	OLIN	34	55.882353	50.0	35.849057	0.0	0.24667564	1.165553	0.0
H-SSM	11223	PITT	56	51.785714	50.0	34.117647	0.0	0.27153361	14.782586	0.0
H-SSM	12321	OHSU	10	20.0	50.0	16.666667	0.0	0.26341048	32.1575	0.0
H-SSM	12321	OLIN	34	44.117647	50.0	30.612245	0.0	0.28081199	6.748047	0.0
H-SSM	12321	PITT	56	48.214286	50.0	32.53012	0.0	0.26234843	7.683486	0.0
H-SSM	13579	OHSU	10	20.0	50.0	16.666667	0.0	0.37244264	46.0915	0.0
H-SSM	13579	OLIN	34	44.117647	50.0	30.612245	0.0	0.268045	2.899947	0.0
H-SSM	13579	PITT	56	48.214286	50.0	32.53012	0.0	0.31944374	22.841186	0.0
H-SSM	22222	OHSU	10	20.0	50.0	16.666667	0.0	0.3096831	38.6889	0.0
H-SSM	22222	OLIN	34	44.117647	50.0	30.612245	0.0	0.2591548	0.533053	0.0
H-SSM	22222	PITT	56	48.214286	50.0	32.53012	0.0	0.25141419	0.591586	0.0
H-SSM	24680	OHSU	10	20.0	50.0	16.666667	0.0	0.34320626	42.8026	0.0
H-SSM	24680	OLIN	34	44.117647	50.0	30.612245	0.0	0.26517	1.884547	0.0
H-SSM	24680	PITT	56	51.785714	50.0	34.117647	0.0	0.25010737	2.064586	0.0
H-SSM	27182	OHSU	10	80.0	50.0	44.444444	0.0	0.1628211	54.6886	0.0
H-SSM	27182	OLIN	34	44.117647	50.0	30.612245	0.0	0.33514277	18.001547	0.0
H-SSM	27182	PITT	56	51.785714	50.0	34.117647	0.0	0.26100844	10.642986	0.0
H-SSM	31415	OHSU	10	20.0	50.0	16.666667	0.0	0.42456415	51.4358	0.0
H-SSM	31415	OLIN	34	44.117647	50.0	30.612245	0.0	0.26527169	1.921747	0.0
H-SSM	31415	PITT	56	48.214286	50.0	32.53012	0.0	0.26320103	8.056086	0.0
H-SSM	33333	OHSU	10	20.0	50.0	16.666667	0.0	0.26337768	32.1524	0.0
H-SSM	33333	OLIN	34	44.117647	50.0	30.612245	0.0	0.36669044	22.898047	0.0
H-SSM	33333	PITT	56	51.785714	50.0	34.117647	0.0	0.25040623	2.692786	0.0
H-SSM	44444	OHSU	10	80.0	50.0	44.444444	0.0	0.2005076	39.8735	0.0
H-SSM	44444	OLIN	34	55.882353	50.0	35.849057	0.0	0.24805094	3.887347	0.0
H-SSM	44444	PITT	56	48.214286	50.0	32.53012	0.0	0.25122672	0.359986	0.0
H-SSM	44567	OHSU	10	20.0	50.0	16.666667	0.0	0.37448754	46.3128	0.0
H-SSM	44567	OLIN	34	44.117647	50.0	30.612245	0.0	0.27666444	5.591747	0.0
H-SSM	44567	PITT	56	48.214286	50.0	32.53012	0.0	0.26325154	8.077786	0.0
H-SSM	54321	OHSU	10	20.0	50.0	16.666667	0.0	0.35172839	43.7868	0.0
H-SSM	54321	OLIN	34	44.117647	50.0	30.612245	0.0	0.30804654	13.035847	0.0
H-SSM	54321	PITT	56	48.214286	50.0	32.53012	0.0	0.27407492	12.047086	0.0
H-SSM	55555	OHSU	10	20.0	50.0	16.666667	0.0	0.29837805	37.1992	0.0
H-SSM	55555	OLIN	34	44.117647	50.0	30.612245	0.0	0.25533571	2.386053	0.0
H-SSM	55555	PITT	56	51.785714	50.0	34.117647	0.0	0.25162169	4.405186	0.0
H-SSM	66666	OHSU	10	80.0	50.0	44.444444	0.0	0.24193792	31.3752	0.0
H-SSM	66666	OLIN	34	55.882353	50.0	35.849057	0.0	0.24848033	4.405153	0.0
H-SSM	66666	PITT	56	48.214286	50.0	32.53012	0.0	0.2597995	6.487586	0.0
H-SSM	67890	OHSU	10	20.0	50.0	16.666667	0.0	0.31196119	38.9822	0.0
H-SSM	67890	OLIN	34	55.882353	50.0	35.849057	0.0	0.2472925	2.743553	0.0
H-SSM	67890	PITT	56	48.214286	50.0	32.53012	0.0	0.26523723	8.900986	0.0
H-SSM	77777	OHSU	10	20.0	50.0	16.666667	0.0	0.39967389	48.9565	0.0
H-SSM	77777	OLIN	34	44.117647	50.0	30.612245	0.0	0.25513726	2.492453	0.0
H-SSM	77777	PITT	56	48.214286	50.0	32.53012	0.0	0.30101878	19.086386	0.0
H-SSM	77889	OHSU	10	80.0	50.0	44.444444	0.0	0.23854287	31.9745	0.0
H-SSM	77889	OLIN	34	44.117647	50.0	30.612245	0.0	0.26361667	1.303147	0.0
H-SSM	77889	PITT	56	48.214286	50.0	32.53012	0.0	0.28415824	14.996586	0.0
H-SSM	88888	OHSU	10	20.0	50.0	16.666667	0.0	0.45718416	54.5146	0.0
H-SSM	88888	OLIN	34	44.117647	50.0	30.612245	0.0	0.28923927	8.899147	0.0
H-SSM	88888	PITT	56	51.785714	50.0	34.117647	0.0	0.25342997	6.122786	0.0
H-SSM	99001	OHSU	10	20.0	50.0	16.666667	0.0	0.40398759	49.3951	0.0
H-SSM	99001	OLIN	34	55.882353	50.0	35.849057	0.0	0.25472217	9.045647	0.0
H-SSM	99001	PITT	56	48.214286	50.0	32.53012	0.0	0.29874964	18.579986	0.0
H-SSM	99887	OHSU	10	20.0	50.0	16.666667	0.0	0.25621597	31.0187	0.0
H-SSM	99887	OLIN	34	44.117647	50.0	30.612245	0.0	0.31119024	13.661747	0.0
H-SSM	99887	PITT	56	51.785714	50.0	34.117647	0.0	0.25224998	5.068386	0.0
O-SSM	11111	OHSU	10	60.0	37.5	37.5	56.25	0.19548211	56.37444	1.346916
O-SSM	11111	OLIN	34	44.117647	50.0	30.612245	32.280702	0.3472945	17.880688	0.778403
O-SSM	11111	PITT	56	51.785714	52.93742	46.891465	49.936143	0.30980589	22.796407	1.093001
O-SSM	11223	OHSU	10	20.0	50.0	16.666667	56.25	0.37982513	47.19212	1.234226
O-SSM	11223	OLIN	34	38.235294	40.526316	36.870027	34.736842	0.26927379	9.332388	0.742756
O-SSM	11223	PITT	56	48.214286	47.06258	41.477477	46.104725	0.29937947	16.928957	1.128542
O-SSM	12321	OHSU	10	70.0	62.5	60.0	68.75	0.24817064	52.13474	1.121276
O-SSM	12321	OLIN	34	64.705882	64.912281	64.583333	68.77193	0.23159392	15.423318	0.695627
O-SSM	12321	PITT	56	55.357143	56.51341	50.82543	47.89272	0.31528793	25.42607	1.21041
O-SSM	13579	OHSU	10	20.0	50.0	16.666667	68.75	0.31540112	39.7396	1.064231
O-SSM	13579	OLIN	34	44.117647	50.0	30.612245	36.491228	0.28813675	6.518765	0.757199
O-SSM	13579	PITT	56	51.785714	53.448276	39.784946	52.362708	0.33525838	28.195727	1.107897
O-SSM	22222	OHSU	10	50.0	31.25	33.333333	56.25	0.26676828	44.02993	1.091471
O-SSM	22222	OLIN	34	44.117647	50.0	30.612245	66.315789	0.265707	3.100091	0.82188
O-SSM	22222	PITT	56	51.785714	53.065134	45.513514	60.153257	0.27641893	21.759295	1.164672
O-SSM	24680	OHSU	10	20.0	50.0	16.666667	68.75	0.42430548	51.51401	1.142727
O-SSM	24680	OLIN	34	44.117647	50.0	30.612245	67.719298	0.28256714	25.217521	0.70493
O-SSM	24680	PITT	56	53.571429	54.533844	50.47619	54.022989	0.29920571	23.192593	1.225428
O-SSM	27182	OHSU	10	60.0	37.5	37.5	75.0	0.20668498	61.1282	1.264825
O-SSM	27182	OLIN	34	44.117647	50.0	30.612245	68.77193	0.3489883	24.033565	0.72818
O-SSM	27182	PITT	56	53.571429	54.533844	50.47619	49.808429	0.31559753	22.876234	1.09353
O-SSM	31415	OHSU	10	20.0	50.0	16.666667	25.0	0.46664488	55.35678	1.1869
O-SSM	31415	OLIN	34	44.117647	49.298246	34.549139	31.929825	0.36004493	19.323856	0.741933
O-SSM	31415	PITT	56	53.571429	54.916986	46.783626	49.425287	0.33608434	27.626902	1.207077
O-SSM	33333	OHSU	10	60.0	37.5	37.5	50.0	0.2190563	40.17448	1.188355
O-SSM	33333	OLIN	34	44.117647	50.0	30.612245	65.263158	0.32595525	22.317644	0.831177
O-SSM	33333	PITT	56	44.642857	45.019157	44.198007	49.16986	0.29976996	17.245809	1.174131
O-SSM	44444	OHSU	10	70.0	43.75	41.176471	56.25	0.18820278	61.24314	1.081768
O-SSM	44444	OLIN	34	64.705882	64.210526	64.210526	66.666667	0.23902829	14.371394	0.819716
O-SSM	44444	PITT	56	46.428571	46.998723	45.3125	45.59387	0.29963614	17.691404	1.147587
O-SSM	44567	OHSU	10	20.0	50.0	16.666667	31.25	0.44685538	53.23177	1.054619
O-SSM	44567	OLIN	34	44.117647	50.0	30.612245	67.719298	0.2898602	12.264671	0.812264
O-SSM	44567	PITT	56	51.785714	53.065134	45.513514	49.553001	0.29633976	18.085536	1.113314
O-SSM	54321	OHSU	10	60.0	56.25	52.380952	62.5	0.24063573	45.47719	1.188448
O-SSM	54321	OLIN	34	44.117647	49.298246	34.549139	29.473684	0.28803818	5.714279	0.803518
O-SSM	54321	PITT	56	53.571429	54.916986	46.783626	52.362708	0.34819959	31.210537	1.281427
O-SSM	55555	OHSU	10	30.0	56.25	29.292929	50.0	0.33740786	43.63845	1.258893
O-SSM	55555	OLIN	34	41.176471	44.561404	37.728938	32.631579	0.29503538	15.253035	0.846301
O-SSM	55555	PITT	56	50.0	50.191571	49.936143	50.319285	0.30887158	27.417434	1.072834
O-SSM	66666	OHSU	10	60.0	37.5	37.5	68.75	0.19349405	49.83513	1.129551
O-SSM	66666	OLIN	34	38.235294	37.017544	36.870027	30.877193	0.28061234	14.138974	0.789159
O-SSM	66666	PITT	56	53.571429	54.789272	48.221906	43.039591	0.35806844	28.144371	1.223746
O-SSM	67890	OHSU	10	40.0	43.75	37.5	56.25	0.27301322	51.01676	1.206268
O-SSM	67890	OLIN	34	64.705882	62.807018	62.637363	68.070175	0.22827467	13.422938	0.785728
O-SSM	67890	PITT	56	50.0	51.085568	45.555556	50.957854	0.30079716	20.767837	1.206472
O-SSM	77777	OHSU	10	20.0	50.0	16.666667	62.5	0.33558629	42.44178	0.774998
O-SSM	77777	OLIN	34	44.117647	50.0	30.612245	65.263158	0.2602268	11.294826	0.775601
O-SSM	77777	PITT	56	53.571429	55.0447	45.098039	54.278416	0.33197478	29.49103	1.088922
O-SSM	77889	OHSU	10	70.0	62.5	60.0	68.75	0.21014496	64.7086	1.21406
O-SSM	77889	OLIN	34	61.764706	62.982456	61.731602	66.666667	0.24055673	16.9954	0.791379
O-SSM	77889	PITT	56	50.0	51.340996	42.690058	53.128991	0.33904622	28.657648	1.092335
O-SSM	88888	OHSU	10	20.0	50.0	16.666667	62.5	0.52089711	60.30816	1.192467
O-SSM	88888	OLIN	34	61.764706	61.578947	61.46469	60.701754	0.23953787	12.838006	0.816247
O-SSM	88888	PITT	56	53.571429	52.234994	45.098039	49.553001	0.26071694	13.924698	1.063201
O-SSM	99001	OHSU	10	20.0	50.0	16.666667	68.75	0.4981043	58.5783	1.085166
O-SSM	99001	OLIN	34	55.882353	50.0	35.849057	36.140351	0.27027599	14.377679	0.782717
O-SSM	99001	PITT	56	53.571429	55.0447	45.098039	46.871009	0.34139461	33.167023	1.178591
O-SSM	99887	OHSU	10	70.0	62.5	60.0	75.0	0.18579243	71.96324	1.342186
O-SSM	99887	OLIN	34	44.117647	50.0	30.612245	64.561404	0.30913845	17.827035	0.81827
O-SSM	99887	PITT	56	51.785714	53.065134	45.513514	41.507024	0.3550081	24.831923	1.0811
