file	a_compile	nv2_compile	a_run	nv2_run	stdout_match	exit_match	category
examples/oct_permutation_test.sio	1	3	-	-	-	-	both_fail
examples/ekan_knowledge.sio	0	3	0	-	-	-	nv2_compile
examples/simple_test.sio	0	3	0	-	-	-	nv2_compile
examples/qnn_example.sio	1	3	-	-	-	-	both_fail
examples/optimize/differential_evolution_demo.sio	1	3	-	-	-	-	both_fail
examples/optimize/nelder_mead_demo.sio	1	3	-	-	-	-	both_fail
examples/optimize/levenberg_marquardt_demo.sio	1	3	-	-	-	-	both_fail
examples/optimize/bfgs_demo.sio	1	3	-	-	-	-	both_fail
examples/optimize/uncertainty_demo.sio	0	3	1	-	-	-	nv2_compile
examples/optimize/mod_demo.sio	0	0	0	0	1	1	ok
examples/computational_psychiatry_demo.sio	0	3	0	-	-	-	nv2_compile
examples/lean_mini_compiler.sio	0	3	0	-	-	-	nv2_compile
examples/epistemic_ddi_simulator.sio	0	3	0	-	-	-	nv2_compile
examples/octonion_ssm.sio	0	3	0	-	-	-	nv2_compile
examples/glm_optimization_demo.sio	1	3	-	-	-	-	both_fail
examples/fusion/eeg_fmri_demo.sio	1	3	-	-	-	-	both_fail
examples/t7_sign_function.sio	0	3	0	-	-	-	nv2_compile
examples/virus_theorem.sio	0	3	0	-	-	-	nv2_compile
examples/sedenion_ssm_16ch_eeg.sio	0	3	0	-	-	-	nv2_compile
examples/oct_signed_test.sio	1	3	-	-	-	-	both_fail
examples/distributed_build.sio	1	3	-	-	-	-	both_fail
examples/ekan_advanced_ablation.sio	0	3	0	-	-	-	nv2_compile
examples/darwin_compat_test.sio	1	3	-	-	-	-	both_fail
examples/oct_connectome_demo.sio	0	3	0	-	-	-	nv2_compile
examples/time/mod_demo.sio	1	3	-	-	-	-	both_fail
examples/hssm_deep_listops.sio	0	3	0	-	-	-	nv2_compile
examples/brain_ossm_classifier.sio	0	3	0	-	-	-	nv2_compile
examples/wave2_causal_simpson.sio	0	3	0	-	-	-	nv2_compile
examples/knowledge_associator.sio	0	3	0	-	-	-	nv2_compile
examples/native/fib.sio	0	3	0	-	-	-	nv2_compile
examples/native/struct_basic.sio	0	0	0	0	trim	1	ok
examples/native/struct_param.sio	0	0	0	0	trim	1	ok
examples/native/array_basics.sio	0	0	139	0	0	0	a_bug
examples/native/while_loop.sio	0	0	0	0	0	1	nv2_run
examples/native/enum_match.sio	0	0	0	0	trim	1	ok
examples/native/float_ops.sio	0	0	0	0	1	1	ok
examples/native/float_arith.sio	0	0	0	0	1	1	ok
examples/native/nested_field.sio	0	0	0	0	trim	1	ok
examples/native/fibonacci.sio	0	3	0	-	-	-	nv2_compile
examples/native/logical_ops.sio	0	0	0	0	trim	1	ok
examples/native/mutvar.sio	0	0	0	0	trim	1	ok
examples/native/hello.sio	0	0	0	0	trim	1	ok
examples/native/struct_return.sio	0	0	0	0	trim	1	ok
examples/native/struct_mutation.sio	0	0	0	0	trim	1	ok
examples/zd_forgettable_training.sio	0	3	0	-	-	-	nv2_compile
examples/sedenion_ssm_ablation.sio	1	3	-	-	-	-	both_fail
examples/fractal_g2_ossm.sio	0	3	124	-	-	-	nv2_compile
examples/dissertation_plot.sio	0	3	0	-	-	-	nv2_compile
examples/epistemic_lm_100k.sio	0	3	0	-	-	-	nv2_compile
examples/ekan_wine_uci.sio	1	3	-	-	-	-	both_fail
examples/render/causal_dag.sio	1	3	-	-	-	-	both_fail
examples/render/triangle_ppm.sio	0	3	0	-	-	-	nv2_compile
examples/render/quaternion_rotation.sio	1	3	-	-	-	-	both_fail
examples/render/uncertainty_field.sio	0	3	0	-	-	-	nv2_compile
examples/render/uncertainty_ppm.sio	0	3	0	-	-	-	nv2_compile
examples/render/triangle_basic.sio	0	3	0	-	-	-	nv2_compile
examples/render/cube_wireframe.sio	1	3	-	-	-	-	both_fail
examples/ml/autodiff_demo.sio	0	3	139	-	-	-	nv2_compile
examples/epistemic_propagation.sio	0	3	0	-	-	-	nv2_compile
examples/test_one_qnn_intrinsic.sio	0	3	0	-	-	-	nv2_compile
examples/oct_associator_ddi_drugbank.sio	0	3	0	-	-	-	nv2_compile
examples/conjecture3_weak_values.sio	0	3	0	-	-	-	nv2_compile
examples/oct_associator_ddi.sio	0	3	0	-	-	-	nv2_compile
examples/io/argparse_demo.sio	0	3	1	-	-	-	nv2_compile
examples/lean_utils_self_host.sio	0	3	63	-	-	-	nv2_compile
examples/zd_antiwindup_pid.sio	0	3	0	-	-	-	nv2_compile
examples/gpu.sio	0	3	0	-	-	-	nv2_compile
examples/beta_epistemic.sio	1	3	-	-	-	-	both_fail
examples/epistemic_quantum_vqe.sio	1	3	-	-	-	-	both_fail
examples/sedenion_boundary.sio	1	3	-	-	-	-	both_fail
examples/test_jacobian_simple.sio	0	3	0	-	-	-	nv2_compile
examples/epistemic_mcts_full.sio	1	3	-	-	-	-	both_fail
examples/darwin_pbpk/rodgers_rowland_demo.sio	1	3	-	-	-	-	both_fail
examples/darwin_pbpk/tsit5_pbpk14_demo.sio	0	3	1	-	-	-	nv2_compile
examples/darwin_pbpk/simulation_demo.sio	1	3	-	-	-	-	both_fail
examples/g2_projection_preictal.sio	1	3	-	-	-	-	both_fail
examples/wave2_autodiff_simple.sio	1	3	-	-	-	-	both_fail
examples/sorting_k_sweep.sio	0	3	0	-	-	-	nv2_compile
examples/lsp_demo.sio	1	3	-	-	-	-	both_fail
examples/lethal_dose_sedenion.sio	1	3	-	-	-	-	both_fail
examples/epistemic_kan_trained.sio	0	3	0	-	-	-	nv2_compile
examples/sedenion_ssm_edge_annihilation.sio	0	3	0	-	-	-	nv2_compile
examples/door_f_assoc_preictal_chb03.sio	0	3	0	-	-	-	nv2_compile
examples/epistemic_gpu_pipeline.sio	1	3	-	-	-	-	both_fail
examples/test_autodiff_hyp_complete.sio	1	3	-	-	-	-	both_fail
examples/listops_3way_benchmark.sio	0	3	0	-	-	-	nv2_compile
examples/ofssm_benchmark.sio	0	3	0	-	-	-	nv2_compile
examples/native_epistemic_pk.sio	0	3	63	-	-	-	nv2_compile
examples/cosine_theorem_proof.sio	0	3	0	-	-	-	nv2_compile
examples/ppcr_neural_net_demo.sio	0	3	0	-	-	-	nv2_compile
examples/epistemic_lm_32k.sio	0	3	0	-	-	-	nv2_compile
examples/connectome_abide_associator.sio	1	3	-	-	-	-	both_fail
examples/pbpk_simple.sio	0	3	0	-	-	-	nv2_compile
examples/sleep_orbit_demo.sio	0	3	139	-	-	-	nv2_compile
examples/sedenion_ssm_seizure_chb05.sio	1	3	-	-	-	-	both_fail
examples/linalg_demo.sio	1	3	-	-	-	-	both_fail
examples/epistemic_ml_demo.sio	1	3	-	-	-	-	both_fail
examples/zd_ratio_sweep.sio	0	3	124	-	-	-	nv2_compile
examples/uncertainty.sio	1	3	-	-	-	-	both_fail
examples/bracket_l_sweep.sio	0	3	0	-	-	-	nv2_compile
examples/ossm_adam_sweep.sio	0	3	0	-	-	-	nv2_compile
examples/ossm_order_sensitivity.sio	0	3	0	-	-	-	nv2_compile
examples/wave3_pinn_heat.sio	1	3	-	-	-	-	both_fail
examples/qnn_complete_demo.sio	1	3	-	-	-	-	both_fail
examples/day21_build_system.sio	1	3	-	-	-	-	both_fail
examples/epistemic_kan.sio	0	3	0	-	-	-	nv2_compile
examples/hsi_sedenion_demo.sio	1	3	-	-	-	-	both_fail
examples/multi_feature_training_example.sio	1	3	-	-	-	-	both_fail
examples/minimal.sio	0	0	42	42	1	1	ok
examples/run_sedenion_benchmark.sio	0	3	0	-	-	-	nv2_compile
examples/ossm_vs_qssm_ablation.sio	0	3	0	-	-	-	nv2_compile
examples/unified_closure_demo.sio	0	3	0	-	-	-	nv2_compile
examples/sedenion_wirtinger_theorem.sio	1	3	-	-	-	-	both_fail
examples/ossm_scaled_lm.sio	0	3	0	-	-	-	nv2_compile
examples/units_simple.sio	1	3	-	-	-	-	both_fail
examples/kernel_source_level.sio	1	0	-	0	-	-	a_only
examples/test_array_repeat.sio	0	3	0	-	-	-	nv2_compile
examples/dissertation_pbpk_rapamycin.sio	0	3	0	-	-	-	nv2_compile
examples/simulation/nbody.sio	0	3	0	-	-	-	nv2_compile
examples/ffi_demo.sio	1	3	-	-	-	-	both_fail
examples/clifford_benchmark.sio	1	3	-	-	-	-	both_fail
examples/ossm_cayley_dickson_tower.sio	0	3	0	-	-	-	nv2_compile
examples/exit42.sio	0	0	42	42	1	1	ok
examples/medlang/population/model_demo.sio	1	3	-	-	-	-	both_fail
examples/medlang/population/variability_demo.sio	1	3	-	-	-	-	both_fail
examples/medlang/population/estimation_demo.sio	0	3	1	-	-	-	nv2_compile
examples/medlang/population/simulation_demo.sio	0	3	1	-	-	-	nv2_compile
examples/medlang/integrate_demo.sio	0	3	1	-	-	-	nv2_compile
examples/medlang/parser_demo.sio	0	3	1	-	-	-	nv2_compile
examples/medlang/lexer_demo.sio	0	3	1	-	-	-	nv2_compile
examples/medlang/codegen_demo.sio	0	3	1	-	-	-	nv2_compile
examples/medlang/parser_ext_demo.sio	0	3	1	-	-	-	nv2_compile
examples/medlang/ast_demo.sio	0	3	1	-	-	-	nv2_compile
examples/alpha_sounio.sio	1	3	-	-	-	-	both_fail
examples/qnn_minimal_test.sio	1	3	-	-	-	-	both_fail
examples/ode/pbpk_fast_demo.sio	1	3	-	-	-	-	both_fail
examples/ode/pbpk_minimal_demo.sio	1	3	-	-	-	-	both_fail
examples/ode/pbpk14_demo.sio	1	3	-	-	-	-	both_fail
examples/ode/pbpk_working_demo.sio	1	3	-	-	-	-	both_fail
examples/ode/pbpk14_rk4_demo.sio	1	3	-	-	-	-	both_fail
examples/ode/pbpk_unrolled_demo.sio	1	3	-	-	-	-	both_fail
examples/ode/rk4_demo.sio	1	3	-	-	-	-	both_fail
examples/ode/tsit5_demo.sio	0	3	136	-	-	-	nv2_compile
examples/ode/pbpk_debug_demo.sio	1	3	-	-	-	-	both_fail
examples/ode/pbpk3_stable_demo.sio	1	3	-	-	-	-	both_fail
examples/ode/pbpk_tiny_demo.sio	1	3	-	-	-	-	both_fail
examples/ode/tsit5_multicomp_demo.sio	1	3	-	-	-	-	both_fail
examples/ode/solver_demo.sio	1	3	-	-	-	-	both_fail
examples/kernel_epistemic_wmma_matmul.sio	1	0	-	0	-	-	a_only
examples/dissertation_steady_state_demo.sio	0	3	0	-	-	-	nv2_compile
examples/octonionic_relativity.sio	0	3	0	-	-	-	nv2_compile
examples/epistemic_classifier.sio	0	3	3	-	-	-	nv2_compile
examples/native_algebra_4way_benchmark.sio	0	3	0	-	-	-	nv2_compile
examples/sedenion_ssm_selective.sio	0	3	0	-	-	-	nv2_compile
examples/kernel_matmul.sio	0	0	0	0	1	1	ok
examples/dissertation_demo.sio	0	3	0	-	-	-	nv2_compile
examples/test_sort.sio	0	3	0	-	-	-	nv2_compile
examples/dissertation_steady_state_fullvd_demo.sio	0	3	0	-	-	-	nv2_compile
examples/eeg_hessian_temporal.sio	0	3	0	-	-	-	nv2_compile
examples/test_autodiff_log_atan2.sio	1	3	-	-	-	-	both_fail
examples/ossm_moufang_dynamics.sio	0	3	0	-	-	-	nv2_compile
examples/octonion_g2_automorphisms.sio	0	3	0	-	-	-	nv2_compile
examples/sedenion_ssm_transfer.sio	0	3	0	-	-	-	nv2_compile
examples/therapy_session.sio	0	3	0	-	-	-	nv2_compile
examples/zd_vs_capacity_ablation.sio	0	3	0	-	-	-	nv2_compile
examples/palindrome_benchmark.sio	1	3	-	-	-	-	both_fail
examples/qnn_mnist.sio	1	3	-	-	-	-	both_fail
examples/autodiff.sio	1	3	-	-	-	-	both_fail
examples/interp_168_basis.sio	0	3	0	-	-	-	nv2_compile
examples/playground_scientific_contract.sio	0	3	0	-	-	-	nv2_compile
examples/test_grad.sio	0	3	0	-	-	-	nv2_compile
examples/sedenion_wirtinger_residue.sio	1	3	-	-	-	-	both_fail
examples/build_system_demo.sio	1	3	-	-	-	-	both_fail
examples/ekan_regression_benchmark.sio	1	3	-	-	-	-	both_fail
examples/hssm_bptt_ablation.sio	0	3	0	-	-	-	nv2_compile
examples/sedenion_ssm_eeg_real.sio	1	3	-	-	-	-	both_fail
examples/kernel_epistemic_vec_add.sio	1	0	-	0	-	-	a_only
examples/oct_mediator_test.sio	1	3	-	-	-	-	both_fail
examples/test_knowledge_type.sio	124	3	-	-	-	-	both_fail
examples/atomic_demo.sio	0	3	0	-	-	-	nv2_compile
examples/tile_matmul.sio	1	3	-	-	-	-	both_fail
examples/ekan_final_experiments.sio	1	3	-	-	-	-	both_fail
examples/interop_serve.sio	0	3	0	-	-	-	nv2_compile
examples/bracket_3way_benchmark.sio	0	3	0	-	-	-	nv2_compile
examples/qnn_mnist_train.sio	1	3	-	-	-	-	both_fail
examples/zd_bptt_ssm.sio	0	3	0	-	-	-	nv2_compile
examples/algorithms/complex_native_demo.sio	0	3	0	-	-	-	nv2_compile
examples/algorithms/matrix_mul.sio	0	3	0	-	-	-	nv2_compile
examples/algorithms/quicksort.sio	0	3	0	-	-	-	nv2_compile
examples/algorithms/mandelbrot.sio	1	3	-	-	-	-	both_fail
examples/algorithms/radix_sort.sio	0	3	0	-	-	-	nv2_compile
examples/algorithms/sieve.sio	0	3	0	-	-	-	nv2_compile
examples/advanced_glm_optimization.sio	1	3	-	-	-	-	both_fail
examples/deep_psychiatry_demo.sio	0	3	0	-	-	-	nv2_compile
examples/wave1_ode_exponential_decay.sio	1	3	-	-	-	-	both_fail
examples/octonion_example.sio	0	3	0	-	-	-	nv2_compile
examples/http/mod_demo.sio	0	3	1	-	-	-	nv2_compile
examples/kernel_vec_add.sio	0	0	0	0	1	1	ok
examples/listops_benchmark.sio	1	3	-	-	-	-	both_fail
examples/native_calculus.sio	0	3	49	-	-	-	nv2_compile
examples/collections/bitset_demo.sio	1	3	-	-	-	-	both_fail
examples/collections/heap_demo.sio	1	3	-	-	-	-	both_fail
examples/sedenion_ssm.sio	0	3	0	-	-	-	nv2_compile
examples/octonion_nn_demo.sio	0	3	0	-	-	-	nv2_compile
examples/test_array_len.sio	0	3	0	-	-	-	nv2_compile
examples/ossm_hessian_newton.sio	0	3	0	-	-	-	nv2_compile
examples/phonon_liver_test.sio	0	3	0	-	-	-	nv2_compile
examples/octonion_cross_product_7d.sio	1	3	-	-	-	-	both_fail
examples/sedenion_168_verify.sio	0	3	0	-	-	-	nv2_compile
examples/arithmetic.sio	0	0	3	3	1	1	ok
examples/interp_vs_sae.sio	0	3	0	-	-	-	nv2_compile
examples/sedenion_ssm_alpha_why.sio	1	3	-	-	-	-	both_fail
examples/cdylib_export.sio	0	3	0	-	-	-	nv2_compile
examples/oct_cohort_test.sio	1	3	-	-	-	-	both_fail
examples/typed_literals.sio	1	3	-	-	-	-	both_fail
examples/gpu_epistemic_showcase.sio	0	3	0	-	-	-	nv2_compile
examples/wave3_hybrid_regression.sio	1	3	-	-	-	-	both_fail
examples/pharmacokinetic_model.sio	1	3	-	-	-	-	both_fail
examples/associativity_probe_benchmark.sio	0	3	0	-	-	-	nv2_compile
examples/ekan_concrete_uci.sio	1	3	-	-	-	-	both_fail
examples/token_erase_benchmark.sio	0	3	0	-	-	-	nv2_compile
examples/debug_profile_demo.sio	1	3	-	-	-	-	both_fail
examples/conjecture5_pbpk_test.sio	0	3	0	-	-	-	nv2_compile
examples/door_e_alpha_mechanism.sio	1	3	-	-	-	-	both_fail
examples/psmnist_benchmark.sio	1	3	-	-	-	-	both_fail
examples/sedenion_ssm_train.sio	1	3	-	-	-	-	both_fail
examples/quantum_ml_pipeline.sio	0	3	139	-	-	-	nv2_compile
examples/gate_vs_zd_ablation.sio	0	3	124	-	-	-	nv2_compile
examples/genetic_code_168_demo.sio	1	3	-	-	-	-	both_fail
examples/test_autodiff_tan_atan_abs.sio	1	3	-	-	-	-	both_fail
examples/test_autodiff_tanh_only.sio	1	3	-	-	-	-	both_fail
examples/random/sampling_demo.sio	0	3	139	-	-	-	nv2_compile
examples/random/rng_demo.sio	0	3	139	-	-	-	nv2_compile
examples/random/distributions_demo.sio	0	3	139	-	-	-	nv2_compile
examples/random/mod_demo.sio	0	0	0	0	1	1	ok
examples/octonion_ssm_extended.sio	0	3	0	-	-	-	nv2_compile
examples/door_f_assoc_preictal_chb10.sio	0	3	0	-	-	-	nv2_compile
examples/hssm_4way_benchmark.sio	0	3	0	-	-	-	nv2_compile
examples/sorting_lr_ablation.sio	0	3	0	-	-	-	nv2_compile
examples/brain_associator_demo.sio	0	3	0	-	-	-	nv2_compile
examples/autodiff/tape_demo.sio	1	3	-	-	-	-	both_fail
examples/autodiff/epistemic_dual_demo.sio	0	3	0	-	-	-	nv2_compile
examples/autodiff/grad_demo.sio	0	3	0	-	-	-	nv2_compile
examples/autodiff/dual_demo.sio	0	3	0	-	-	-	nv2_compile
examples/autodiff/tape_test.sio	1	3	-	-	-	-	both_fail
examples/wave3_kepler_discovery.sio	1	3	-	-	-	-	both_fail
examples/ekan_uq_baselines.sio	1	3	-	-	-	-	both_fail
examples/wave1_bayesian_coin.sio	1	3	-	-	-	-	both_fail
examples/fractal_g2_ossm_v3.sio	0	3	124	-	-	-	nv2_compile
examples/pkpd.sio	1	3	-	-	-	-	both_fail
examples/hot_reload/server.sio	1	3	-	-	-	-	both_fail
examples/dissertation_scenario_gate_demo.sio	0	3	0	-	-	-	nv2_compile
examples/ontology/biomedical/snomed_demo.sio	0	3	1	-	-	-	nv2_compile
examples/ontology/biomedical/loinc_demo.sio	0	3	1	-	-	-	nv2_compile
examples/ontology/biomedical/hpo_demo.sio	1	3	-	-	-	-	both_fail
examples/ontology/biomedical/go_demo.sio	1	3	-	-	-	-	both_fail
examples/ontology/biomedical/mod_demo.sio	0	0	0	0	1	1	ok
examples/ontology/query_demo.sio	0	3	1	-	-	-	nv2_compile
examples/ontology/cache_demo.sio	0	3	1	-	-	-	nv2_compile
examples/ontology/namespaces_demo.sio	1	3	-	-	-	-	both_fail
examples/ontology/model_demo.sio	0	3	1	-	-	-	nv2_compile
examples/ontology/reasoner_demo.sio	0	3	1	-	-	-	nv2_compile
examples/ontology/mod_demo.sio	0	0	0	0	1	1	ok
examples/octonion_triality.sio	1	3	-	-	-	-	both_fail
examples/unified_epistemic_science.sio	1	3	-	-	-	-	both_fail
examples/watch_mode_demo.sio	1	3	-	-	-	-	both_fail
examples/octonion_associator_field.sio	0	3	0	-	-	-	nv2_compile
examples/grand_challenges/euler_line.sio	0	3	0	-	-	-	nv2_compile
examples/grand_challenges/toxic_peak.sio	1	3	-	-	-	-	both_fail
examples/grand_challenges/turbulence.sio	0	3	0	-	-	-	nv2_compile
examples/scientific_hello.sio	0	3	0	-	-	-	nv2_compile
examples/ekan_gum_vs_montecarlo.sio	0	3	0	-	-	-	nv2_compile
examples/native_higher_order.sio	0	3	75	-	-	-	nv2_compile
examples/test_jacobian_codegen.sio	0	3	0	-	-	-	nv2_compile
examples/darwin_atlas/verify_knowledge.sio	1	3	-	-	-	-	both_fail
examples/darwin_atlas/operators.sio	1	3	-	-	-	-	both_fail
examples/darwin_atlas/test_runner.sio	1	3	-	-	-	-	both_fail
examples/darwin_atlas/lib.sio	1	3	-	-	-	-	both_fail
examples/darwin_atlas/ffi.sio	1	3	-	-	-	-	both_fail
examples/darwin_atlas/exact_symmetry.sio	1	3	-	-	-	-	both_fail
examples/darwin_atlas/approx_metric.sio	1	3	-	-	-	-	both_fail
examples/darwin_atlas/quaternion.sio	1	3	-	-	-	-	both_fail
examples/knowledge_native.sio	1	3	-	-	-	-	both_fail
examples/qnn/02_basic_linear.sio	0	3	0	-	-	-	nv2_compile
examples/qnn/01_hello_quaternion.sio	0	3	0	-	-	-	nv2_compile
examples/wave2_gradient_descent.sio	1	3	-	-	-	-	both_fail
examples/ossm_ekan_pipeline.sio	0	3	0	-	-	-	nv2_compile
examples/data/frame_demo.sio	0	3	139	-	-	-	nv2_compile
examples/data/series_demo.sio	1	3	-	-	-	-	both_fail
examples/data/io_demo.sio	0	3	1	-	-	-	nv2_compile
examples/data/ops_demo.sio	0	3	2	-	-	-	nv2_compile
examples/data/mod_demo.sio	0	0	0	0	1	1	ok
examples/fibonacci.sio	0	3	0	-	-	-	nv2_compile
examples/units/pharma_dose.sio	1	3	-	-	-	-	both_fail
examples/units/basics.sio	0	3	0	-	-	-	nv2_compile
examples/data_pipeline/main.sio	1	3	-	-	-	-	both_fail
examples/sedenion_ssm_orbit.sio	1	3	-	-	-	-	both_fail
examples/dissertation_oral_pd_demo.sio	0	3	0	-	-	-	nv2_compile
examples/zd_capacity_constrained.sio	0	3	0	-	-	-	nv2_compile
examples/epistemic_transformer.sio	0	3	0	-	-	-	nv2_compile
examples/quaternion_embeddings.sio	1	3	-	-	-	-	both_fail
examples/epistemic_lm_scaled.sio	0	3	0	-	-	-	nv2_compile
examples/playground_publication_gate.sio	0	0	0	0	0	1	nv2_run
examples/epistemic_lm_fileio.sio	0	3	1	-	-	-	nv2_compile
examples/science/pbpk_population.sio	0	3	0	-	-	-	nv2_compile
examples/science/darwin_pop_confidence_budget.sio	1	3	-	-	-	-	both_fail
examples/science/pbpk_2comp.sio	0	3	0	-	-	-	nv2_compile
examples/science/kalman_filter_tracking.sio	0	3	0	-	-	-	nv2_compile
examples/science/signal_analysis.sio	0	3	0	-	-	-	nv2_compile
examples/science/simpsons_paradox.sio	0	3	0	-	-	-	nv2_compile
examples/science/darwin_epistemic_pbpk.sio	1	3	-	-	-	-	both_fail
examples/science/lotka_volterra_ecosystem.sio	0	3	0	-	-	-	nv2_compile
examples/science/epistemic_decay.sio	1	3	-	-	-	-	both_fail
examples/science/maxwell_cl13.sio	0	3	0	-	-	-	nv2_compile
examples/science/active_inference.sio	1	3	-	-	-	-	both_fail
examples/science/epistemic_measured.sio	0	3	0	-	-	-	nv2_compile
examples/science/epistemic_adaptive.sio	0	3	1	-	-	-	nv2_compile
examples/science/entropy_information.sio	0	3	0	-	-	-	nv2_compile
examples/science/markov_chain_monte_carlo.sio	0	3	0	-	-	-	nv2_compile
examples/science/bayesian_clinical_trial.sio	0	3	0	-	-	-	nv2_compile
examples/science/uncertainty_propagation.sio	0	3	0	-	-	-	nv2_compile
examples/science/pkpd_simulation.sio	0	3	0	-	-	-	nv2_compile
examples/science/epistemic_cascade.sio	0	3	0	-	-	-	nv2_compile
examples/linalg/vector_demo.sio	0	3	139	-	-	-	nv2_compile
examples/linalg/matrix_demo.sio	1	3	-	-	-	-	both_fail
examples/pbpk/pbpk_simple.sio	1	3	-	-	-	-	both_fail
examples/pbpk/darwin_14comp.sio	1	3	-	-	-	-	both_fail
examples/pbpk/metformin_model.sio	1	3	-	-	-	-	both_fail
examples/pbpk/metformin_simulation.sio	1	3	-	-	-	-	both_fail
examples/pbpk/darwin_full_ode.sio	1	3	-	-	-	-	both_fail
examples/pbpk/ode_solver.sio	1	3	-	-	-	-	both_fail
examples/pbpk/covariate_demo.sio	0	3	0	-	-	-	nv2_compile
examples/pbpk/darwin_calibrated_10drugs.sio	1	1	-	-	-	-	both_fail
examples/pbpk/darwin_pbpk_14comp.sio	1	3	-	-	-	-	both_fail
examples/pbpk/mechanistic_ddi.sio	1	3	-	-	-	-	both_fail
examples/pbpk/metformin_model_v2.sio	1	3	-	-	-	-	both_fail
examples/pbpk/darwin_pbpk_units.sio	1	3	-	-	-	-	both_fail
examples/pbpk/error_models_demo.sio	0	3	0	-	-	-	nv2_compile
examples/pbpk/darwin_output.sio	1	3	-	-	-	-	both_fail
examples/pbpk/neural_ode_pbpk.sio	1	3	-	-	-	-	both_fail
examples/pbpk/types_demo.sio	0	3	1	-	-	-	nv2_compile
examples/pbpk/darwin_full_pbpk.sio	1	3	-	-	-	-	both_fail
examples/pbpk/rbc_dynamics.sio	1	3	-	-	-	-	both_fail
examples/pbpk/caffeine_model_v2.sio	1	3	-	-	-	-	both_fail
examples/pbpk/population_demo.sio	1	3	-	-	-	-	both_fail
examples/pbpk/darwin_validation_1232.sio	1	3	-	-	-	-	both_fail
examples/pbpk/caffeine_model.sio	1	3	-	-	-	-	both_fail
examples/seizure_dynamics.sio	0	3	0	-	-	-	nv2_compile
examples/ossm_selective.sio	0	3	0	-	-	-	nv2_compile
examples/s4_baseline_benchmark.sio	0	3	0	-	-	-	nv2_compile
examples/test_jacobian_real.sio	0	3	0	-	-	-	nv2_compile
examples/ekan_ablation_suite.sio	1	3	-	-	-	-	both_fail
examples/gpu/fft_demo.sio	0	3	1	-	-	-	nv2_compile
examples/gpu/smooth_demo.sio	0	3	1	-	-	-	nv2_compile
examples/gpu/vec_add.sio	0	3	0	-	-	-	nv2_compile
examples/gpu/stats_demo.sio	0	3	1	-	-	-	nv2_compile
examples/gpu/mod_demo.sio	0	0	0	0	1	1	ok
examples/test_grad_comprehensive.sio	0	3	0	-	-	-	nv2_compile
examples/test_autodiff_x_squared.sio	1	3	-	-	-	-	both_fail
examples/bayesian_ssm.sio	0	3	0	-	-	-	nv2_compile
examples/contest_seizure_detection.sio	0	3	0	-	-	-	nv2_compile
examples/ofssm_trajectory_benchmark.sio	0	3	0	-	-	-	nv2_compile
examples/octonion_malcev_algebra.sio	0	3	0	-	-	-	nv2_compile
examples/seizure_hessian_ossm.sio	0	3	0	-	-	-	nv2_compile
examples/qnn_intrinsic_test.sio	0	3	0	-	-	-	nv2_compile
examples/retrocausal_interference.sio	0	3	0	-	-	-	nv2_compile
examples/test_autodiff_inverse_hyp.sio	1	3	-	-	-	-	both_fail
examples/gpu_hypercomplex.sio	0	3	0	-	-	-	nv2_compile
examples/test_hessian_real.sio	0	3	0	-	-	-	nv2_compile
examples/octonion_catalan_branching.sio	1	3	-	-	-	-	both_fail
examples/stats/validation_demo.sio	0	3	0	-	-	-	nv2_compile
examples/stats/effect_sizes_demo.sio	1	3	-	-	-	-	both_fail
examples/stats/descriptive_demo.sio	0	3	1	-	-	-	nv2_compile
examples/stats/inferential_demo.sio	0	3	1	-	-	-	nv2_compile
examples/stats/multiple_testing_demo.sio	0	3	1	-	-	-	nv2_compile
examples/stats/resampling_demo.sio	0	3	1	-	-	-	nv2_compile
examples/mode_switch_benchmark.sio	0	3	0	-	-	-	nv2_compile
examples/door_f_assoc_preictal_chb05.sio	0	3	0	-	-	-	nv2_compile
examples/epistemic_dempster_shafer.sio	0	3	0	-	-	-	nv2_compile
examples/test_linalg.sio	1	3	-	-	-	-	both_fail
examples/ode_demo.sio	1	3	-	-	-	-	both_fail
examples/test_simple_struct.sio	0	0	0	0	1	1	ok
examples/cross_compilation.sio	1	3	-	-	-	-	both_fail
examples/multihead_unit_oct_benchmark.sio	0	3	124	-	-	-	nv2_compile
examples/visual/09_pkpd_color_curves.sio	1	3	-	-	-	-	both_fail
examples/visual/08_climate_ensemble_color.sio	1	3	-	-	-	-	both_fail
examples/visual/11_sir_epidemic_color.sio	1	3	-	-	-	-	both_fail
examples/visual/12_animated_diffusion.sio	1	3	-	-	-	-	both_fail
examples/visual/07_epistemic_uncertainty_bars.sio	1	3	-	-	-	-	both_fail
examples/visual/01_octonion_multiplication_table.sio	1	3	-	-	-	-	both_fail
examples/visual/02_fmri_octonion_activation.sio	1	3	-	-	-	-	both_fail
examples/visual/05_color_demo.sio	1	3	-	-	-	-	both_fail
examples/visual/06_octonion_color_table.sio	1	3	-	-	-	-	both_fail
examples/visual/03_octonion_network_efficiency.sio	1	3	-	-	-	-	both_fail
examples/visual/04_fmri_color_heatmap.sio	1	3	-	-	-	-	both_fail
examples/visual/10_kalman_filter_color.sio	1	3	-	-	-	-	both_fail
examples/connectivity/phase_demo.sio	0	3	1	-	-	-	nv2_compile
examples/connectivity/network_metrics_demo.sio	0	3	1	-	-	-	nv2_compile
examples/test_import_qnn.sio	0	0	0	0	1	1	ok
examples/autodiff_neural.sio	1	3	-	-	-	-	both_fail
examples/ai_scientific_demo.sio	1	3	-	-	-	-	both_fail
examples/categorical_bridge_dagger.sio	0	3	0	-	-	-	nv2_compile
examples/sedenion_ssm_seizure_chb03.sio	1	3	-	-	-	-	both_fail
examples/wave1_hello_scientific.sio	0	3	0	-	-	-	nv2_compile
examples/precision_dosing.sio	0	3	0	-	-	-	nv2_compile
examples/zd_constructive_reset_proof.sio	0	3	0	-	-	-	nv2_compile
examples/wave2_causal_intervention.sio	0	0	0	0	0	1	nv2_run
examples/fractal_g2_ossm_v2.sio	0	3	124	-	-	-	nv2_compile
examples/zd_revivable_edit.sio	0	3	0	-	-	-	nv2_compile
examples/door_f_assoc_preictal_chb06.sio	0	3	0	-	-	-	nv2_compile
examples/octonion_albert_algebra.sio	1	3	-	-	-	-	both_fail
examples/triple_product_ossm_benchmark.sio	0	3	0	-	-	-	nv2_compile
examples/categorical_bridge_bidir.sio	0	3	0	-	-	-	nv2_compile
examples/ekan_second_order_gum.sio	1	3	-	-	-	-	both_fail
examples/quaternion_null_model.sio	0	3	0	-	-	-	nv2_compile
examples/sedenion_ssm_16freq.sio	1	3	-	-	-	-	both_fail
examples/listops_nesting_depth.sio	0	3	0	-	-	-	nv2_compile
examples/oct_associator_direction.sio	0	3	0	-	-	-	nv2_compile
examples/clifford_demo.sio	1	3	-	-	-	-	both_fail
examples/ossm_associator_attention.sio	0	3	0	-	-	-	nv2_compile
examples/process_test.sio	0	3	0	-	-	-	nv2_compile
examples/signal/epoch_demo.sio	0	3	1	-	-	-	nv2_compile
examples/signal/spectral_demo.sio	0	3	1	-	-	-	nv2_compile
examples/signal/fractal_demo.sio	0	3	1	-	-	-	nv2_compile
examples/signal/filter_demo.sio	0	3	1	-	-	-	nv2_compile
examples/categorical_bridge_skew.sio	0	3	0	-	-	-	nv2_compile
examples/cybernetic_demo.sio	1	3	-	-	-	-	both_fail
examples/test_autodiff_exp_log.sio	1	3	-	-	-	-	both_fail
examples/door_f_assoc_preictal_chb02.sio	0	3	0	-	-	-	nv2_compile
examples/ekan_energy_uci.sio	1	3	-	-	-	-	both_fail
examples/sedenion_ssm_spectrum.sio	0	3	0	-	-	-	nv2_compile
examples/csv/mod_demo.sio	0	3	139	-	-	-	nv2_compile
examples/serialization/toml_demo.sio	1	3	-	-	-	-	both_fail
examples/cayley_dickson_hessian_tower.sio	0	3	0	-	-	-	nv2_compile
examples/sorting_classification_benchmark.sio	1	3	-	-	-	-	both_fail
examples/oct_associator_expanded.sio	0	3	0	-	-	-	nv2_compile
examples/physics/cl13_lorentz.sio	0	3	1	-	-	-	nv2_compile
examples/qnn_simple_test.sio	1	3	-	-	-	-	both_fail
examples/playground_provenance_gate.sio	0	0	0	0	0	1	nv2_run
examples/brain_orc_demo.sio	0	3	0	-	-	-	nv2_compile
examples/sedenion_unitarity_break.sio	0	3	0	-	-	-	nv2_compile
examples/nn/tensor_demo.sio	0	3	139	-	-	-	nv2_compile
examples/nn/mlp_xor_demo.sio	1	3	-	-	-	-	both_fail
examples/nn/mlp_classifier_demo.sio	0	3	139	-	-	-	nv2_compile
examples/nn/pbpk_example.sio	1	3	-	-	-	-	both_fail
examples/nn/quaternion_demo.sio	1	3	-	-	-	-	both_fail
examples/nn/dense_layer_demo.sio	1	3	-	-	-	-	both_fail
examples/nn/dense2_demo.sio	0	3	1	-	-	-	nv2_compile
examples/nn/g2_equivariant_demo.sio	0	3	139	-	-	-	nv2_compile
examples/nn/optimizers_quaternion_demo.sio	1	3	-	-	-	-	both_fail
examples/nn/dense_demo.sio	0	3	1	-	-	-	nv2_compile
examples/nn/dense_quaternion_demo.sio	1	3	-	-	-	-	both_fail
examples/nn/activation_demo.sio	0	3	0	-	-	-	nv2_compile
examples/nn/autograd_demo.sio	1	3	-	-	-	-	both_fail
examples/render_compile_driver.sio	1	3	-	-	-	-	both_fail
examples/algebra_demo.sio	0	3	0	-	-	-	nv2_compile
examples/compiler/check/types_demo.sio	0	3	1	-	-	-	nv2_compile
examples/compiler/check/checker_demo.sio	0	3	1	-	-	-	nv2_compile
examples/compiler/check/env_demo.sio	0	3	1	-	-	-	nv2_compile
examples/compiler/types/unify_demo.sio	0	0	0	0	1	1	ok
examples/compiler/parser/expr_simple_demo.sio	0	3	1	-	-	-	nv2_compile
examples/compiler/parser/expr_parse_demo.sio	0	0	0	0	1	1	ok
examples/compiler/parser/stmt_parse_demo.sio	0	3	1	-	-	-	nv2_compile
examples/compiler/parser/mod_demo.sio	0	0	0	0	1	1	ok
examples/compiler/codegen/vm_demo.sio	0	3	1	-	-	-	nv2_compile
examples/compiler/codegen/bytecode_demo.sio	0	3	1	-	-	-	nv2_compile
examples/compiler/lexer/comparison_harness_demo.sio	0	3	0	-	-	-	nv2_compile
examples/compiler/lexer/mod_demo.sio	0	3	1	-	-	-	nv2_compile
examples/wave1_tensor_operations.sio	1	3	-	-	-	-	both_fail
examples/octonion_168_associators.sio	0	3	0	-	-	-	nv2_compile
examples/ossm_fano_selective.sio	0	3	0	-	-	-	nv2_compile
examples/day20_tooling.sio	1	3	-	-	-	-	both_fail
examples/bracket_matching_benchmark.sio	0	3	0	-	-	-	nv2_compile
examples/qnn_stdlib_test.sio	1	3	-	-	-	-	both_fail
examples/jordan_albert_demo.sio	0	3	0	-	-	-	nv2_compile
examples/ekan_regression_friedman.sio	1	3	-	-	-	-	both_fail
examples/ossm_norm_composition.sio	0	3	0	-	-	-	nv2_compile
examples/ossm_multihead.sio	0	3	0	-	-	-	nv2_compile
examples/bayes/vi_demo.sio	1	3	-	-	-	-	both_fail
examples/bayes/prior_demo.sio	0	3	1	-	-	-	nv2_compile
examples/bayes/diagnostics_demo.sio	0	3	1	-	-	-	nv2_compile
examples/bayes/mcmc_demo.sio	1	3	-	-	-	-	both_fail
examples/effects_simple.sio	0	0	0	0	1	1	ok
examples/alphageozero_final.sio	124	3	-	-	-	-	both_fail
examples/pharmacokinetics.sio	1	3	-	-	-	-	both_fail
examples/fractal/entropy_demo.sio	1	3	-	-	-	-	both_fail
examples/fractal/dimension_demo.sio	1	3	-	-	-	-	both_fail
examples/fractal/curvature_demo.sio	1	3	-	-	-	-	both_fail
examples/fractal/multifractal_demo.sio	1	3	-	-	-	-	both_fail
examples/fractal/gpu/box_counting_demo.sio	1	3	-	-	-	-	both_fail
examples/fractal/gpu/mod_demo.sio	0	3	0	-	-	-	nv2_compile
examples/fractal/kec_demo.sio	1	3	-	-	-	-	both_fail
examples/fractal/lacunarity_demo.sio	1	3	-	-	-	-	both_fail
examples/fractal/mod_demo.sio	1	3	-	-	-	-	both_fail
examples/qat_training_example.sio	1	3	-	-	-	-	both_fail
examples/ossm_distinguishability.sio	0	3	0	-	-	-	nv2_compile
examples/meta_self_editing.sio	0	3	0	-	-	-	nv2_compile
examples/octonion_projective_plane.sio	1	3	-	-	-	-	both_fail
examples/octonion_holonomy.sio	0	3	0	-	-	-	nv2_compile
examples/octonion_path_products.sio	0	3	0	-	-	-	nv2_compile
examples/scifar10_benchmark.sio	1	3	-	-	-	-	both_fail
examples/alphageozero_selfplay.sio	124	3	-	-	-	-	both_fail
examples/scientific_computing_full.sio	1	3	-	-	-	-	both_fail
examples/smnist_3way_benchmark.sio	0	3	0	-	-	-	nv2_compile
examples/qnn_test_basic.sio	1	3	-	-	-	-	both_fail
examples/quantum_h2_vqe.sio	1	3	-	-	-	-	both_fail
examples/showcase/linear_file_server.sio	0	3	0	-	-	-	nv2_compile
examples/showcase/genome_motif_scanner.sio	0	3	139	-	-	-	nv2_compile
examples/showcase/concurrent_pipeline.sio	0	3	139	-	-	-	nv2_compile
examples/showcase/drug_dose_optimizer.sio	0	3	0	-	-	-	nv2_compile
examples/showcase/effect_test_harness.sio	0	3	139	-	-	-	nv2_compile
examples/showcase/measurement_lab.sio	0	3	0	-	-	-	nv2_compile
examples/showcase/spectral_analyzer.sio	0	3	139	-	-	-	nv2_compile
examples/showcase/knowledge_graph_trainer.sio	0	3	139	-	-	-	nv2_compile
examples/showcase/type_safe_units.sio	0	3	0	-	-	-	nv2_compile
examples/showcase/ode_predator_prey.sio	0	3	0	-	-	-	nv2_compile
examples/epistemic_smoke_native.sio	0	3	0	-	-	-	nv2_compile
examples/macro_system_demo.sio	1	3	-	-	-	-	both_fail
examples/sedenion_ssm_free_a.sio	1	3	-	-	-	-	both_fail
examples/zd_capability_removal.sio	0	3	0	-	-	-	nv2_compile
examples/ablation_suite.sio	0	3	124	-	-	-	nv2_compile
examples/network/null_hypothesis_demo.sio	1	3	-	-	-	-	both_fail
examples/effects/comprehensive_effects.sio	0	3	0	-	-	-	nv2_compile
examples/effects/basic_handler_continuation.sio	0	3	0	-	-	-	nv2_compile
examples/src/autodiff/mod_demo.sio	0	3	0	-	-	-	nv2_compile
examples/src/linalg/matrix_demo.sio	1	3	-	-	-	-	both_fail
examples/darwin_atlas_operators.sio	1	3	-	-	-	-	both_fail
examples/sedenion_ssm_bptt.sio	1	3	-	-	-	-	both_fail
examples/zd_audit_witness.sio	0	3	0	-	-	-	nv2_compile
examples/wave1_projectile_motion.sio	1	3	-	-	-	-	both_fail
examples/mlp_concrete_ablation.sio	1	3	-	-	-	-	both_fail
examples/real_world/02_pbpk_oral_absorption.sio	1	3	-	-	-	-	both_fail
examples/real_world/04_gum_measurement_simple.sio	1	3	-	-	-	-	both_fail
examples/real_world/01_dose_uncertainty.sio	1	3	-	-	-	-	both_fail
examples/real_world/06_climate_ensemble.sio	1	3	-	-	-	-	both_fail
examples/real_world/06_darwin_atlas_pipeline.sio	1	3	-	-	-	-	both_fail
examples/real_world/pbpk_native.sio	1	3	-	-	-	-	both_fail
examples/real_world/05_pkpd_data_analysis.sio	1	3	-	-	-	-	both_fail
examples/real_world/03_trial_sample_size.sio	1	3	-	-	-	-	both_fail
examples/real_world/04_gum_measurement_chain.sio	1	3	-	-	-	-	both_fail
examples/real_world/07_sensor_fusion.sio	1	3	-	-	-	-	both_fail
examples/sedenion_ssm_deep.sio	1	3	-	-	-	-	both_fail
examples/prob/normal_demo.sio	0	3	1	-	-	-	nv2_compile
examples/prob/distributions_demo.sio	0	3	0	-	-	-	nv2_compile
examples/prob/inference_demo.sio	1	3	-	-	-	-	both_fail
examples/prob/beta_demo.sio	0	3	0	-	-	-	nv2_compile
examples/prob/random_demo.sio	0	3	1	-	-	-	nv2_compile
examples/prob/mod_demo.sio	0	3	0	-	-	-	nv2_compile
examples/prob/mcmc_demo.sio	0	3	1	-	-	-	nv2_compile
examples/clinical_curvature_analysis.sio	1	3	-	-	-	-	both_fail
examples/jordan_168_hunt.sio	0	3	0	-	-	-	nv2_compile
examples/seizure_perpatient.sio	0	3	0	-	-	-	nv2_compile
examples/sync/atomic_demo.sio	1	3	-	-	-	-	both_fail
examples/async_demo.sio	1	3	-	-	-	-	both_fail
examples/structs.sio	0	0	0	0	1	1	ok
examples/zd_machine_unlearning.sio	0	3	0	-	-	-	nv2_compile
examples/test_example.sio	1	3	-	-	-	-	both_fail
examples/pbpk_gum_vs_montecarlo.sio	0	3	0	-	-	-	nv2_compile
examples/imo_showcase.sio	1	3	-	-	-	-	both_fail
examples/morse_decoding_benchmark.sio	1	3	-	-	-	-	both_fail
examples/qnn_simple_quat.sio	0	3	0	-	-	-	nv2_compile
examples/hssm_native_algebra.sio	0	3	0	-	-	-	nv2_compile
examples/epistemic_preictal_workflow.sio	1	3	-	-	-	-	both_fail
examples/neuroreceptor_pet/pet_tracer_variants.sio	0	3	0	-	-	-	nv2_compile
examples/neuroreceptor_pet/pet_fit_validation.sio	0	3	0	-	-	-	nv2_compile
examples/neuroreceptor_pet/pet_lammertsma1996_analysis.sio	0	3	0	-	-	-	nv2_compile
examples/neuroreceptor_pet/pet_srtm.sio	0	3	0	-	-	-	nv2_compile
examples/neuroreceptor_pet/pet_2tcm_epistemic.sio	0	3	0	-	-	-	nv2_compile
examples/neuroreceptor_pet/pet_fit_montecarlo.sio	0	3	0	-	-	-	nv2_compile
examples/neuroreceptor_pet/pet_2tcm_export.sio	0	3	0	-	-	-	nv2_compile
examples/epistemic_witness_minimal.sio	0	0	0	0	1	1	ok
examples/ossm_hessian_lm_mandelbrot.sio	0	3	124	-	-	-	nv2_compile
examples/drug_cascade_168_demo.sio	0	3	0	-	-	-	nv2_compile
examples/epistemic_mcts.sio	1	3	-	-	-	-	both_fail
examples/ossm_stacked_2layer.sio	0	3	4	-	-	-	nv2_compile
examples/ffi_exports.sio	1	3	-	-	-	-	both_fail
examples/brain_hessian_abide.sio	0	3	124	-	-	-	nv2_compile
examples/ossm_scaled_comparison.sio	0	3	0	-	-	-	nv2_compile
examples/effects.sio	1	3	-	-	-	-	both_fail
examples/cognitive_ossm/cognitive_ossm.sio	0	3	0	-	-	-	nv2_compile
examples/cognitive_ossm/export_results.sio	0	3	139	-	-	-	nv2_compile
examples/cognitive_ossm/run_regimes.sio	1	3	-	-	-	-	both_fail
examples/wave3_symbolic_calculus.sio	0	0	0	0	1	1	ok
examples/octonion_derivation_algebra.sio	1	3	-	-	-	-	both_fail
examples/brain_ossm_abide.sio	1	3	-	-	-	-	both_fail
examples/test_autodiff_sqrt_pow.sio	1	3	-	-	-	-	both_fail
examples/alpha_hierarchical_reanalysis.sio	0	3	0	-	-	-	nv2_compile
examples/dissertation_interactive.sio	0	3	0	-	-	-	nv2_compile
examples/epistemic/pce_test.sio	1	3	-	-	-	-	both_fail
examples/epistemic/slsa_demo.sio	0	3	1	-	-	-	nv2_compile
examples/epistemic/correlation_demo.sio	0	3	1	-	-	-	nv2_compile
examples/epistemic/pk_example.sio	1	3	-	-	-	-	both_fail
examples/epistemic/multivariate_demo.sio	0	3	1	-	-	-	nv2_compile
examples/epistemic/pce_complete_demo.sio	1	3	-	-	-	-	both_fail
examples/epistemic/knowledge_units.sio	1	3	-	-	-	-	both_fail
examples/epistemic/coverage_demo.sio	0	3	1	-	-	-	nv2_compile
examples/epistemic/causal_demo.sio	0	3	0	-	-	-	nv2_compile
examples/epistemic/prov_demo.sio	0	3	1	-	-	-	nv2_compile
examples/epistemic/invariants_demo.sio	0	3	1	-	-	-	nv2_compile
examples/epistemic/montecarlo_demo.sio	0	3	1	-	-	-	nv2_compile
examples/epistemic/proptest_demo.sio	0	3	0	-	-	-	nv2_compile
examples/epistemic/roi_demo.sio	0	3	1	-	-	-	nv2_compile
examples/epistemic/interval_ieee_demo.sio	0	3	1	-	-	-	nv2_compile
examples/epistemic/policy_demo.sio	0	3	1	-	-	-	nv2_compile
examples/epistemic/pce_demo.sio	1	3	-	-	-	-	both_fail
examples/epistemic/autodiff_demo.sio	0	3	1	-	-	-	nv2_compile
examples/epistemic/sobol_demo.sio	0	3	1	-	-	-	nv2_compile
examples/epistemic/traceability_demo.sio	0	3	1	-	-	-	nv2_compile
examples/epistemic/core_demo.sio	0	3	1	-	-	-	nv2_compile
examples/epistemic/fusion_demo.sio	0	3	1	-	-	-	nv2_compile
examples/epistemic/budget_demo.sio	0	3	1	-	-	-	nv2_compile
examples/epistemic/stats_demo.sio	0	3	0	-	-	-	nv2_compile
examples/epistemic/gum_demo.sio	0	3	0	-	-	-	nv2_compile
examples/epistemic/combine_demo.sio	0	3	0	-	-	-	nv2_compile
examples/epistemic/ledger_demo.sio	0	3	1	-	-	-	nv2_compile
examples/epistemic/refutation_demo.sio	0	3	124	-	-	-	nv2_compile
examples/epistemic/dual_check_demo.sio	0	3	1	-	-	-	nv2_compile
examples/graphics/lib/10_axes.sio	0	3	0	-	-	-	nv2_compile
examples/graphics/lib/01_colors.sio	0	3	0	-	-	-	nv2_compile
examples/graphics/lib/00_canvas_simple.sio	0	3	0	-	-	-	nv2_compile
examples/graphics/lib/51_bifurcation.sio	1	3	-	-	-	-	both_fail
examples/graphics/lib/62_tree_layout.sio	0	3	0	-	-	-	nv2_compile
examples/graphics/lib/13_bar_chart.sio	0	3	0	-	-	-	nv2_compile
examples/graphics/lib/53_streamlines.sio	1	3	-	-	-	-	both_fail
examples/graphics/lib/15_heatmap.sio	0	3	0	-	-	-	nv2_compile
examples/graphics/lib/30_input.sio	1	3	-	-	-	-	both_fail
examples/graphics/lib/40_animation.sio	1	3	-	-	-	-	both_fail
examples/graphics/lib/21_wireframe.sio	1	3	-	-	-	-	both_fail
examples/graphics/lib/03_text.sio	0	3	0	-	-	-	nv2_compile
examples/graphics/lib/23_scatter3d.sio	1	3	-	-	-	-	both_fail
examples/graphics/lib/42_fluid_sim.sio	1	3	-	-	-	-	both_fail
examples/graphics/lib/14_histogram.sio	1	3	-	-	-	-	both_fail
examples/graphics/lib/31_interactive_plot.sio	1	3	-	-	-	-	both_fail
examples/graphics/lib/61_force_directed.sio	0	3	139	-	-	-	nv2_compile
examples/graphics/lib/52_poincare.sio	1	3	-	-	-	-	both_fail
examples/graphics/lib/50_phase_diagram.sio	1	3	-	-	-	-	both_fail
examples/graphics/lib/20_projection.sio	1	3	-	-	-	-	both_fail
examples/graphics/lib/41_particle_system.sio	1	3	-	-	-	-	both_fail
examples/graphics/lib/test_ansi.sio	1	0	-	0	-	-	a_only
examples/graphics/lib/00_canvas.sio	1	3	-	-	-	-	both_fail
examples/graphics/lib/02_drawing.sio	0	3	0	-	-	-	nv2_compile
examples/graphics/lib/63_graph_render.sio	1	3	-	-	-	-	both_fail
examples/graphics/lib/12_line_plot.sio	1	3	-	-	-	-	both_fail
examples/graphics/lib/60_graph.sio	0	3	0	-	-	-	nv2_compile
examples/graphics/lib/11_scatter.sio	1	3	-	-	-	-	both_fail
examples/graphics/demos/phase2_showcase.sio	1	3	-	-	-	-	both_fail
examples/graphics/demos/phase6_showcase.sio	1	3	-	-	-	-	both_fail
examples/graphics/demos/phase7_showcase.sio	1	3	-	-	-	-	both_fail
examples/graphics/demos/phase5_showcase.sio	1	3	-	-	-	-	both_fail
examples/graphics/demos/phase1_showcase.sio	1	3	-	-	-	-	both_fail
examples/graphics/demos/phase4_showcase.sio	1	3	-	-	-	-	both_fail
examples/graphics/demos/phase3_showcase.sio	1	3	-	-	-	-	both_fail
examples/closure_lean_test.sio	0	3	6	-	-	-	nv2_compile
examples/hello.sio	0	0	0	0	1	1	ok
examples/listops_fullbp_3way.sio	0	3	0	-	-	-	nv2_compile
examples/sedenion_hessian_brain_demo.sio	1	3	-	-	-	-	both_fail
examples/test_autodiff_transcendental.sio	1	3	-	-	-	-	both_fail
examples/genomics_fairness_demo.sio	0	3	0	-	-	-	nv2_compile
examples/test_i64_bug_fix.sio	0	3	42	-	-	-	nv2_compile
examples/monte_carlo/main.sio	1	3	-	-	-	-	both_fail
examples/scientific_computing_demo.sio	1	3	-	-	-	-	both_fail
examples/qnn_demo_simple.sio	1	3	-	-	-	-	both_fail
examples/sedenion_ssm_stacked_2layer.sio	0	3	0	-	-	-	nv2_compile
examples/graph/entropy_demo.sio	1	3	-	-	-	-	both_fail
examples/graph/coherence_demo.sio	0	3	139	-	-	-	nv2_compile
examples/graph/multi_module_demo.sio	0	3	139	-	-	-	nv2_compile
examples/graph/curvature_demo.sio	0	3	139	-	-	-	nv2_compile
examples/smnist_ossm_benchmark.sio	1	3	-	-	-	-	both_fail
examples/financial_risk_epistemic.sio	0	3	0	-	-	-	nv2_compile
examples/conjecture5_bridge_test.sio	0	3	0	-	-	-	nv2_compile
examples/alpha_geo_zero.sio	1	3	-	-	-	-	both_fail
examples/wave2_neural_ode.sio	1	3	-	-	-	-	both_fail
examples/epistemic_bmi.sio	0	3	0	-	-	-	nv2_compile
examples/causal/uplift_demo.sio	0	3	1	-	-	-	nv2_compile
examples/causal/discovery_demo.sio	0	3	1	-	-	-	nv2_compile
examples/causal/core_demo.sio	0	3	1	-	-	-	nv2_compile
examples/causal/mod_demo.sio	0	0	0	0	1	1	ok
examples/causal/refutation_demo.sio	0	3	124	-	-	-	nv2_compile
examples/cyp450_168_demo.sio	0	3	0	-	-	-	nv2_compile
examples/ossm_longrange_benchmark.sio	0	3	0	-	-	-	nv2_compile
examples/epistemic_lm_backprop.sio	0	3	0	-	-	-	nv2_compile
examples/zd_model_editing_locality.sio	0	3	0	-	-	-	nv2_compile
examples/binary_norm_proof.sio	0	3	0	-	-	-	nv2_compile
examples/ossm_knowledge.sio	0	3	0	-	-	-	nv2_compile
examples/fmri/connectivity_demo.sio	1	3	-	-	-	-	both_fail
examples/fmri/atlas_demo.sio	0	3	1	-	-	-	nv2_compile
examples/fmri/nifti_demo.sio	1	3	-	-	-	-	both_fail
examples/fmri/connectivity_epistemic_demo.sio	1	3	-	-	-	-	both_fail
examples/fmri/pipeline_demo.sio	1	3	-	-	-	-	both_fail
examples/fmri/preprocess_demo.sio	0	3	0	-	-	-	nv2_compile
examples/clinical_trial_epistemic.sio	0	3	0	-	-	-	nv2_compile
examples/seizure_hessian_deep.sio	0	3	0	-	-	-	nv2_compile
examples/test_autodiff_polynomial.sio	1	3	-	-	-	-	both_fail
examples/fidelity_demo.sio	1	3	-	-	-	-	both_fail
examples/copy_task_benchmark.sio	1	3	-	-	-	-	both_fail
examples/paper_validation.sio	1	3	-	-	-	-	both_fail
examples/search/mcts/policy_demo.sio	0	3	0	-	-	-	nv2_compile
examples/search/mcts/examples/uncertainty_demo_demo.sio	0	3	1	-	-	-	nv2_compile
examples/search/mcts/examples/tictactoe_demo.sio	0	3	1	-	-	-	nv2_compile
examples/search/mcts/core_demo.sio	0	3	0	-	-	-	nv2_compile
examples/search/mcts/node_demo.sio	1	3	-	-	-	-	both_fail
examples/algo/graph_demo.sio	1	3	-	-	-	-	both_fail
examples/algo/sorting_demo.sio	1	3	-	-	-	-	both_fail
examples/epistemic_lm.sio	0	3	0	-	-	-	nv2_compile
examples/seizure_preprint.sio	0	3	124	-	-	-	nv2_compile
examples/pbpk_model/main.sio	1	3	-	-	-	-	both_fail
examples/ossm_fullbp_v2.sio	0	3	0	-	-	-	nv2_compile
examples/reverse_copy_benchmark.sio	1	3	-	-	-	-	both_fail
examples/octonion_magic_square.sio	0	3	0	-	-	-	nv2_compile
examples/adding_problem_benchmark.sio	1	3	-	-	-	-	both_fail
examples/hsi_tissue_classification.sio	0	3	139	-	-	-	nv2_compile
examples/imo_benchmark_eval.sio	1	3	-	-	-	-	both_fail
examples/test_zstd.sio	1	3	-	-	-	-	both_fail
examples/oct_conjecture_test.sio	0	3	0	-	-	-	nv2_compile
examples/ossm_fullbp_sorting.sio	0	3	0	-	-	-	nv2_compile
examples/sedenion_ssm_seizure_chb11.sio	1	3	-	-	-	-	both_fail
examples/ossm_vs_qssm_fullbp.sio	0	3	0	-	-	-	nv2_compile
examples/test_process.sio	1	3	-	-	-	-	both_fail
examples/qnn_validation.sio	0	3	0	-	-	-	nv2_compile
examples/wave1_uncertainty.sio	1	3	-	-	-	-	both_fail
examples/sedenion_zero_div_hunt.sio	0	3	0	-	-	-	nv2_compile
examples/zd_epistemic_collapse.sio	0	3	0	-	-	-	nv2_compile
examples/onn_rotation_prediction.sio	1	3	-	-	-	-	both_fail
examples/wave3_explainable_nn.sio	1	3	-	-	-	-	both_fail
examples/epistemic_refinements.sio	1	3	-	-	-	-	both_fail
examples/causal_model.sio	0	0	0	0	1	1	ok
examples/sedenion_ssm_seizure_chb01.sio	1	3	-	-	-	-	both_fail
examples/conversational_ossm/o_ssm_conflict.sio	0	3	0	-	-	-	nv2_compile
examples/conversational_ossm/o_ssm_router.sio	1	3	-	-	-	-	both_fail
examples/conversational_ossm/associator_telemetry.sio	1	3	-	-	-	-	both_fail
examples/conversational_ossm/bidirectional_ossm_v0.sio	1	3	-	-	-	-	both_fail
examples/conversational_ossm/agent_cli.sio	0	3	1	-	-	-	nv2_compile
examples/conversational_ossm/o_ssm_memory.sio	1	3	-	-	-	-	both_fail
examples/conversational_ossm/o_ssm_core.sio	1	3	-	-	-	-	both_fail
examples/conversational_ossm/test_syntax.sio	0	3	0	-	-	-	nv2_compile
examples/zd_model_composition.sio	0	3	0	-	-	-	nv2_compile
tests/selfhost-driver-output/expr_sub_50_8.sio	0	0	42	42	1	1	ok
tests/selfhost-driver-output/expr_mod_85_43.sio	0	3	42	-	-	-	nv2_compile
tests/selfhost-driver-output/ret_42.sio	0	0	42	42	1	1	ok
tests/selfhost-driver-output/let_x_plus_2.sio	0	0	42	42	1	1	ok
tests/selfhost-driver-output/if_lt_1_2_42_0.sio	0	0	42	42	1	1	ok
tests/selfhost-driver-output/if_ne_1_2_42_0.sio	0	0	42	42	1	1	ok
tests/selfhost-driver-output/two_prints.sio	0	0	0	0	1	1	ok
tests/selfhost-driver-output/let_first_second_plus_32.sio	0	0	42	42	1	1	ok
tests/selfhost-driver-output/expr_add_7_35.sio	0	0	42	42	1	1	ok
tests/selfhost-driver-output/let_x_42.sio	0	0	42	42	1	1	ok
tests/selfhost-driver-output/println_hi.sio	0	3	0	-	-	-	nv2_compile
tests/selfhost-driver-output/expr_mul_6_7.sio	0	0	42	42	1	1	ok
tests/selfhost-driver-output/if_eq_2_2_42_0.sio	0	0	42	42	1	1	ok
tests/selfhost-driver-output/if_true_41_1.sio	0	0	41	41	1	1	ok
tests/selfhost-driver-output/let_xy_add.sio	0	0	42	42	1	1	ok
tests/selfhost-driver-output/return_x_plus_2.sio	0	0	42	42	1	1	ok
tests/selfhost-driver-output/let_three_bindings_chain.sio	0	0	42	42	1	1	ok
tests/selfhost-driver-output/let_answer_10_plus_32.sio	0	0	42	42	1	1	ok
tests/selfhost-driver-output/if_ge_2_2_42_0.sio	0	0	42	42	1	1	ok
tests/selfhost-driver-output/let_x_10_plus_32.sio	0	0	42	42	1	1	ok
tests/selfhost-driver-output/let_xy_y_is_x_plus_32.sio	0	0	42	42	1	1	ok
tests/selfhost-driver-output/expr_div_84_2.sio	0	0	42	42	1	1	ok
tests/selfhost-driver-output/expr_sub_0_42.sio	0	0	214	214	1	1	ok
tests/selfhost-driver-output/print_boot.sio	0	0	0	0	1	1	ok
tests/native-v2/option_box_global_take_boundary_witness.sio	0	3	0	-	-	-	nv2_compile
tests/native-v2/option_box_large_payload_boundary_witness.sio	0	3	0	-	-	-	nv2_compile
tests/native-v2/string_table_helper_field_assignment_witness.sio	0	3	0	-	-	-	nv2_compile
tests/native-v2/deref_struct_field_copy_witness.sio	0	3	0	-	-	-	nv2_compile
tests/native-v2/large_struct_field_assignment_witness.sio	0	0	0	0	1	1	ok
tests/native-v2/option_box_expr_payload_boundary_witness.sio	0	3	0	-	-	-	nv2_compile
tests/native-v2/aggregate_return_field_copy_witness.sio	0	3	0	-	-	-	nv2_compile
tests/native-v2/imported_string_table_field_assignment_witness.sio	0	3	0	-	-	-	nv2_compile
tests/native-v2/local_struct_option_box_expr_field_witness.sio	0	3	0	-	-	-	nv2_compile
tests/native-v2/box_return_deref_boundary_witness.sio	0	3	0	-	-	-	nv2_compile
tests/native-v2/irfunction_name_field_copy_witness.sio	0	3	0	-	-	-	nv2_compile
tests/native-v2/native_compiler_data_field_assignment_witness.sio	0	3	0	-	-	-	nv2_compile
tests/native-v2/large_value_legalize_boundary_witness.sio	0	3	0	-	-	-	nv2_compile
tests/native-v2/semantic_hardening/struct3_two_params.sio	0	0	0	0	0	1	nv2_run
tests/native-v2/semantic_hardening/struct3_param.sio	0	0	0	0	trim	1	ok
tests/native-v2/semantic_hardening/struct3_return.sio	0	0	0	0	0	1	nv2_run
tests/native-v2/semantic_hardening/struct3_literal.sio	0	0	0	0	0	1	nv2_run
tests/native-v2/f64_ladder/knowledge_f64_struct.sio	0	0	0	0	0	1	nv2_run
tests/native-v2/f64_ladder/knowledge_generic_f64.sio	1	0	-	0	-	-	a_only
tests/native-v2/f64_ladder/f64_literal_print.sio	0	0	0	0	0	1	nv2_run
tests/native-v2/f64_ladder/f64_comparison.sio	0	0	0	0	0	1	nv2_run
tests/native-v2/f64_ladder/f64_arithmetic.sio	0	0	0	0	0	1	nv2_run
tests/native-v2/basic_math_v2_smoke.sio	0	3	0	-	-	-	nv2_compile
tests/native-v2/gum_primitives/sqrt_f64_smoke.sio	0	0	0	0	0	1	nv2_run
tests/native-v2/gum_primitives/gum_addition.sio	0	0	0	0	0	1	nv2_run
tests/native-v2/gum_primitives/gum_multiplication.sio	0	0	0	0	0	1	nv2_run
tests/native-v2/gum_primitives/pbpk_epistemic_gum.sio	0	0	0	0	0	1	nv2_run
tests/native-v2/aarch64_macho_preview_emit.sio	0	3	0	-	-	-	nv2_compile
tests/native-v2/option_box_chain_witness.sio	0	3	0	-	-	-	nv2_compile
tests/native-v2/option_box_match_deref_witness.sio	0	3	0	-	-	-	nv2_compile
tests/native-v2/aggregate_array_field_assignment_witness.sio	0	3	0	-	-	-	nv2_compile
tests/native-v2/local_option_box_expr_assignment_witness.sio	0	3	0	-	-	-	nv2_compile
tests/native-v2/local_struct_offset_option_field_assignment_witness.sio	0	3	0	-	-	-	nv2_compile
tests/native-v2/local_struct_many_option_field_assignment_witness.sio	0	3	0	-	-	-	nv2_compile
tests/native-v2/local_struct_option_field_assignment_witness.sio	0	3	0	-	-	-	nv2_compile
tests/native-v2/local_expr_left_assignment_witness.sio	0	3	0	-	-	-	nv2_compile
tests/native-v2/accel_spine/pbpk_gum_batch_oracle.sio	1	0	-	0	-	-	a_only
tests/native-v2/accel_spine/epistemic_vec_oracle.sio	1	0	-	0	-	-	a_only
tests/native-v2/option_box_ptr_witness.sio	0	3	0	-	-	-	nv2_compile
tests/native-v2/science_spine/monotone_independence.sio	0	0	0	0	0	1	nv2_run
tests/native-v2/science_spine/knowledge_f64_struct.sio	0	0	0	0	trim	1	ok
tests/native-v2/science_spine/q_deform_arithmetic.sio	0	0	0	0	0	1	nv2_run
tests/native-v2/science_spine/octonion_fano_168.sio	0	0	0	0	trim	1	ok
tests/native-v2/science_spine/albert_jordan_product.sio	0	0	0	0	0	1	nv2_run
tests/native-v2/science_spine/fractal_quaternion_julia.sio	0	0	0	0	0	1	nv2_run
tests/native-v2/science_spine/grade_exact_geometric_product.sio	0	0	0	0	0	1	nv2_run
tests/native-v2/science_spine/wasserstein_orc.sio	1	0	-	0	-	-	a_only
tests/native-v2/science_spine/pbpk_two_compartment_fixed.sio	0	0	0	0	0	1	nv2_run
tests/native-v2/science_spine/tropical_epistemic.sio	0	0	0	0	0	1	nv2_run
tests/native-v2/science_spine/knowledge_octonion_variance.sio	0	0	0	0	0	1	nv2_run
tests/native-v2/science_spine/rapamycin_des_gum.sio	0	0	0	0	0	1	nv2_run
tests/native-v2/science_spine/clifford_grade_tracking.sio	0	0	0	0	0	1	nv2_run
tests/native-v2/science_spine/sedenion_zd_static.sio	0	0	0	0	0	1	nv2_run
tests/native-v2/science_spine/associator_gum.sio	0	0	0	0	0	1	nv2_run
tests/native-v2/science_spine/gum_euler_ode.sio	0	0	0	0	0	1	nv2_run
tests/native-v2/science_spine/q_deform_octonion.sio	0	0	0	0	0	1	nv2_run
tests/native-v2/science_spine/boolean_independence.sio	0	0	0	0	0	1	nv2_run
tests/native-v2/science_spine/epistemic_fixed_point.sio	0	0	0	0	0	1	nv2_run
tests/native-v2/science_spine/free_probability_rtr.sio	0	0	0	0	0	1	nv2_run
tests/native-v2/science_spine/gum_iso_budget.sio	0	0	0	0	0	1	nv2_run
tests/native-v2/local_option_assignment_witness.sio	0	3	0	-	-	-	nv2_compile
tests/native-v2/ir_payload_boundary_witness.sio	0	3	0	-	-	-	nv2_compile
tests/native-v2/option_box_fndef_payload_boundary_witness.sio	0	3	0	-	-	-	nv2_compile
tests/native-v2/nested_struct_field_copy_assignment_witness.sio	0	3	0	-	-	-	nv2_compile
tests/native-v2/machine_function_return_boundary_witness.sio	0	3	1	-	-	-	nv2_compile
tests/native/struct_fields.sio	0	0	42	42	1	1	ok
examples/native/fib.sio	0	3	0	-	-	-	nv2_compile
examples/native/struct_basic.sio	0	0	0	0	trim	1	ok
examples/native/struct_param.sio	0	0	0	0	trim	1	ok
examples/native/array_basics.sio	0	0	139	0	0	0	a_bug
examples/native/while_loop.sio	0	0	0	0	0	1	nv2_run
examples/native/enum_match.sio	0	0	0	0	trim	1	ok
examples/native/float_ops.sio	0	0	0	0	1	1	ok
examples/native/float_arith.sio	0	0	0	0	1	1	ok
examples/native/nested_field.sio	0	0	0	0	trim	1	ok
examples/native/fibonacci.sio	0	3	0	-	-	-	nv2_compile
examples/native/logical_ops.sio	0	0	0	0	trim	1	ok
examples/native/mutvar.sio	0	0	0	0	trim	1	ok
examples/native/hello.sio	0	0	0	0	trim	1	ok
examples/native/struct_return.sio	0	0	0	0	trim	1	ok
examples/native/struct_mutation.sio	0	0	0	0	trim	1	ok
